Date,AAPL,GLD,JPM,MSFT
2021-01-04,125.63252258300781,182.3300018310547,109.00052642822266,207.5653839111328
2021-01-05,127.18578338623047,182.8699951171875,109.59363555908203,207.76560974121094
2021-01-06,122.90452575683594,179.89999389648438,114.73968505859375,202.37838745117188
2021-01-07,127.09838104248047,179.47999572753906,118.50767517089844,208.1374969482422
2021-01-08,128.1954345703125,173.33999633789062,118.63848876953125,209.40557861328125
2021-01-11,125.2150650024414,173.0,120.40909576416016,207.3747100830078
2021-01-12,125.0403060913086,174.1199951171875,122.30175018310547,204.93374633789062
2021-01-13,127.06930541992188,173.3699951171875,122.41517639160156,206.27813720703125
2021-01-14,125.14708709716797,173.27999877929688,123.13036346435547,203.1125946044922
2021-01-15,123.42875671386719,171.1300048828125,120.9236831665039,202.759765625
2021-01-19,124.0986099243164,172.5800018310547,120.40037536621094,206.37350463867188
2021-01-20,128.17599487304688,175.38999938964844,118.59486389160156,213.9061279296875
2021-01-21,132.87474060058594,175.27999877929688,117.60052490234375,214.50680541992188
2021-01-22,135.0105438232422,173.89999389648438,116.69343566894531,215.4412078857422
2021-01-25,138.74815368652344,174.0500030517578,115.23683166503906,218.854736328125
2021-01-26,138.98117065429688,173.6199951171875,114.76586151123047,221.5244903564453
2021-01-27,137.9132537841797,172.52000427246094,111.52122497558594,222.0679931640625
2021-01-28,133.08827209472656,172.67999267578125,113.48373413085938,227.81748962402344
2021-01-29,128.1080322265625,172.61000061035156,112.22772979736328,221.17166137695312
2021-02-01,130.22442626953125,174.22999572753906,113.05631256103516,228.50404357910156
2021-02-02,131.0496063232422,172.11000061035156,116.53646850585938,228.3705596923828
2021-02-03,130.03028869628906,171.85000610351562,117.87093353271484,231.6981964111328
2021-02-04,133.37960815429688,168.14999389648438,120.58350372314453,230.75425720214844
2021-02-05,132.9663543701172,169.80999755859375,120.34803771972656,230.93540954589844
2021-02-08,133.1121826171875,171.52000427246094,122.23200988769531,231.19287109375
2021-02-09,132.23715209960938,172.0800018310547,121.74356079101562,232.4324493408203
2021-02-10,131.63433837890625,172.7100067138672,121.81334686279297,231.526611328125
2021-02-11,131.38157653808594,171.2100067138672,121.47320556640625,233.118896484375
2021-02-12,131.61489868164062,170.69000244140625,123.2001724243164,233.5956573486328
2021-02-16,129.495361328125,168.24000549316406,126.16567993164062,232.3656768798828
2021-02-17,127.21055603027344,166.3300018310547,126.55813598632812,233.37869262695312
2021-02-18,126.1119155883789,166.32000732421875,126.98558807373047,232.98681640625
2021-02-19,126.26746368408203,167.00999450683594,129.10504150390625,230.29180908203125
2021-02-22,122.50481414794922,169.50999450683594,130.3174285888672,224.11810302734375
2021-02-23,122.36869049072266,169.1199951171875,131.3640899658203,222.93304443359375
2021-02-24,121.87285614013672,169.0,133.6754150390625,224.1563262939453
2021-02-25,117.63379669189453,165.82000732421875,131.86123657226562,218.84271240234375
2021-02-26,117.89630126953125,161.80999755859375,128.36370849609375,222.08251953125
2021-03-01,124.24517059326172,161.52999877929688,131.2681427001953,226.44039916992188
2021-03-02,121.64924621582031,162.41000366210938,130.84075927734375,223.50643920898438
2021-03-03,118.6740951538086,160.6199951171875,133.37017822265625,217.47605895996094
2021-03-04,116.7976303100586,159.0399932861328,131.32044982910156,216.68284606933594
2021-03-05,118.05187225341797,159.13999938964844,131.625732421875,221.33705139160156
2021-03-08,113.1322250366211,157.49000549316406,133.37017822265625,217.31358337402344
2021-03-09,117.73101043701172,160.83999633789062,132.42819213867188,223.42039489746094
2021-03-10,116.65182495117188,161.66000366210938,135.30648803710938,222.12071228027344
2021-03-11,118.57688903808594,161.52000427246094,134.59999084472656,226.6219940185547
2021-03-12,117.67268371582031,161.49000549316406,136.19613647460938,225.30316162109375
2021-03-15,120.55057525634766,162.1999969482422,135.5158233642578,224.40481567382812
2021-03-16,122.08674621582031,162.35000610351562,133.89352416992188,227.17628479003906
2021-03-17,121.2991943359375,163.50999450683594,135.2715301513672,226.5359344482422
2021-03-18,117.18656921386719,162.55999755859375,137.5044403076172,220.49609375
2021-03-19,116.66152954101562,163.24000549316406,135.31521606445312,220.14244079589844
2021-03-22,119.96722412109375,163.0,131.6781005859375,225.5325164794922
2021-03-23,119.14080810546875,161.80999755859375,130.3610382080078,227.0520477294922
2021-03-24,116.7587661743164,162.3699951171875,131.372802734375,225.0260009765625
2021-03-25,117.24490356445312,161.77999877929688,133.05618286132812,222.0442352294922
2021-03-26,117.84770202636719,162.24000549316406,135.2715301513672,226.00076293945312
2021-03-29,118.02268981933594,160.30999755859375,133.16957092285156,224.8157196044922
2021-03-30,116.57403564453125,157.57000732421875,134.73953247070312,221.57594299316406
2021-03-31,118.7616195678711,159.9600067138672,132.7770538330078,225.3222198486328
2021-04-01,119.58804321289062,161.97999572753906,134.06793212890625,231.61070251464844
2021-04-05,122.4075698852539,161.9199981689453,134.77859497070312,238.03289794921875
2021-04-06,122.70901489257812,163.22000122070312,133.83102416992188,236.87655639648438
2021-04-07,124.35211944580078,162.75999450683594,135.9279022216797,238.8261260986328
2021-04-08,126.74386596679688,164.50999450683594,136.09461975097656,242.02764892578125
2021-04-09,129.3106689453125,163.27000427246094,137.11231994628906,244.51243591308594
2021-04-12,127.59947204589844,162.27999877929688,136.82284545898438,244.56979370117188
2021-04-13,130.7009735107422,163.42999267578125,135.19094848632812,247.0354461669922
2021-04-14,128.36753845214844,162.72000122070312,132.66415405273438,244.2639617919922
2021-04-15,130.76907348632812,165.35000610351562,133.50643920898438,248.00071716308594
2021-04-16,130.4384765625,166.35000610351562,134.4978790283203,249.185791015625
2021-04-19,131.09959411621094,165.88999938964844,133.92758178710938,247.27435302734375
2021-04-20,129.4176025390625,166.47999572753906,130.9620819091797,246.8156280517578
2021-04-21,129.79676818847656,168.1300048828125,132.07632446289062,249.03280639648438
2021-04-22,128.280029296875,167.0399932861328,129.29513549804688,245.7739715576172
2021-04-23,130.5940399169922,166.39999389648438,131.76930236816406,249.57757568359375
2021-04-26,130.98294067382812,166.83999633789062,132.09388732910156,249.9598846435547
2021-04-27,130.66209411621094,166.4199981689453,132.69931030273438,250.36123657226562
2021-04-28,129.87454223632812,166.91000366210938,133.55908203125,243.27963256835938
2021-04-29,129.7772979736328,166.22000122070312,136.15602111816406,241.3204803466797
2021-04-30,127.81336975097656,165.66000366210938,134.94529724121094,241.0050811767578
2021-05-03,128.8634033203125,167.80999755859375,134.55050659179688,240.69924926757812
2021-05-04,124.30350494384766,166.5800018310547,136.41046142578125,236.8096160888672
2021-05-05,124.54656982421875,167.27000427246094,138.20030212402344,235.548095703125
2021-05-06,126.14108276367188,170.05999755859375,140.98146057128906,238.6636505126953
2021-05-07,126.8130874633789,171.58999633789062,141.46405029296875,241.27267456054688
2021-05-10,123.54071044921875,172.11000061035156,141.44647216796875,236.22665405273438
2021-05-11,122.62525177001953,172.13999938964844,139.09515380859375,235.31871032714844
2021-05-12,119.56715393066406,170.42999267578125,138.1388397216797,228.4091339111328
2021-05-13,121.70976257324219,171.1300048828125,141.69212341308594,232.2605438232422
2021-05-14,124.12507629394531,172.69000244140625,143.894287109375,237.1536407470703
2021-05-17,122.97586059570312,174.6999969482422,144.47328186035156,234.3152618408203
2021-05-18,121.5928955078125,175.0399932861328,142.4378662109375,232.30833435058594
2021-05-19,121.43708801269531,175.16000366210938,141.3499755859375,232.883056640625
2021-05-20,123.98873901367188,175.9600067138672,141.1042938232422,236.10157775878906
2021-05-21,122.15777587890625,176.0399932861328,142.7098846435547,234.8467254638672
2021-05-24,123.78421783447266,176.35000610351562,143.48191833496094,240.2205047607422
2021-05-25,123.58941650390625,177.9499969482422,141.9992218017578,241.12094116210938
2021-05-26,123.54071044921875,177.63999938964844,141.9816436767578,240.90060424804688
2021-05-27,122.01170349121094,177.7100067138672,144.19253540039062,238.8124237060547
2021-05-28,121.35916900634766,178.3800048828125,144.0960693359375,239.16685485839844
2021-06-01,121.03778839111328,177.89999389648438,145.68402099609375,236.98281860351562
2021-06-02,121.79743194580078,178.77000427246094,145.6928253173828,236.88706970214844
2021-06-03,120.31710052490234,175.27000427246094,145.78936767578125,235.364013671875
2021-06-04,122.60578918457031,177.16000366210938,146.02626037597656,240.23008728027344
2021-06-07,122.6155014038086,177.8699951171875,145.3419189453125,243.1229248046875
2021-06-08,123.43359375,177.32000732421875,144.7628173828125,241.93516540527344
2021-06-09,123.81343078613281,176.97999572753906,142.95550537109375,242.91221618652344
2021-06-10,122.82005310058594,177.74000549316406,140.7270050048828,246.40853881835938
2021-06-11,124.0276870727539,175.74000549316406,140.63050842285156,247.03115844726562
2021-06-14,127.07601928710938,174.7100067138672,138.244140625,248.9469451904297
2021-06-15,126.2579574584961,174.0500030517578,136.1472625732422,247.4813232421875
2021-06-16,126.75463104248047,171.11000061035156,137.1035614013672,246.5426025390625
2021-06-17,128.35183715820312,165.85000610351562,133.14674377441406,249.91436767578125
2021-06-18,127.05656433105469,164.92999267578125,129.77769470214844,248.50636291503906
2021-06-21,128.84857177734375,166.9499969482422,131.9798126220703,251.57156372070312
2021-06-22,130.48471069335938,166.25,131.78684997558594,254.33033752441406
2021-06-23,130.2120361328125,166.13999938964844,132.5852508544922,254.10040283203125
2021-06-24,129.92962646484375,166.0399932861328,133.8047332763672,255.46058654785156
2021-06-25,129.637451171875,166.58999633789062,135.1558837890625,253.86093139648438
2021-06-28,131.2638397216797,166.5800018310547,135.4015350341797,257.4050598144531
2021-06-29,132.77342224121094,164.8300018310547,135.23480224609375,259.9722900390625
2021-06-30,133.386962890625,165.6300048828125,136.46307373046875,259.4933776855469
2021-07-01,133.68890380859375,166.1999969482422,137.81423950195312,260.16387939453125
2021-07-02,136.3087158203125,167.2899932861328,137.681884765625,265.9591064453125
2021-07-06,138.3149871826172,168.1199951171875,135.36997985839844,265.9687194824219
2021-07-07,140.7984619140625,168.75999450683594,135.52877807617188,268.1431884765625
2021-07-08,139.503173828125,168.64999389648438,133.19041442871094,265.73876953125
2021-07-09,141.32440185546875,169.2100067138672,137.45240783691406,266.2369079589844
2021-07-12,140.7302703857422,169.0,139.42019653320312,265.6429748535156
2021-07-13,141.84056091308594,169.22000122070312,137.34657287597656,269.1489562988281
2021-07-14,145.25897216796875,171.0399932861328,136.8788604736328,270.6144714355469
2021-07-15,144.6064453125,171.07000732421875,137.1789093017578,269.19683837890625
2021-07-16,142.57098388671875,169.41000366210938,134.0463409423828,268.9285583496094
2021-07-19,138.7337188720703,169.61000061035156,129.68727111816406,265.3460693359375
2021-07-20,142.3372344970703,169.38999938964844,132.10507202148438,267.5588073730469
2021-07-21,141.6067657470703,168.75999450683594,134.88465881347656,269.55126953125
2021-07-22,142.9702606201172,169.08999633789062,133.1815643310547,274.09173583984375
2021-07-23,144.68434143066406,168.55999755859375,132.9257049560547,277.4729919433594
2021-07-26,145.10317993164062,168.16000366210938,133.8169403076172,276.879150390625
2021-07-27,142.94107055664062,168.44000244140625,133.64044189453125,274.4747619628906
2021-07-28,141.19775390625,169.2899932861328,133.86105346679688,274.1682434082031
2021-07-29,141.84056091308594,171.1699981689453,135.0081787109375,274.4365539550781
2021-07-30,142.05479431152344,169.82000732421875,133.931640625,272.91339111328125
2021-08-02,141.72366333007812,169.61000061035156,133.3933563232422,272.8271789550781
2021-08-03,143.51568603515625,169.49000549316406,134.91111755371094,275.03033447265625
2021-08-04,143.11636352539062,169.52999877929688,133.45510864257812,274.446044921875
2021-08-05,143.2234649658203,168.86000061035156,135.14053344726562,277.3293151855469
2021-08-06,142.54075622558594,164.63999938964844,138.97903442382812,277.2718200683594
2021-08-09,142.49197387695312,161.72000122070312,138.8289794921875,276.18939208984375
2021-08-10,142.0140380859375,161.77000427246094,140.53204345703125,274.3789978027344
2021-08-11,142.26763916015625,164.0,142.2086181640625,274.8675842285156
2021-08-12,145.22300720214844,164.0399932861328,142.76451110839844,277.60711669921875
2021-08-13,145.4278564453125,166.38999938964844,141.16737365722656,280.5190734863281
2021-08-16,147.39813232421875,167.22000122070312,140.2408447265625,282.1954040527344
2021-08-17,146.49102783203125,166.97000122070312,138.54661560058594,280.73931884765625
2021-08-18,142.75531005859375,167.10000610351562,137.2847900390625,279.0215148925781
2021-08-19,143.08689880371094,166.61000061035156,136.1376495361328,284.8182373046875
2021-08-20,144.5402374267578,166.6999969482422,136.5259246826172,292.1025390625
2021-08-23,146.0227813720703,168.72999572753906,138.2730712890625,292.38092041015625
2021-08-24,145.9350128173828,168.64999389648438,139.12904357910156,290.4326477050781
2021-08-25,144.7060546875,167.47999572753906,141.996826171875,289.8472595214844
2021-08-26,143.90625,167.6699981689453,142.72921752929688,287.0448303222656
2021-08-27,144.94017028808594,170.19000244140625,143.8763427734375,287.6495056152344
2021-08-30,149.34881591796875,169.35000610351562,141.5732879638672,291.3636169433594
2021-08-31,148.09059143066406,169.69000244140625,141.14089965820312,289.7225036621094
2021-09-01,148.75387573242188,169.6999969482422,140.9379425048828,289.67449951171875
2021-09-02,149.86578369140625,169.25,141.59092712402344,289.0218811035156
2021-09-03,150.49978637695312,171.05999755859375,140.73495483398438,289.0122375488281
2021-09-07,152.8308868408203,167.7100067138672,140.48789978027344,288.0909118652344
2021-09-08,151.289794921875,167.2899932861328,139.86143493652344,288.1197509765625
2021-09-09,150.27542114257812,168.02999877929688,140.47027587890625,285.2789001464844
2021-09-10,145.301025390625,167.17999267578125,138.85549926757812,283.8009948730469
2021-09-13,145.86680603027344,167.74000549316406,141.0614471435547,285.0294189453125
2021-09-14,144.4719696044922,168.82000732421875,138.59957885742188,287.7166748046875
2021-09-15,145.3595733642578,167.8300018310547,139.56138610839844,292.5440673828125
2021-09-16,145.12545776367188,164.02999877929688,139.49961853027344,292.9279479980469
2021-09-17,142.4627227783203,163.77000427246094,139.13783264160156,287.79345703125
2021-09-20,139.41957092285156,164.94000244140625,134.972900390625,282.44769287109375
2021-09-21,139.89749145507812,166.0399932861328,134.9905242919922,282.9276123046875
2021-09-22,142.25787353515625,165.4199981689453,137.5760040283203,286.5553283691406
2021-09-23,143.21372985839844,163.50999450683594,142.2262725830078,287.4958801269531
2021-09-24,143.30154418945312,163.3000030517578,143.86753845214844,287.29443359375
2021-09-27,141.7897186279297,163.63999938964844,147.34422302246094,282.32293701171875
2021-09-28,138.4149169921875,162.0500030517578,146.55003356933594,272.1019592285156
2021-09-29,139.31227111816406,161.32000732421875,146.43533325195312,272.56256103515625
2021-09-30,138.0150146484375,164.22000122070312,144.44110107421875,270.56634521484375
2021-10-01,139.1366729736328,164.58999633789062,147.47657775878906,277.45721435546875
2021-10-04,135.71315002441406,165.36000061035156,147.31776428222656,271.7083435058594
2021-10-05,137.63462829589844,164.58999633789062,149.7234649658203,277.1308288574219
2021-10-06,138.50270080566406,165.02999877929688,150.0430450439453,281.3056640625
2021-10-07,139.7609405517578,164.16000366210938,150.99293518066406,282.9755859375
2021-10-08,139.38050842285156,164.22999572753906,151.10833740234375,282.9755859375
2021-10-11,139.292724609375,163.9199981689453,147.93026733398438,282.3805236816406
2021-10-12,138.02474975585938,164.66000366210938,146.79397583007812,281.0849304199219
2021-10-13,137.4395751953125,167.58999633789062,142.92352294921875,284.37677001953125
2021-10-14,140.2193603515625,168.0,145.11618041992188,290.5574645996094
2021-10-15,141.2727508544922,165.3300018310547,147.90365600585938,291.9586181640625
2021-10-18,142.940673828125,164.9199981689453,147.85037231445312,294.91461181640625
2021-10-19,145.09619140625,165.4499969482422,149.64358520507812,295.81671142578125
2021-10-20,145.5838623046875,166.89999389648438,151.65869140625,295.02972412109375
2021-10-21,145.79847717285156,166.75,150.46914672851562,298.2448425292969
2021-10-22,145.0279083251953,167.77000427246094,152.49314880371094,296.7093200683594
2021-10-25,144.9791717529297,168.92999267578125,151.7474822998047,295.7208251953125
2021-10-26,145.64244079589844,167.67999267578125,152.15585327148438,297.62103271484375
2021-10-27,145.1840057373047,168.1199951171875,148.9866943359375,310.1551208496094
2021-10-28,148.8123779296875,168.0800018310547,151.23263549804688,311.28759765625
2021-10-29,146.110595703125,166.64999389648438,150.8153533935547,318.2648010253906
2021-11-01,145.29129028320312,167.52000427246094,150.7354736328125,316.1053161621094
2021-11-02,146.32518005371094,167.16000366210938,151.3302459716797,319.7139587402344
2021-11-03,147.75900268554688,165.77000427246094,151.38357543945312,320.5489501953125
2021-11-04,147.24203491210938,167.64999389648438,149.39501953125,322.8906555175781
2021-11-05,147.76951599121094,169.83999633789062,149.1819610595703,322.5259094238281
2021-11-08,146.94900512695312,170.4499969482422,150.07855224609375,323.4184875488281
2021-11-09,147.31039428710938,171.2899932861328,148.94224548339844,322.4203796386719
2021-11-10,144.4874725341797,173.14999389648438,148.80023193359375,317.4777526855469
2021-11-11,144.43861389160156,174.1199951171875,148.79136657714844,319.04217529296875
2021-11-12,146.50942993164062,174.4499969482422,148.1255645751953,323.1593933105469
2021-11-15,146.5192108154297,174.17999267578125,147.8592071533203,322.5355529785156
2021-11-16,147.49600219726562,172.9199981689453,146.79397583007812,325.83697509765625
2021-11-17,149.92823791503906,174.5,146.00393676757812,326.05816650390625
2021-11-18,154.2065887451172,173.94000244140625,144.74331665039062,328.12530517578125
2021-11-19,156.8243865966797,172.61000061035156,142.8524932861328,329.89434814453125
2021-11-22,157.283447265625,168.74000549316406,145.89736938476562,326.74078369140625
2021-11-23,157.6644287109375,167.27999877929688,149.38613891601562,324.6736145019531
2021-11-24,158.18212890625,167.1199951171875,148.21432495117188,324.8947448730469
2021-11-26,153.17115783691406,166.85000610351562,143.74905395507812,316.9817199707031
2021-11-29,156.52157592773438,166.6199951171875,143.127685546875,323.6640930175781
2021-11-30,161.46417236328125,165.5,140.99717712402344,317.8565979003906
2021-12-01,160.9464111328125,166.16000366210938,140.16268920898438,317.36627197265625
2021-12-02,159.9598846435547,165.24000549316406,143.10989379882812,316.7989807128906
2021-12-03,158.08445739746094,166.6300048828125,140.5177764892578,310.56866455078125
2021-12-06,161.48370361328125,166.22000122070312,142.1778106689453,313.62615966796875
2021-12-07,167.2077178955078,166.80999755859375,144.31719970703125,322.0198974609375
2021-12-08,171.0172119140625,166.89999389648438,142.66612243652344,322.06793212890625
2021-12-09,170.50926208496094,165.8800048828125,142.44415283203125,320.27001953125
2021-12-10,175.2858123779297,166.5800018310547,141.87599182128906,329.34649658203125
2021-12-13,171.6619110107422,167.0,140.1893310546875,326.32733154296875
2021-12-14,170.2846221923828,165.44000244140625,141.26344299316406,315.6933288574219
2021-12-15,175.13929748535156,166.14999389648438,140.2070770263672,321.7603454589844
2021-12-16,168.26263427734375,168.16000366210938,142.3997344970703,312.3858642578125
2021-12-17,167.1686248779297,167.8000030517578,139.1595916748047,311.3282165527344
2021-12-20,165.81088256835938,167.08999633789062,136.6561737060547,307.588134765625
2021-12-21,168.9757080078125,167.02000427246094,138.5647735595703,314.6837463378906
2021-12-22,171.564208984375,168.58999633789062,139.1063232421875,320.3660888671875
2021-12-23,172.1893310546875,168.97000122070312,139.60340881347656,321.79876708984375
2021-12-27,176.14535522460938,169.3699951171875,140.40235900878906,329.2599182128906
2021-12-28,175.1295166015625,168.63999938964844,140.82850646972656,328.1060791015625
2021-12-29,175.2174072265625,168.58999633789062,140.75746154785156,328.77911376953125
2021-12-30,174.06480407714844,169.8000030517578,140.6864471435547,326.25042724609375
2021-12-31,173.44943237304688,170.9600067138672,140.571044921875,323.365966796875
2022-01-03,177.786376953125,168.3300018310547,143.54489135742188,321.8564453125
2022-01-04,175.5299835205078,169.57000732421875,148.9866943359375,316.3375549316406
2022-01-05,170.8609161376953,169.05999755859375,146.2628631591797,304.19403076171875
2022-01-06,168.00868225097656,166.99000549316406,147.81678771972656,301.790283203125
2022-01-07,168.1747589111328,167.75,149.2813720703125,301.9441223144531
2022-01-10,168.19427490234375,168.25999450683594,149.42428588867188,302.1653137207031
2022-01-11,171.0172119140625,170.2899932861328,149.57608032226562,302.84796142578125
2022-01-12,171.45677185058594,170.74000549316406,150.42449951171875,306.01123046875
2022-01-13,168.19427490234375,170.16000366210938,150.2369384765625,293.06005859375
2022-01-14,169.05386352539062,169.6699981689453,141.00282287597656,298.2520446777344
2022-01-18,165.8597412109375,169.38999938964844,135.09091186523438,290.9928894042969
2022-01-19,162.37258911132812,172.0800018310547,133.0011749267578,291.6466979980469
2022-01-20,160.6924591064453,171.64999389648438,131.86700439453125,289.9833679199219
2022-01-21,158.64122009277344,171.08999633789062,129.5629425048828,284.6278991699219
2022-01-24,157.86956787109375,172.02999877929688,129.4468231201172,284.9547424316406
2022-01-25,156.072265625,172.5800018310547,130.8578338623047,277.3782653808594
2022-01-26,155.98435974121094,169.7899932861328,132.09918212890625,285.2816162109375
2022-01-27,155.52523803710938,167.60000610351562,129.76834106445312,288.2911071777344
2022-01-28,166.37744140625,167.10000610351562,130.92930603027344,296.3868103027344
2022-01-31,170.72418212890625,168.08999633789062,132.70648193359375,299.00201416015625
2022-02-01,170.55813598632812,168.22999572753906,134.9837188720703,296.8675842285156
2022-02-02,171.75955200195312,168.83999633789062,133.90316772460938,301.38653564453125
2022-02-03,168.88780212402344,168.60000610351562,132.79576110839844,289.64678955078125
2022-02-04,168.60415649414062,168.86000061035156,136.24288940429688,294.1562194824219
2022-02-07,167.89019775390625,170.11000061035156,136.6984100341797,289.3583679199219
2022-02-08,170.9906005859375,170.6300048828125,139.2703094482422,292.82928466796875
2022-02-09,172.40872192382812,171.2100067138672,139.85084533691406,299.2232360839844
2022-02-10,168.340087890625,170.55999755859375,139.2703094482422,290.7333068847656
2022-02-11,164.93650817871094,173.80999755859375,137.45745849609375,283.67596435546875
2022-02-14,165.1712646484375,174.74000549316406,136.180419921875,283.637451171875
2022-02-15,168.995361328125,173.0800018310547,138.17190551757812,288.8968811035156
2022-02-16,168.76065063476562,174.86000061035156,138.42193603515625,288.5596008300781
2022-02-17,165.1712646484375,177.25,135.2337646484375,280.1100158691406
2022-02-18,163.62594604492188,177.1199951171875,135.86782836914062,277.4123229980469
2022-02-22,160.71136474609375,177.49000549316406,135.626708984375,277.2099609375
2022-02-23,156.55471801757812,178.2899932861328,132.78684997558594,270.031982421875
2022-02-24,159.1660919189453,177.13999938964844,129.0896453857422,283.8289794921875
2022-02-25,161.22976684570312,176.5500030517578,132.1438446044922,286.4496765136719
2022-02-28,161.49383544921875,178.3800048828125,126.63375854492188,287.8755798339844
2022-03-01,159.615966796875,181.6199951171875,121.85594940185547,284.1759033203125
2022-03-02,162.9022216796875,179.72999572753906,124.3832778930664,289.2244567871094
2022-03-03,162.57945251464844,180.8000030517578,123.49916076660156,285.11029052734375
2022-03-04,159.586669921875,183.67999267578125,120.02523040771484,279.271728515625
2022-03-07,155.8016357421875,186.41000366210938,115.39032745361328,268.72174072265625
2022-03-08,153.98248291015625,191.50999450683594,114.57765197753906,265.7735595703125
2022-03-09,159.37147521972656,185.82000732421875,119.16790771484375,277.9615173339844
2022-03-10,155.03875732421875,186.39999389648438,117.75691223144531,275.1577453613281
2022-03-11,151.3319854736328,185.08999633789062,115.10455322265625,269.83935546875
2022-03-14,147.31222534179688,182.3000030517578,116.2476577758789,266.3420104980469
2022-03-15,151.68408203125,178.88999938964844,118.31057739257812,276.6607666015625
2022-03-16,156.08529663085938,180.00999450683594,123.59735870361328,283.6363220214844
2022-03-17,157.0926513671875,180.88999938964844,125.16019439697266,284.4360046386719
2022-03-18,160.37884521484375,179.3000030517578,125.11560821533203,289.45562744140625
2022-03-21,161.74813842773438,180.6699981689453,124.71368408203125,288.23199462890625
2022-03-22,165.11257934570312,179.36000061035156,127.36602783203125,292.95306396484375
2022-03-23,166.47203063964844,181.80999755859375,124.82978820800781,288.5499572753906
2022-03-24,170.24728393554688,183.1300048828125,125.64246368408203,292.9916076660156
2022-03-25,170.88302612304688,182.3800048828125,126.74092864990234,292.58697509765625
2022-03-28,171.7436981201172,179.05999755859375,125.80321502685547,299.35052490234375
2022-03-29,175.0299072265625,179.13999938964844,126.080078125,303.8885192871094
2022-03-30,173.86599731445312,180.5800018310547,125.50849914550781,302.39501953125
2022-03-31,170.7754364013672,180.64999389648438,121.73986053466797,297.0478210449219
2022-04-01,170.4820098876953,179.5,120.837890625,298.11724853515625
2022-04-04,174.5212860107422,180.3699951171875,121.37371826171875,303.4644775390625
2022-04-05,171.21554565429688,179.24000549316406,119.96123504638672,299.5238952636719
2022-04-06,168.0564422607422,179.66000366210938,118.296875,288.5596008300781
2022-04-07,168.3596649169922,180.33999633789062,117.93701171875,290.3612976074219
2022-04-08,166.35467529296875,181.47000122070312,120.09618377685547,286.1219787597656
2022-04-11,162.11000061035156,182.3699951171875,119.65536499023438,274.8398132324219
2022-04-12,163.97802734375,183.77000427246094,118.34186553955078,271.7566833496094
2022-04-13,166.65786743164062,184.64999389648438,114.52726745605469,277.1136169433594
2022-04-14,161.66009521484375,184.0399932861328,113.46568298339844,269.6081237792969
2022-04-18,161.4449005126953,184.61000061035156,115.57089233398438,270.2729187011719
2022-04-19,163.72378540039062,181.82000732421875,117.96398162841797,274.8782653808594
2022-04-20,163.5574951171875,182.7100067138672,118.37782287597656,275.8995666503906
2022-04-21,162.76528930664062,182.05999755859375,117.46019744873047,270.5522766113281
2022-04-22,158.23696899414062,180.2899932861328,114.08644104003906,264.02001953125
2022-04-25,159.30300903320312,177.0500030517578,114.05045318603516,270.46563720703125
2022-04-26,153.35650634765625,177.32000732421875,110.67671203613281,260.34918212890625
2022-04-27,153.13162231445312,175.97999572753906,109.23725128173828,272.8742980957031
2022-04-28,160.04632568359375,176.92999267578125,110.964599609375,279.0501708984375
2022-04-29,154.1878662109375,176.91000366210938,107.38394927978516,267.38250732421875
2022-05-02,154.49105834960938,173.6300048828125,108.36458587646484,274.07867431640625
2022-05-03,155.97769165039062,174.08999633789062,110.68570709228516,271.4869384765625
2022-05-04,162.37408447265625,175.8000030517578,114.34733581542969,279.38739013671875
2022-05-05,153.32723999023438,175.1300048828125,111.4864273071289,267.21875
2022-05-06,154.05198669433594,175.4199981689453,111.30648803710938,264.6944580078125
2022-05-09,148.93914794921875,172.8800048828125,109.63311767578125,254.9152069091797
2022-05-10,151.33885192871094,171.4199981689453,106.96110534667969,259.6554870605469
2022-05-11,143.49325561523438,172.82000732421875,106.28634643554688,251.03237915039062
2022-05-12,139.63409423828125,170.1699981689453,106.19638061523438,246.02236938476562
2022-05-13,144.09071350097656,168.7899932861328,107.14102935791016,251.5816650390625
2022-05-16,142.55291748046875,170.39999389648438,106.39430236816406,251.94776916503906
2022-05-17,146.17701721191406,169.3300018310547,109.92098999023438,257.0733642578125
2022-05-18,137.9298553466797,169.4199981689453,108.04069519042969,245.3689422607422
2022-05-19,134.5310821533203,171.91000366210938,106.43929290771484,244.4611358642578
2022-05-20,134.76611328125,172.02999877929688,105.56661987304688,243.90101623535156
2022-05-23,140.17283630371094,172.8300018310547,112.09819030761719,251.71368408203125
2022-05-24,137.47927856445312,174.1300048828125,113.68160247802734,250.7189483642578
2022-05-25,137.63597106933594,173.0800018310547,114.47330474853516,253.51951599121094
2022-05-26,140.8291015625,172.75999450683594,116.45254516601562,256.78369140625
2022-05-27,146.5688018798828,172.85000610351562,118.09895324707031,263.87200927734375
2022-05-31,145.78521728515625,171.13999938964844,118.96261596679688,262.54901123046875
2022-06-01,145.65789794921875,172.22999572753906,116.87539672851562,263.08013916015625
2022-06-02,148.1066131591797,174.35000610351562,118.75569152832031,265.16607666015625
2022-06-03,142.396240234375,172.5800018310547,117.10033416748047,260.7624206542969
2022-06-06,143.14064025878906,171.82000732421875,116.71346282958984,259.5359191894531
2022-06-07,145.65789794921875,172.94000244140625,117.01936340332031,263.1573791503906
2022-06-08,144.92327880859375,172.77999877929688,115.15704345703125,261.1390686035156
2022-06-09,139.7124786376953,172.22999572753906,112.73693084716797,255.71173095703125
2022-06-10,134.31556701660156,174.5399932861328,107.55487823486328,244.31629943847656
2022-06-13,129.17327880859375,169.92999267578125,104.35208892822266,233.9541473388672
2022-06-14,130.0352783203125,168.57000732421875,102.61573028564453,236.107666015625
2022-06-15,132.65045166015625,170.77000427246094,103.83027648925781,243.12843322753906
2022-06-16,127.39068603515625,172.69000244140625,102.04893493652344,236.5712432861328
2022-06-17,128.85992431640625,171.27000427246094,101.6890640258789,239.1593475341797
2022-06-21,133.08140563964844,170.6300048828125,104.20814514160156,245.0405731201172
2022-06-22,132.57212829589844,171.30999755859375,103.62334442138672,244.45152282714844
2022-06-23,135.43215942382812,170.25999450683594,102.4897689819336,249.98495483398438
2022-06-24,138.75259399414062,170.08999633789062,105.54862976074219,258.52191162109375
2022-06-27,138.75259399414062,169.89999389648438,104.70293426513672,255.8083038330078
2022-06-28,134.61923217773438,169.6199951171875,104.1991195678711,247.68663024902344
2022-06-29,136.37249755859375,169.49000549316406,103.73131561279297,251.33705139160156
2022-06-30,133.91392517089844,168.4600067138672,101.31121063232422,248.02464294433594
2022-07-01,136.07861328125,168.32000732421875,102.60673522949219,250.68032836914062
2022-07-05,138.65464782714844,164.75,102.21646118164062,253.83827209472656
2022-07-06,139.98672485351562,162.13999938964844,101.55386352539062,257.0830078125
2022-07-07,143.34632873535156,162.22999572753906,104.12246704101562,259.1979064941406
2022-07-08,144.02215576171875,162.3000030517578,103.79571533203125,258.48333740234375
2022-07-11,141.89671325683594,161.42999267578125,102.43427276611328,255.44134521484375
2022-07-12,142.8664093017578,160.8300018310547,102.53411865234375,244.9729766845703
2022-07-13,142.5039825439453,161.60000610351562,101.5720443725586,244.05555725097656
2022-07-14,145.42282104492188,159.3300018310547,98.02322387695312,245.3689422607422
2022-07-15,147.0879364013672,159.00999450683594,102.5159683227539,247.9184112548828
2022-07-18,144.05157470703125,159.16000366210938,101.46312713623047,245.5330810546875
2022-07-19,147.90090942382812,159.5399932861328,103.97722625732422,250.632080078125
2022-07-20,149.89901733398438,158.0399932861328,103.95909118652344,253.2781219482422
2022-07-21,152.16160583496094,160.27000427246094,104.66703033447266,255.76002502441406
2022-07-22,150.927490234375,160.6699981689453,104.15876770019531,251.43356323242188
2022-07-25,149.81085205078125,160.22999572753906,104.57626342773438,249.9560546875
2022-07-26,148.48858642578125,160.0399932861328,102.94254302978516,243.26365661621094
2022-07-27,153.57205200195312,161.6699981689453,104.59441375732422,259.5262451171875
2022-07-28,154.1205596923828,163.63999938964844,104.20414733886719,266.9333801269531
2022-07-29,159.1746826171875,164.10000610351562,104.70333862304688,271.1148681640625
2022-08-01,158.19515991210938,165.02999877929688,103.65957641601562,268.47845458984375
2022-08-02,156.7259979248047,164.0500030517578,102.04399871826172,265.39788818359375
2022-08-03,162.7203826904297,164.4499969482422,103.114990234375,272.78558349609375
2022-08-04,162.40695190429688,167.1699981689453,101.98045349121094,273.92510986328125
2022-08-05,162.18133544921875,165.2899932861328,105.0663833618164,273.2104797363281
2022-08-08,161.71055603027344,166.69000244140625,103.78663635253906,270.70928955078125
2022-08-09,161.75958251953125,167.1999969482422,104.72147369384766,272.62139892578125
2022-08-10,165.99681091308594,166.77999877929688,107.45343780517578,279.2462463378906
2022-08-11,165.2611846923828,166.33999633789062,109.04176330566406,277.17950439453125
2022-08-12,168.802001953125,167.8699951171875,110.84794616699219,281.9018249511719
2022-08-15,169.87109375,165.7100067138672,111.14744567871094,283.4084167480469
2022-08-16,169.71420288085938,165.4199981689453,112.2093734741211,282.6745300292969
2022-08-17,171.20506286621094,164.35000610351562,111.26543426513672,281.9293518066406
2022-08-18,170.81268310546875,163.9199981689453,110.40320587158203,280.8163757324219
2022-08-19,168.2331085205078,162.72000122070312,107.67125701904297,276.926025390625
2022-08-22,164.35877990722656,161.63999938964844,105.89231872558594,268.7967529296875
2022-08-23,164.02532958984375,162.77000427246094,104.84855651855469,267.52899169921875
2022-08-24,164.319580078125,163.25,105.10269165039062,266.8999328613281
2022-08-25,166.77163696289062,163.75,107.59864807128906,269.8612976074219
2022-08-26,160.4844970703125,161.75999450683594,104.07707214355469,259.4480895996094
2022-08-29,158.28744506835938,161.86000061035156,103.82293701171875,256.6803283691406
2022-08-30,155.86476135253906,160.50999450683594,103.84110260009766,254.49322509765625
2022-08-31,154.20716857910156,159.27000427246094,103.22392272949219,253.04153442382812
2022-09-01,154.93295288085938,157.8699951171875,103.9318618774414,252.00604248046875
2022-09-02,152.8241424560547,159.25999450683594,103.20575714111328,247.80589294433594
2022-09-06,151.56869506835938,158.3300018310547,103.23299407958984,245.08645629882812
2022-09-07,152.97129821777344,159.94000244140625,105.19344329833984,249.7705078125
2022-09-08,151.50003051757812,158.97999572753906,107.64403533935547,250.18661499023438
2022-09-09,154.354248046875,159.82000732421875,108.16136932373047,255.93515014648438
2022-09-12,160.2981414794922,160.6300048828125,109.44112396240234,258.05450439453125
2022-09-13,150.89190673828125,158.5399932861328,105.63819122314453,243.8671417236328
2022-09-14,152.33377075195312,157.92999267578125,105.39312744140625,244.08970642089844
2022-09-15,149.45005798339844,154.97999572753906,106.9814682006836,237.47018432617188
2022-09-16,147.8120880126953,155.83999633789062,106.26444244384766,236.8507843017578
2022-09-19,151.5196533203125,155.9600067138672,107.24468994140625,236.6378936767578
2022-09-20,153.89324951171875,155.07000732421875,105.12992095947266,234.63462829589844
2022-09-21,150.77418518066406,155.7899932861328,102.09844970703125,231.24746704101562
2022-09-22,149.81298828125,155.6999969482422,100.93670654296875,233.21202087402344
2022-09-23,147.54725646972656,153.00999450683594,99.05792236328125,230.25062561035156
2022-09-26,147.88075256347656,151.22999572753906,96.92500305175781,229.79580688476562
2022-09-27,148.85174560546875,151.5399932861328,96.07184600830078,228.78932189941406
2022-09-28,146.9685516357422,154.69000244140625,98.01416015625,233.29910278320312
2022-09-29,139.7496337890625,154.66000366210938,96.35321807861328,229.84417724609375
2022-09-30,135.55160522460938,154.6699981689453,94.84654998779297,225.3925018310547
2022-10-03,139.72015380859375,158.42999267578125,97.77818298339844,232.97976684570312
2022-10-04,143.3002166748047,160.6999969482422,102.35258483886719,240.8573760986328
2022-10-05,143.59449768066406,159.80999755859375,101.08885192871094,241.16705322265625
2022-10-06,142.64305114746094,159.6300048828125,99.02845001220703,238.83474731445312
2022-10-07,137.4053955078125,157.8800048828125,97.05044555664062,226.68930053710938
2022-10-10,137.7290496826172,155.47999572753906,96.14385986328125,221.860107421875
2022-10-11,136.31668090820312,155.16000366210938,93.36915588378906,218.14393615722656
2022-10-12,135.68896484375,155.99000549316406,94.88013458251953,218.4729461669922
2022-10-13,140.24986267089844,154.91000366210938,100.1548080444336,226.68930053710938
2022-10-14,135.72816467285156,152.97999572753906,101.82146453857422,221.19236755371094
2022-10-17,139.6809539794922,153.4199981689453,106.09798431396484,229.87322998046875
2022-10-18,140.9952850341797,153.75,108.82688903808594,230.81195068359375
2022-10-19,141.1031951904297,151.69000244140625,106.6932144165039,228.85704040527344
2022-10-20,140.6421356201172,151.4499969482422,106.34521484375,228.53770446777344
2022-10-21,144.44781494140625,154.14999389648438,111.93128204345703,234.31527709960938
2022-10-24,146.58604431152344,153.64999389648438,112.06863403320312,239.27989196777344
2022-10-25,149.420654296875,154.0,112.36165618896484,242.57998657226562
2022-10-26,146.48797607421875,154.97999572753906,113.65286254882812,223.86338806152344
2022-10-27,142.02517700195312,154.74000549316406,114.10157775878906,219.44068908691406
2022-10-28,152.75547790527344,153.16000366210938,115.45687103271484,228.26670837402344
2022-10-31,150.4014892578125,151.91000366210938,115.27371215820312,224.64730834960938
2022-11-01,147.7630157470703,153.4600067138672,117.35244750976562,220.81494140625
2022-11-02,142.25071716308594,152.38999938964844,116.2718734741211,213.0050811767578
2022-11-03,136.21859741210938,151.80999755859375,116.48251342773438,207.34364318847656
2022-11-04,135.9533233642578,156.47000122070312,119.66928100585938,214.25350952148438
2022-11-07,136.48387145996094,155.85000610351562,120.30115509033203,220.5246124267578
2022-11-08,137.05369567871094,159.4499969482422,120.3744125366211,221.49241638183594
2022-11-09,132.50486755371094,158.64999389648438,118.80848693847656,217.2729034423828
2022-11-10,144.29446411132812,163.47999572753906,123.69857025146484,235.1475372314453
2022-11-11,147.07481384277344,164.55999755859375,123.9000244140625,239.14442443847656
2022-11-14,145.6797332763672,164.9199981689453,122.62714385986328,233.76365661621094
2022-11-15,147.40884399414062,165.5,121.73887634277344,234.17010498046875
2022-11-16,146.18077087402344,165.1199951171875,121.90371704101562,234.59710693359375
2022-11-17,148.07693481445312,163.9199981689453,121.37257385253906,234.548583984375
2022-11-18,148.63694763183594,162.7899932861328,122.56305694580078,234.10215759277344
2022-11-21,145.41444396972656,161.8800048828125,121.83961486816406,234.9076690673828
2022-11-22,147.54641723632812,162.07000732421875,123.66192626953125,237.79974365234375
2022-11-23,148.42083740234375,163.0800018310547,124.98059844970703,240.2744903564453
2022-11-25,145.51271057128906,163.22000122070312,125.21868133544922,240.1871337890625
2022-11-28,141.69090270996094,161.92999267578125,123.03005981445312,234.626220703125
2022-11-29,138.6943817138672,162.72999572753906,125.0538558959961,233.23843383789062
2022-11-30,145.43406677246094,164.80999755859375,126.53738403320312,247.6114044189453
2022-12-01,145.70921325683594,167.83999633789062,124.76083374023438,247.1746826171875
2022-12-02,145.21795654296875,167.25999450683594,123.77182006835938,247.49497985839844
2022-12-05,144.05870056152344,164.38999938964844,120.30115509033203,242.81719970703125
2022-12-06,140.40391540527344,164.83999633789062,120.50259399414062,237.88706970214844
2022-12-07,138.46844482421875,166.3300018310547,120.42020416259766,237.1592254638672
2022-12-08,140.1484375,166.47000122070312,121.68392944335938,240.0998077392578
2022-12-09,139.6670379638672,167.05999755859375,121.02458953857422,238.1782684326172
2022-12-12,141.9562225341797,165.67999267578125,122.90184783935547,245.0590362548828
2022-12-13,142.9190216064453,168.50999450683594,122.78282165527344,249.3389129638672
2022-12-14,140.6986541748047,168.10000610351562,122.1692886352539,249.63003540039062
2022-12-15,134.10629272460938,165.35000610351562,119.1381607055664,241.6622314453125
2022-12-16,132.1511688232422,166.7899932861328,118.3963851928711,237.46975708007812
2022-12-19,130.0487060546875,166.32000732421875,119.10152435302734,233.35487365722656
2022-12-20,129.97996520996094,169.0800018310547,119.6784439086914,234.6650390625
2022-12-21,133.07472229003906,168.8000030517578,121.02458953857422,237.21743774414062
2022-12-22,129.9111785888672,166.75999450683594,119.65097045898438,231.1615447998047
2022-12-23,129.5476837158203,167.25999450683594,120.2187271118164,231.68563842773438
2022-12-27,127.74976348876953,168.6699981689453,120.63998413085938,229.96788024902344
2022-12-28,123.82974243164062,167.91000366210938,121.2993392944336,227.6095733642578
2022-12-29,127.33714294433594,168.85000610351562,121.99530029296875,233.8983612060547
2022-12-30,127.65151977539062,169.63999938964844,122.80113220214844,232.74349975585938
2023-01-03,122.87673950195312,171.05999755859375,123.7352066040039,232.51052856445312
2023-01-04,124.14411926269531,172.6699981689453,124.88904571533203,222.33978271484375
2023-01-05,122.82760620117188,170.52000427246094,124.8613510131836,215.7501220703125
2023-01-06,127.34695434570312,173.7100067138672,127.25066375732422,218.2928466796875
2023-01-09,127.86764526367188,174.10000610351562,126.72480773925781,220.41819763183594
2023-01-10,128.4375,174.74000549316406,127.85948944091797,222.09719848632812
2023-01-11,131.1490936279297,174.6199951171875,128.80967712402344,228.81298828125
2023-01-12,131.0705108642578,176.63999938964844,128.68055725097656,231.47210693359375
2023-01-13,132.3968048095703,178.75999450683594,131.927734375,232.1708984375
2023-01-17,133.5561065673828,177.58999633789062,129.8890380859375,233.25784301757812
2023-01-18,132.8389129638672,177.0800018310547,125.98683166503906,228.85182189941406
2023-01-19,132.8979034423828,179.88999938964844,124.30785369873047,225.08628845214844
2023-01-20,135.45228576660156,179.2899932861328,124.6122817993164,233.13168334960938
2023-01-23,138.63548278808594,179.6300048828125,126.63258361816406,235.42205810546875
2023-01-24,140.03053283691406,180.27999877929688,127.72110748291016,234.8979949951172
2023-01-25,139.3722686767578,181.11000061035156,128.33920288085938,233.51014709472656
2023-01-26,141.4355010986328,179.47000122070312,129.132568359375,240.68209838867188
2023-01-27,143.37094116210938,179.22000122070312,129.4462127685547,240.83738708496094
2023-01-30,140.49234008789062,178.75999450683594,128.34841918945312,235.54820251464844
2023-01-31,141.7596893310547,179.41000366210938,129.11412048339844,240.49774169921875
2023-02-01,142.8796844482422,181.6699981689453,128.7727813720703,245.29197692871094
2023-02-02,148.17523193359375,177.89999389648438,128.1731719970703,256.7922668457031
2023-02-03,151.79063415527344,173.4600067138672,130.1565704345703,250.72669982910156
2023-02-06,149.06922912597656,173.82000732421875,130.9221954345703,249.19334411621094
2023-02-07,151.93800354003906,173.97999572753906,132.5181427001953,259.66497802734375
2023-02-08,149.25588989257812,174.41000366210938,131.58642578125,258.85943603515625
2023-02-09,148.2242889404297,173.02999877929688,129.5384521484375,255.84120178222656
2023-02-10,148.58836364746094,173.36000061035156,130.1104278564453,255.33651733398438
2023-02-13,151.38284301757812,172.47999572753906,131.52186584472656,263.31396484375
2023-02-14,150.7432403564453,172.61000061035156,132.10302734375,264.13897705078125
2023-02-15,152.83909606933594,170.88999938964844,132.6565704345703,262.0276794433594
2023-02-16,151.24510192871094,170.75,130.82997131347656,255.0518341064453
2023-02-17,150.1036834716797,171.25999450683594,131.21743774414062,251.072509765625
2023-02-21,146.0989532470703,170.6199951171875,128.80967712402344,245.82850646972656
2023-02-22,146.5220489501953,169.66000366210938,127.82259368896484,244.6998748779297
2023-02-23,147.00418090820312,169.57000732421875,128.84657287597656,247.8716278076172
2023-02-24,144.35733032226562,168.35000610351562,130.0089569091797,242.47190856933594
2023-02-27,145.54791259765625,169.00999450683594,131.1436309814453,243.38645935058594
2023-02-28,145.04611206054688,169.77999877929688,132.24142456054688,242.6664581298828
2023-03-01,142.97976684570312,170.75999450683594,131.50338745117188,239.601806640625
2023-03-02,143.57015991210938,170.66000366210938,130.13807678222656,244.31069946289062
2023-03-03,148.6080322265625,172.49000549316406,132.52737426757812,248.37754821777344
2023-03-06,151.36314392089844,171.6199951171875,131.75250244140625,249.91477966308594
2023-03-07,149.16888427734375,168.6199951171875,127.8779296875,247.2684326171875
2023-03-08,150.41854858398438,168.5399932861328,127.12147521972656,246.83058166503906
2023-03-09,148.1751251220703,170.1999969482422,120.23957824707031,245.48797607421875
2023-03-10,146.11865234375,173.8699951171875,123.29308319091797,241.85894775390625
2023-03-13,148.05702209472656,177.86000061035156,121.07907104492188,247.0446319580078
2023-03-14,150.14305114746094,176.8300018310547,124.18791961669922,253.72862243652344
2023-03-15,150.53663635253906,178.2100067138672,118.32077026367188,258.2527160644531
2023-03-16,153.3507843017578,178.57000732421875,120.6178207397461,268.72137451171875
2023-03-17,152.514404296875,183.77000427246094,116.06063079833984,271.8639221191406
2023-03-20,154.8759002685547,183.83999633789062,117.28756713867188,264.8589172363281
2023-03-21,156.72576904296875,180.3699951171875,120.43333435058594,266.36688232421875
2023-03-22,155.29901123046875,183.44000244140625,117.32445526123047,264.917236328125
2023-03-23,156.38134765625,185.74000549316406,117.01080322265625,270.141845703125
2023-03-24,157.68020629882812,183.64999389648438,115.23037719726562,272.9730529785156
2023-03-27,155.74179077148438,181.9499969482422,118.532958984375,268.8965148925781
2023-03-28,155.12188720703125,183.44000244140625,118.89274597167969,267.77764892578125
2023-03-29,158.19186401367188,182.52999877929688,119.13258361816406,272.9146728515625
2023-03-30,159.75634765625,184.17999267578125,118.7728042602539,276.3587951660156
2023-03-31,162.25564575195312,183.22000122070312,120.2119140625,280.49371337890625
2023-04-03,163.50526428222656,184.5399932861328,120.07355499267578,279.45269775390625
2023-04-04,162.97393798828125,187.97999572753906,118.46837615966797,279.4040832519531
2023-04-05,161.13388061523438,187.8300018310547,118.64501953125,276.6409912109375
2023-04-06,162.01947021484375,186.49000549316406,118.51486206054688,283.70440673828125
2023-04-10,159.431640625,185.11000061035156,118.90533447265625,281.55426025390625
2023-04-11,158.22140502929688,186.27999877929688,119.49109649658203,275.171875
2023-04-12,157.53262329101562,187.19000244140625,119.47249603271484,275.81396484375
2023-04-13,162.905029296875,189.72000122070312,119.9280776977539,281.99200439453125
2023-04-14,162.5606689453125,186.36000061035156,128.98382568359375,278.3922424316406
2023-04-17,162.580322265625,185.52999877929688,130.00656127929688,280.98016357421875
2023-04-18,163.80043029785156,186.25,131.46621704101562,280.5618591308594
2023-04-19,164.94186401367188,185.36000061035156,131.29888916015625,280.63970947265625
2023-04-20,163.97755432128906,186.08999633789062,130.9176788330078,278.3630065917969
2023-04-21,162.37371826171875,184.25,130.66665649414062,278.0224609375
2023-04-24,162.67874145507812,184.80999755859375,130.84332275390625,274.14056396484375
2023-04-25,161.14376831054688,185.75,127.99828338623047,267.9624938964844
2023-04-26,161.13388061523438,184.74000549316406,125.72969818115234,287.372314453125
2023-04-27,165.70933532714844,184.75,127.42182922363281,296.576171875
2023-04-28,166.958984375,184.8000030517578,128.5282745361328,298.9403381347656
2023-05-01,166.8704071044922,183.97000122070312,131.2802734375,297.286376953125
2023-05-02,165.83729553222656,187.52000427246094,129.1604461669922,297.14044189453125
2023-05-03,164.76475524902344,189.11000061035156,126.42701721191406,296.15777587890625
2023-05-04,163.13134765625,190.44000244140625,124.69770812988281,297.14044189453125
2023-05-05,170.78660583496094,187.4600067138672,127.13359832763672,302.2385559082031
2023-05-08,170.71771240234375,187.69000244140625,127.4404525756836,300.2928161621094
2023-05-09,169.0154571533203,189.02000427246094,126.82677459716797,298.68743896484375
2023-05-10,170.77674865722656,188.75,126.89188385009766,303.8536376953125
2023-05-11,170.96371459960938,187.1300048828125,126.4920883178711,301.71319580078125
2023-05-12,170.03749084472656,186.80999755859375,124.6791000366211,300.60400390625
2023-05-15,169.5448455810547,187.2100067138672,125.72969818115234,301.0807800292969
2023-05-16,169.5448455810547,184.8699951171875,124.88362884521484,303.299072265625
2023-05-17,170.15576171875,184.22999572753906,128.72348022460938,306.1656188964844
2023-05-18,172.48110961914062,181.83999633789062,129.69973754882812,310.5729064941406
2023-05-19,172.5894775390625,183.63999938964844,129.40219116210938,310.3974609375
2023-05-22,171.6436004638672,183.2100067138672,128.3330078125,313.16656494140625
2023-05-23,169.04234313964844,183.42999267578125,126.99413299560547,307.394287109375
2023-05-24,169.3181915283203,181.9499969482422,125.83197021484375,306.0194091796875
2023-05-25,170.45135498046875,180.1999969482422,126.13878631591797,317.7882995605469
2023-05-26,172.85552978515625,180.9199981689453,127.31957244873047,324.5843811035156
2023-05-30,174.69810485839844,182.0399932861328,127.80303192138672,322.9462585449219
2023-05-31,174.64883422851562,182.32000732421875,126.17599487304688,320.1966857910156
2023-06-01,177.4471435546875,183.75999450683594,127.91460418701172,324.2821350097656
2023-06-02,178.29454040527344,181.0500030517578,130.6015625,327.03173828125
2023-06-05,176.9446258544922,182.13999938964844,129.31851196289062,327.55828857421875
2023-06-06,176.58006286621094,182.33999633789062,129.5509796142578,325.3546447753906
2023-06-07,175.21047973632812,180.14999389648438,130.80613708496094,315.3116760253906
2023-06-08,177.9201202392578,182.52999877929688,130.84332275390625,317.1448059082031
2023-06-09,178.30438232421875,182.0399932861328,131.10366821289062,318.63665771484375
2023-06-12,181.0928192138672,181.8800048828125,131.09432983398438,323.5703430175781
2023-06-13,180.61988830566406,180.5399932861328,132.04270935058594,325.9494934082031
2023-06-14,181.25051879882812,180.63999938964844,131.54991149902344,328.92333984375
2023-06-15,183.2802734375,181.91000366210938,133.03753662109375,339.4150085449219
2023-06-16,182.20628356933594,181.6300048828125,133.19557189941406,333.7887878417969
2023-06-20,182.29493713378906,179.75,132.51686096191406,329.61566162109375
2023-06-21,181.26036071777344,179.49000549316406,132.3216094970703,325.2376708984375
2023-06-22,184.2557373046875,177.7100067138672,129.7741241455078,331.2342224121094
2023-06-23,183.94044494628906,178.1999969482422,129.09539794921875,326.6612854003906
2023-06-26,182.55111694335938,178.50999450683594,129.41148376464844,320.4014587402344
2023-06-27,185.30018615722656,177.69000244140625,129.4207763671875,326.22247314453125
2023-06-28,186.47271728515625,177.27999877929688,128.85365295410156,327.4705505371094
2023-06-29,186.8077392578125,177.08999633789062,133.35360717773438,326.6904602050781
2023-06-30,191.12344360351562,178.27000427246094,135.22239685058594,332.0435791015625
2023-07-03,189.6356201171875,178.47000122070312,136.31021118164062,329.55712890625
2023-07-05,188.5221710205078,177.83999633789062,135.40216064453125,329.7131042480469
2023-07-06,188.99514770507812,177.30999755859375,134.06350708007812,332.7553405761719
2023-07-07,187.88172912597656,178.63999938964844,135.121337890625,328.8064270019531
2023-07-10,185.8421173095703,178.77999877929688,135.87957763671875,323.55084228515625
2023-07-11,185.31988525390625,179.4499969482422,138.00462341308594,324.17486572265625
2023-07-12,186.985107421875,181.8800048828125,138.68798828125,328.7868957519531
2023-07-13,187.74375915527344,182.00999450683594,139.36199951171875,334.1106262207031
2023-07-14,187.8915557861328,181.42999267578125,140.2045135498047,336.626220703125
2023-07-17,191.14317321777344,181.55999755859375,143.58396911621094,337.1040954589844
2023-07-18,190.886962890625,183.63999938964844,143.84608459472656,350.5207214355469
2023-07-19,192.2368927001953,183.6699981689453,144.39837646484375,346.22076416015625
2023-07-20,190.29580688476562,182.74000549316406,146.17706298828125,338.2156066894531
2023-07-21,189.12327575683594,182.17999267578125,145.05368041992188,335.1929016113281
2023-07-24,189.92137145996094,181.39999389648438,147.90890502929688,336.4994812011719
2023-07-25,190.77857971191406,182.41000366210938,146.80429077148438,342.22308349609375
2023-07-26,191.64569091796875,183.3000030517578,147.6842498779297,329.34259033203125
2023-07-27,190.3844451904297,180.4199981689453,146.05538940429688,322.46856689453125
2023-07-28,192.95619201660156,181.86000061035156,146.8885040283203,329.9276428222656
2023-07-31,193.56703186035156,182.35000610351562,147.87144470214844,327.53887939453125
2023-08-01,192.73936462402344,180.4600067138672,147.14129638671875,327.94830322265625
2023-08-02,189.75384521484375,179.60000610351562,145.4749298095703,319.328857421875
2023-08-03,188.36453247070312,179.5399932861328,146.36427307128906,318.50982666015625
2023-08-04,179.31927490234375,180.19000244140625,146.05538940429688,319.6018981933594
2023-08-07,176.22535705566406,179.77999877929688,146.74810791015625,321.8737487792969
2023-08-08,177.16139221191406,178.63999938964844,145.92428588867188,317.9150695800781
2023-08-09,175.57501220703125,177.7899932861328,143.9677734375,314.1903381347656
2023-08-10,175.3582305908203,177.60000610351562,143.75245666503906,314.87286376953125
2023-08-11,175.41744995117188,177.60000610351562,144.58563232421875,313.00079345703125
2023-08-14,177.06517028808594,177.05999755859375,144.8852081298828,315.9551696777344
2023-08-15,175.0819854736328,176.58999633789062,141.1968231201172,313.82958984375
2023-08-16,174.21372985839844,175.57000732421875,140.5977325439453,313.06744384765625
2023-08-17,171.67803955078125,175.3000030517578,139.13735961914062,309.6280212402344
2023-08-18,172.1614990234375,175.3300018310547,139.45562744140625,309.2371520996094
2023-08-21,173.4934844970703,175.80999755859375,139.93304443359375,314.5135498046875
2023-08-22,174.86492919921875,176.10000610351562,137.03102111816406,315.080322265625
2023-08-23,178.70303344726562,177.88999938964844,137.95777893066406,319.5164489746094
2023-08-24,174.02627563476562,177.85000610351562,137.8267364501953,312.64727783203125
2023-08-25,176.2264862060547,177.6199951171875,137.6582489013672,315.58843994140625
2023-08-28,177.78546142578125,178.1300048828125,138.13568115234375,316.2919616699219
2023-08-29,181.6630096435547,179.8699951171875,139.25904846191406,320.8941650390625
2023-08-30,185.1458740234375,180.32000732421875,138.69732666015625,321.2654113769531
2023-08-31,185.36293029785156,180.02000427246094,136.9842071533203,320.259033203125
2023-09-01,186.9317626953125,180.11000061035156,137.4429473876953,321.1384582519531
2023-09-05,187.1685333251953,178.63999938964844,135.92640686035156,325.91650390625
2023-09-06,180.46913146972656,177.8300018310547,135.7017364501953,325.26190185546875
2023-09-07,175.1905517578125,178.02000427246094,134.54090881347656,322.3597717285156
2023-09-08,175.80226135253906,178.0800018310547,134.64389038085938,326.6199951171875
2023-09-11,176.96649169921875,178.41000366210938,135.23365783691406,330.2060852050781
2023-09-12,173.9473419189453,177.49000549316406,136.9935760498047,324.1772155761719
2023-09-13,171.88522338867188,177.0800018310547,137.05914306640625,328.3690490722656
2023-09-14,173.3948211669922,177.1699981689453,139.71774291992188,330.94866943359375
2023-09-15,172.67457580566406,178.33999633789062,139.3058319091797,322.6627502441406
2023-09-18,175.59506225585938,179.38999938964844,139.59603881835938,321.5292663574219
2023-09-19,176.6803741455078,179.22000122070312,139.4181671142578,321.1286315917969
2023-09-20,173.14817810058594,179.35000610351562,138.82839965820312,313.42901611328125
2023-09-21,171.6089630126953,178.0500030517578,137.74249267578125,312.21734619140625
2023-09-22,172.4574737548828,178.6199951171875,136.4225311279297,309.75506591796875
2023-09-25,173.7303009033203,177.6999969482422,137.0965576171875,310.2729187011719
2023-09-26,169.66525268554688,176.27999877929688,135.67364501953125,304.99652099609375
2023-09-27,168.1556854248047,174.10000610351562,136.46937561035156,305.6316223144531
2023-09-28,168.41221618652344,173.22999572753906,138.1637725830078,306.462158203125
2023-09-29,168.92527770996094,171.4499969482422,135.75790405273438,308.5238952636719
2023-10-02,171.4313507080078,169.64999389648438,134.5877227783203,314.4353942871094
2023-10-03,170.0994110107422,169.16000366210938,133.59542846679688,306.21795654296875
2023-10-04,171.3425750732422,169.13999938964844,134.19456481933594,311.6603698730469
2023-10-05,172.575927734375,168.8300018310547,134.76039123535156,312.0512390136719
2023-10-06,175.1214599609375,169.6999969482422,136.83506774902344,319.7704772949219
2023-10-09,176.6014404296875,172.82000732421875,136.5238800048828,322.27191162109375
2023-10-10,176.00946044921875,172.52999877929688,137.35374450683594,320.8746032714844
2023-10-11,177.40061950683594,173.7899932861328,137.82525634765625,324.8123779296875
2023-10-12,178.29847717285156,173.25999450683594,137.50462341308594,323.5812683105469
2023-10-13,176.46331787109375,178.8300018310547,139.5698699951172,320.229736328125
2023-10-16,176.33506774902344,177.9600067138672,139.42843627929688,325.02740478515625
2023-10-17,174.78599548339844,178.2899932861328,139.1266632080078,324.46063232421875
2023-10-18,173.4934844970703,180.8699951171875,137.5989227294922,322.5552062988281
2023-10-19,173.11856079101562,183.08999633789062,137.01426696777344,323.7374572753906
2023-10-20,170.57298278808594,183.58999633789062,134.80752563476562,319.1939697265625
2023-10-23,170.6913604736328,182.97000122070312,132.96859741210938,321.7832946777344
2023-10-24,171.12550354003906,182.9499969482422,133.12893676757812,322.96563720703125
2023-10-25,168.81675720214844,183.72000122070312,132.4027862548828,332.87359619140625
2023-10-26,164.6629180908203,184.00999450683594,132.74227905273438,320.38604736328125
2023-10-27,165.97515869140625,186.14999389648438,127.96106719970703,322.2620849609375
2023-10-30,168.0175323486328,185.10000610351562,129.592529296875,329.5904541015625
2023-10-31,168.49114990234375,184.08999633789062,131.1391143798828,330.37213134765625
2023-11-01,171.6484375,183.50999450683594,131.02593994140625,338.1499938964844
2023-11-02,175.20037841796875,184.1199951171875,133.36468505859375,340.3484802246094
2023-11-03,174.2926788330078,184.7899932861328,134.85470581054688,344.7258605957031
2023-11-06,176.83824157714844,183.35000610351562,135.87318420410156,348.37060546875
2023-11-07,179.39370727539062,182.58999633789062,135.80714416503906,352.2790222167969
2023-11-08,180.4493865966797,180.77000427246094,136.4767303466797,354.8879699707031
2023-11-09,179.97581481933594,181.49000549316406,136.0712127685547,352.4354553222656
2023-11-10,184.15484619140625,179.50999450683594,138.08929443359375,361.2099304199219
2023-11-13,182.57412719726562,180.50999450683594,137.47633361816406,358.28826904296875
2023-11-14,185.1823272705078,182.1199951171875,139.9848175048828,361.7961120605469
2023-11-15,185.74545288085938,181.63999938964844,141.21080017089844,361.94305419921875
2023-11-16,187.4250030517578,183.69000244140625,142.8233642578125,368.3071594238281
2023-11-17,187.4052734375,183.6699981689453,144.11532592773438,362.1192626953125
2023-11-20,189.14401245117188,183.3699951171875,144.55856323242188,369.5506286621094
2023-11-21,188.3437957763672,185.35000610351562,144.25680541992188,365.27197265625
2023-11-22,189.0056915283203,184.55999755859375,144.59629821777344,369.9520568847656
2023-11-24,187.68186950683594,185.52000427246094,144.7943115234375,369.5408630371094
2023-11-27,187.50399780273438,186.77000427246094,144.4642791748047,370.6961364746094
2023-11-28,188.10665893554688,189.25999450683594,144.7943115234375,374.70068359375
2023-11-29,187.08908081054688,189.5399932861328,145.52992248535156,370.93115234375
2023-11-30,187.66209411621094,188.75,147.1896514892578,370.9898681640625
2023-12-01,188.93655395507812,192.00999450683594,147.90635681152344,366.681884765625
2023-12-04,187.1483154296875,187.86000061035156,148.9908447265625,361.424072265625
2023-12-05,191.09030151367188,187.14999389648438,148.9720001220703,364.7333984375
2023-12-06,190.00355529785156,187.83999633789062,147.4065399169922,361.0912170410156
2023-12-07,191.93006896972656,188.14999389648438,147.85919189453125,363.1962585449219
2023-12-08,193.35272216796875,185.63999938964844,149.49066162109375,366.40771484375
2023-12-11,190.8531951904297,183.58999633789062,150.0376434326172,363.53887939453125
2023-12-12,192.36477661132812,183.49000549316406,151.37677001953125,366.55462646484375
2023-12-13,195.5756378173828,187.6300048828125,151.88600158691406,366.5447692871094
2023-12-14,195.7238006591797,188.72999572753906,154.64910888671875,358.28125
2023-12-15,195.19033813476562,187.0,155.81845092773438,362.9808654785156
2023-12-18,193.53054809570312,187.85000610351562,156.7615203857422,364.8607482910156
2023-12-19,194.5679168701172,189.1300048828125,158.85504150390625,365.4579772949219
2023-12-20,192.48333740234375,188.10000610351562,157.0632781982422,362.8731689453125
2023-12-21,192.33509826660156,189.42999267578125,157.95916748046875,365.7321472167969
2023-12-22,191.2681427001953,190.27000427246094,157.86488342285156,366.7503662109375
2023-12-26,190.7247772216797,191.72000122070312,158.7985076904297,366.8287048339844
2023-12-27,190.82357788085938,192.58999633789062,159.75094604492188,366.2510681152344
2023-12-28,191.2483673095703,191.47000122070312,160.59970092773438,367.43572998046875
2023-12-29,190.21104431152344,191.1699981689453,160.41110229492188,368.17987060546875
2024-01-02,183.40399169921875,190.72000122070312,162.27828979492188,363.1178894042969
2024-01-03,182.03076171875,189.1300048828125,161.57101440429688,362.8536071777344
2024-01-04,179.7189483642578,189.32000732421875,162.64321899414062,360.2491455078125
2024-01-05,178.9977264404297,189.35000610351562,163.45924377441406,360.0631408691406
2024-01-08,183.324951171875,187.8699951171875,163.2220458984375,366.85809326171875
2024-01-09,182.91000366210938,187.92999267578125,161.93157958984375,367.93511962890625
2024-01-10,183.9473876953125,187.5,162.27316284179688,374.7691955566406
2024-01-11,183.35459899902344,187.8699951171875,161.58999633789062,376.5903015136719
2024-01-12,183.68064880371094,189.7100067138672,160.4039306640625,380.35003662109375
2024-01-16,181.41824340820312,187.91000366210938,159.39813232421875,382.1124572753906
2024-01-17,180.4796600341797,185.83999633789062,158.54415893554688,381.3291320800781
2024-01-18,186.3579864501953,187.3699951171875,158.85728454589844,385.63720703125
2024-01-19,189.252685546875,187.92999267578125,161.5994873046875,390.33685302734375
2024-01-22,191.55467224121094,187.22000122070312,161.4097137451172,388.22198486328125
2024-01-23,192.82907104492188,187.9499969482422,160.34701538085938,390.56201171875
2024-01-24,192.1573028564453,186.39999389648438,161.77976989746094,394.1455078125
2024-01-25,191.83128356933594,187.13999938964844,164.094970703125,396.4072265625
2024-01-26,190.10235595703125,187.00999450683594,163.46873474121094,395.48687744140625
2024-01-29,189.42063903808594,188.3300018310547,163.8957061767578,401.1558837890625
2024-01-30,185.77508544921875,188.58999633789062,167.25466918945312,400.0494689941406
2024-01-31,182.17893981933594,188.4499969482422,165.44235229492188,389.2696228027344
2024-02-01,184.6093292236328,190.41000366210938,164.84454345703125,395.34002685546875
2024-02-02,183.61148071289062,188.61000061035156,165.79339599609375,402.6245422363281
2024-02-05,185.41943359375,187.57000732421875,165.57516479492188,397.1709899902344
2024-02-06,187.01991271972656,188.5500030517578,166.1444854736328,397.0142822265625
2024-02-07,187.1286163330078,188.5,166.4575958251953,405.3953552246094
2024-02-08,186.05172729492188,188.3300018310547,165.85983276367188,405.4541015625
2024-02-09,186.8134307861328,187.60000610351562,166.05909729003906,411.7594909667969
2024-02-12,185.1317596435547,187.11000061035156,166.7991943359375,406.5801086425781
2024-02-13,183.04449462890625,184.52999877929688,165.34747314453125,397.8269958496094
2024-02-14,182.1641082763672,184.4199981689453,167.02691650390625,401.67205810546875
2024-02-15,181.8772430419922,185.66000366210938,170.67054748535156,398.79803466796875
2024-02-16,180.34396362304688,186.33999633789062,169.8734893798828,396.3457946777344
2024-02-20,179.60205078125,187.47000122070312,170.5376739501953,395.10003662109375
2024-02-21,180.35386657714844,187.47999572753906,171.64784240722656,394.5016784667969
2024-02-22,182.38172912597656,187.55999755859375,173.7068634033203,403.7908935546875
2024-02-23,180.55169677734375,188.6199951171875,174.579833984375,402.5058898925781
2024-02-26,179.2063446044922,188.1999969482422,173.9820098876953,399.7593078613281
2024-02-27,180.6605224609375,188.0,174.06744384765625,399.70050048828125
2024-02-28,179.4635467529297,188.33999633789062,174.9498748779297,399.9358825683594
2024-02-29,178.80075073242188,189.30999755859375,176.5439453125,405.74285888671875
2024-03-01,177.72251892089844,192.88999938964844,175.81332397460938,407.5673828125
2024-03-04,173.21170043945312,196.00999450683594,177.13223266601562,406.9984436035156
2024-03-05,168.28538513183594,197.19000244140625,178.9065704345703,394.9626770019531
2024-03-06,167.29620361328125,198.80999755859375,179.83645629882812,394.41339111328125
2024-03-07,167.17747497558594,199.94000244140625,178.26138305664062,401.32879638671875
2024-03-08,168.88880920410156,201.6300048828125,178.59347534179688,398.4645690917969
2024-03-11,170.88705444335938,202.0,178.65988159179688,396.7969970703125
2024-03-12,171.3618927001953,199.7899932861328,180.13059997558594,407.3515930175781
2024-03-13,169.28451538085938,201.19000244140625,181.59185791015625,407.17498779296875
2024-03-14,171.13433837890625,200.35000610351562,178.3562469482422,417.1017761230469
2024-03-15,170.75843811035156,199.7100067138672,180.56707763671875,408.4698486328125
2024-03-18,171.84658813476562,200.02999877929688,182.80638122558594,409.35260009765625
2024-03-19,174.18115234375,199.8000030517578,183.8785858154297,413.36456298828125
2024-03-20,176.74322509765625,202.17999267578125,186.28866577148438,417.1116027832031
2024-03-21,169.52194213867188,201.97000122070312,188.87905883789062,421.1725158691406
2024-03-22,170.422119140625,200.35000610351562,186.56387329101562,420.55462646484375
2024-03-25,169.00755310058594,200.99000549316406,184.85594177246094,414.786865234375
2024-03-26,167.8798370361328,201.63999938964844,185.7193603515625,413.59991455078125
2024-03-27,171.44102478027344,203.10000610351562,189.31549072265625,413.3840637207031
2024-03-28,169.6307373046875,205.72000122070312,190.05564880371094,412.6877136230469
2024-04-01,168.19638061523438,207.82000732421875,188.76522827148438,416.4642333984375
2024-04-02,167.01922607421875,210.88999938964844,188.6892547607422,413.3940124511719
2024-04-03,167.82049560546875,212.74000549316406,188.15792846679688,412.4228210449219
2024-04-04,166.9994354248047,211.52000427246094,186.72633361816406,409.9019775390625
2024-04-05,167.7512664794922,215.13999938964844,188.44424438476562,417.39605712890625
2024-04-08,166.6334228515625,216.47999572753906,189.42724609375,416.4838562011719
2024-04-09,167.8402557373047,217.6699981689453,188.15789794921875,418.1416015625
2024-04-10,165.97064208984375,215.61000061035156,186.55455017089844,415.1792297363281
2024-04-11,173.15235900878906,219.8000030517578,186.51637268066406,419.7600402832031
2024-04-12,174.64605712890625,216.88999938964844,174.452880859375,413.84515380859375
2024-04-15,170.8276824951172,220.9499969482422,174.54833984375,405.74285888671875
2024-04-16,167.55340576171875,221.22000122070312,172.55364990234375,406.6649169921875
2024-04-17,166.18829345703125,219.58999633789062,171.86647033691406,403.97723388671875
2024-04-18,165.23861694335938,220.33999633789062,172.98312377929688,396.5517578125
2024-04-19,163.2206268310547,221.02999877929688,177.32559204101562,391.5001220703125
2024-04-22,164.0515594482422,215.57000732421875,180.7709503173828,393.30499267578125
2024-04-23,165.1001434326172,215.0399932861328,183.3764190673828,399.7887878417969
2024-04-24,167.19728088378906,214.63999938964844,184.27357482910156,401.25030517578125
2024-04-25,168.05789184570312,215.9199981689453,184.5503387451172,391.421630859375
2024-04-26,167.47425842285156,216.6199951171875,184.6648712158203,398.5626220703125
2024-04-29,171.6289520263672,216.17999267578125,184.4644317626953,394.57037353515625
2024-04-30,168.49317932128906,211.8699951171875,182.99468994140625,381.8969421386719
2024-05-01,167.47425842285156,213.7899932861328,183.10919189453125,387.3998718261719
2024-05-02,171.1640167236328,213.1300048828125,182.9183349609375,390.2445068359375
2024-05-03,181.40240478515625,212.9600067138672,181.82077026367188,398.8961486816406
2024-05-06,179.75042724609375,215.1999969482422,183.24281311035156,405.644775390625
2024-05-07,180.43296813964844,214.2100067138672,183.00421142578125,401.52490234375
2024-05-08,180.7693328857422,213.5800018310547,186.72633361816406,402.7020568847656
2024-05-09,182.57957458496094,216.9499969482422,188.49195861816406,404.4480895996094
2024-05-10,181.32154846191406,218.7100067138672,189.7040252685547,406.82183837890625
2024-05-13,184.52105712890625,216.25999450683594,189.66587829589844,405.8213195800781
2024-05-14,185.6602020263672,218.08999633789062,192.31906127929688,408.60711669921875
2024-05-15,187.92857360839844,220.88999938964844,192.89169311523438,415.75115966796875
2024-05-16,188.04745483398438,220.02999877929688,193.2352752685547,413.6973571777344
2024-05-17,188.0771484375,223.66000366210938,195.44944763183594,412.930908203125
2024-05-20,189.2361297607422,224.55999755859375,186.65951538085938,417.9720458984375
2024-05-21,190.53378295898438,224.22999572753906,190.41983032226562,421.60791015625
2024-05-22,189.09742736816406,220.11000061035156,189.2650146484375,423.0622863769531
2024-05-23,185.1154022216797,215.72000122070312,187.9384002685547,419.6033020019531
2024-05-24,188.18614196777344,215.9199981689453,191.55552673339844,422.70855712890625
2024-05-28,188.19606018066406,218.19000244140625,190.40072631835938,422.86578369140625
2024-05-29,188.4932098388672,216.16000366210938,189.0741424560547,421.7356872558594
2024-05-30,189.4837646484375,216.57000732421875,190.23849487304688,407.48687744140625
2024-05-31,190.43472290039062,215.3000030517578,193.38800048828125,407.93896484375
2024-06-03,192.19790649414062,217.22000122070312,192.61492919921875,406.35675048828125
2024-06-04,192.51490783691406,215.27000427246094,190.0762481689453,408.86260986328125
2024-06-05,194.02053833007812,217.82000732421875,188.2628936767578,416.6651306152344
2024-06-06,192.6436309814453,219.42999267578125,187.9288787841797,417.1662292480469
2024-06-07,195.03089904785156,211.60000610351562,190.83021545410156,416.5078430175781
2024-06-10,191.29649353027344,213.5399932861328,190.50572204589844,420.4582214355469
2024-06-11,205.1940155029297,214.14999389648438,185.4951934814453,425.1849060058594
2024-06-12,211.05813598632812,214.72000122070312,182.79425048828125,433.4197692871094
2024-06-13,212.21707153320312,212.97000122070312,184.82713317871094,433.9307556152344
2024-06-14,210.48361206054688,215.72999572753906,184.94161987304688,434.903564453125
2024-06-17,214.62411499023438,214.61000061035156,186.08689880371094,440.6031494140625
2024-06-18,212.26657104492188,215.47000122070312,188.01475524902344,438.60821533203125
2024-06-20,207.70010375976562,218.16000366210938,189.60861206054688,437.97930908203125
2024-06-21,205.53079223632812,214.77999877929688,187.34669494628906,441.9886779785156
2024-06-24,206.17466735839844,215.6300048828125,189.8090057373047,439.915283203125
2024-06-25,207.09588623046875,214.55999755859375,189.0359649658203,443.138427734375
2024-06-26,211.23643493652344,212.5800018310547,188.42514038085938,444.3274841308594
2024-06-27,212.07839965820312,214.99000549316406,190.08580017089844,445.0054931640625
2024-06-28,208.63124084472656,215.00999450683594,193.03485107421875,439.207763671875
2024-07-01,214.703369140625,215.57000732421875,196.07936096191406,448.8183288574219
2024-07-02,218.1901397705078,215.55999755859375,199.30519104003906,451.3240966796875
2024-07-03,219.45806884765625,217.99000549316406,199.1715850830078,452.7882995605469
2024-07-05,224.20281982421875,220.92999267578125,196.53245544433594,459.46063232421875
2024-07-08,225.66883850097656,218.19000244140625,196.89712524414062,458.1635437011719
2024-07-09,226.5207061767578,218.55999755859375,199.25796508789062,451.57965087890625
2024-07-10,230.78012084960938,219.36000061035156,199.4210968017578,458.17340087890625
2024-07-11,225.4212188720703,223.25,199.085205078125,446.823486328125
2024-07-12,228.36314392089844,223.11000061035156,196.67642211914062,445.6933898925781
2024-07-15,232.1866912841797,223.8300018310547,201.58038330078125,446.09625244140625
2024-07-16,232.60275268554688,228.2899932861328,205.00640869140625,441.7331848144531
2024-07-17,226.71885681152344,227.22999572753906,208.12538146972656,435.83709716796875
2024-07-18,222.0631866455078,225.77999877929688,201.51316833496094,432.74169921875
2024-07-19,222.19198608398438,221.72999572753906,201.3212432861328,429.53814697265625
2024-07-22,221.8452911376953,221.8000030517578,201.80111694335938,435.2671813964844
2024-07-23,222.88539123535156,222.5800018310547,201.8490753173828,437.1440734863281
2024-07-24,216.47645568847656,221.8000030517578,200.1792449951172,421.47039794921875
2024-07-25,215.43637084960938,218.3300018310547,200.25601196289062,411.1521911621094
2024-07-26,215.9019775390625,220.6300048828125,203.68206787109375,417.9031982421875
2024-07-29,216.1793212890625,220.32000732421875,202.34812927246094,419.3379821777344
2024-07-30,216.73399353027344,222.52000427246094,206.51312255859375,415.593994140625
2024-07-31,219.9830322265625,226.5500030517578,204.21949768066406,411.1031188964844
2024-08-01,216.2981719970703,225.77000427246094,199.5746612548828,409.88458251953125
2024-08-02,217.7840118408203,225.33999633789062,191.1102752685547,401.4139404296875
2024-08-05,207.2940216064453,222.47999572753906,187.04127502441406,388.3050231933594
2024-08-06,205.2732696533203,220.6999969482422,192.2618865966797,392.687744140625
2024-08-07,207.83880615234375,220.5500030517578,192.31948852539062,391.5282287597656
2024-08-08,211.29583740234375,224.00999450683594,195.83189392089844,395.71441650390625
2024-08-09,214.1981964111328,224.55999755859375,197.50173950195312,398.98675537109375
2024-08-12,215.7254180908203,228.41000366210938,197.87603759765625,399.7630310058594
2024-08-13,219.43438720703125,228.05999755859375,199.55543518066406,406.8383483886719
2024-08-14,219.88064575195312,226.1999969482422,201.76272583007812,409.6389465332031
2024-08-15,222.85577392578125,226.91000366210938,203.0198974609375,414.482421875
2024-08-16,224.17474365234375,231.99000549316406,205.34230041503906,411.96221923828125
2024-08-19,224.01605224609375,231.61000061035156,206.7626495361328,414.974609375
2024-08-20,224.63092041015625,232.4600067138672,205.87013244628906,418.1938171386719
2024-08-21,224.52183532714844,232.14999389648438,205.9468994140625,417.5440979003906
2024-08-22,222.6673583984375,229.3699951171875,207.89508056640625,409.0876770019531
2024-08-23,224.95816040039062,232.02000427246094,209.50729370117188,410.308349609375
2024-08-26,225.2953643798828,232.75999450683594,210.3326416015625,407.0596923828125
2024-08-27,226.1383056640625,233.38999938964844,211.30191040039062,407.40423583984375
2024-08-28,224.61106872558594,231.75,212.3671417236328,404.21466064453125
2024-08-29,227.8837127685547,232.9499969482422,213.25006103515625,406.6954345703125
2024-08-30,227.10025024414062,231.2899932861328,215.73561096191406,410.6529541015625
2024-09-03,220.92193603515625,230.2899932861328,211.4170684814453,403.0726623535156
2024-09-04,219.0178680419922,230.42999267578125,210.48617553710938,402.54107666015625
2024-09-05,220.5352020263672,232.35000610351562,208.85475158691406,402.03900146484375
2024-09-06,218.9881134033203,230.6300048828125,203.89321899414062,395.4530334472656
2024-09-09,219.077392578125,231.60000610351562,208.0677947998047,399.4105224609375
2024-09-10,218.2840118408203,232.6199951171875,197.2714080810547,407.7586364746094
2024-09-11,220.8128662109375,232.25,198.8740997314453,416.4611511230469
2024-09-12,220.92193603515625,236.3300018310547,198.2694854736328,420.359619140625
2024-09-13,220.65415954589844,238.67999267578125,196.0814208984375,423.8937683105469
2024-09-16,214.5254669189453,238.66000366210938,199.47869873046875,424.632080078125
2024-09-17,214.9915313720703,237.33999633789062,200.8126220703125,428.38287353515625
2024-09-18,218.85919189453125,235.50999450683594,199.1619873046875,424.11029052734375
2024-09-19,226.9713134765625,239.1699981689453,201.99305725097656,431.8677673339844
2024-09-20,226.30691528320312,242.2100067138672,202.57843017578125,428.5009460449219
2024-09-23,224.59127807617188,242.67999267578125,202.91433715820312,426.7683410644531
2024-09-24,225.48377990722656,246.07000732421875,203.05828857421875,422.4958190917969
2024-09-25,224.4920654296875,245.72999572753906,201.7147216796875,425.3901062011719
2024-09-26,225.63253784179688,246.97999572753906,201.3212432861328,424.6025390625
2024-09-27,225.90028381347656,245.02000427246094,202.01223754882812,421.3637390136719
2024-09-30,231.06707763671875,243.05999755859375,202.3577117919922,423.6082763671875
2024-10-01,224.33340454101562,245.61000061035156,198.6917266845703,414.1477355957031
2024-10-02,224.89866638183594,245.66000366210938,198.93167114257812,410.6430969238281
2024-10-03,223.79786682128906,245.49000549316406,196.95472717285156,410.0622863769531
2024-10-04,224.91851806640625,245.0,203.94537353515625,409.5897521972656
2024-10-07,219.8509063720703,244.1699981689453,203.66534423828125,403.17108154296875
2024-10-08,223.8970489501953,242.3699951171875,203.49156188964844,408.2607116699219
2024-10-09,227.6357879638672,241.0500030517578,206.06959533691406,410.9679260253906
2024-10-10,227.1399383544922,242.82000732421875,205.50955200195312,409.3730773925781
2024-10-11,225.6622772216797,245.47000122070312,214.6341094970703,409.845703125
2024-10-14,229.38116455078125,245.07000732421875,213.8520050048828,412.6217956542969
2024-10-15,231.91001892089844,245.9199981689453,214.73065185546875,412.22802734375
2024-10-16,229.857177734375,247.14999389648438,215.93760681152344,409.6487731933594
2024-10-17,230.22413635253906,248.6300048828125,216.69073486328125,410.2394714355469
2024-10-18,233.0504913330078,251.27000427246094,217.60801696777344,411.6571044921875
2024-10-21,234.51820373535156,251.22000122070312,215.3196563720703,412.2674560546875
2024-10-22,233.90335083007812,253.92999267578125,216.4010772705078,420.8616638183594
2024-10-23,228.84564208984375,250.8699951171875,215.7155303955078,417.9969177246094
2024-10-24,228.65725708007812,252.8000030517578,217.23146057128906,418.1248779296875
2024-10-25,229.4902801513672,253.32000732421875,214.65341186523438,421.4917297363281
2024-10-28,231.46376037597656,253.3300018310547,217.73355102539062,419.95599365234375
2024-10-29,231.7315216064453,256.0899963378906,215.22308349609375,425.2326354980469
2024-10-30,228.1911163330078,257.5,216.68109130859375,425.8035888671875
2024-10-31,224.035888671875,253.50999450683594,214.27685546875,400.03070068359375
2024-11-01,221.06077575683594,252.47000122070312,215.26173400878906,403.98822021484375
2024-11-04,220.168212890625,252.8300018310547,212.2105712890625,402.10791015625
2024-11-05,221.59629821777344,253.39999389648438,213.8616485595703,405.0612487792969
2024-11-06,220.87234497070312,245.6999969482422,238.55099487304688,413.6456298828125
2024-11-07,225.5928497314453,249.64999389648438,228.23883056640625,418.8139953613281
2024-11-08,225.3248291015625,247.9600067138672,228.81817626953125,415.9689636230469
2024-11-11,222.61447143554688,242.13999938964844,231.048583984375,411.5094299316406
2024-11-12,222.61447143554688,240.0500030517578,231.309326171875,416.4512939453125
2024-11-13,223.49807739257812,237.6300048828125,232.85418701171875,418.58758544921875
2024-11-14,226.5757598876953,237.00999450683594,233.5397491455078,420.2513122558594
2024-11-15,223.37892150878906,236.58999633789062,236.8612823486328,408.54620361328125
2024-11-18,226.377197265625,241.08999633789062,236.5908966064453,409.2944030761719
2024-11-19,226.63528442382812,243.25,234.7177276611328,411.2928161621094
2024-11-20,227.35011291503906,244.6199951171875,232.48728942871094,409.028564453125
2024-11-21,226.8736114501953,246.66000366210938,236.3302001953125,407.26287841796875
2024-11-22,228.21385192871094,249.83999633789062,239.98968505859375,411.3367919921875
2024-11-25,231.19224548339844,242.47999572753906,241.66976928710938,413.10247802734375
2024-11-26,233.366455078125,242.9499969482422,241.3607940673828,422.17755126953125
2024-11-27,233.2373809814453,243.49000549316406,241.1869659423828,417.2454833984375
2024-11-29,235.62010192871094,245.58999633789062,241.119384765625,417.7090759277344
2024-12-02,237.8638153076172,243.44000244140625,237.76890563964844,425.126953125
2024-12-03,240.90176391601562,243.92999267578125,236.38816833496094,425.3439636230469
2024-12-04,241.25918579101562,244.6699981689453,235.0170440673828,431.4794921875
2024-12-05,241.28895568847656,242.86000061035156,237.02542114257812,436.6088562011719
2024-12-06,241.0903778076172,242.9499969482422,238.84068298339844,437.54595947265625
2024-12-09,244.9722442626953,245.36000061035156,235.41293334960938,439.96270751953125
2024-12-10,245.9849090576172,248.58999633789062,234.4956512451172,437.3092346191406
2024-12-11,244.71408081054688,250.9600067138672,235.142578125,442.8923645019531
2024-12-12,246.1735382080078,247.27999877929688,233.21145629882812,443.45458984375
2024-12-13,246.34228515625,244.2899932861328,231.6762237548828,441.1956787109375
2024-12-16,249.2313232421875,244.8800048828125,231.32861328125,445.45703125
2024-12-17,251.6537322998047,243.94000244140625,230.15065002441406,448.2880554199219
2024-12-18,246.26287841796875,239.25999450683594,222.43582153320312,431.4499206542969
2024-12-19,247.9903106689453,239.60000610351562,224.93661499023438,431.09478759765625
2024-12-20,252.65647888183594,242.10000610351562,229.4168243408203,430.6706848144531
2024-12-23,253.4308624267578,240.9600067138672,230.17962646484375,429.3389892578125
2024-12-24,256.33978271484375,241.44000244140625,233.96458435058594,433.3634948730469
2024-12-26,257.1538391113281,243.07000732421875,234.76600646972656,432.16009521484375
2024-12-27,253.74855041503906,241.39999389648438,232.86386108398438,424.68304443359375
2024-12-30,250.38296508789062,240.6300048828125,231.07757568359375,419.06048583984375
2024-12-31,248.6157989501953,242.1300048828125,231.4541473388672,415.7757263183594
2025-01-02,242.09315490722656,245.4199981689453,231.7341766357422,412.8953552246094
2025-01-03,241.60665893554688,243.49000549316406,234.9011993408203,417.6005554199219
2025-01-06,243.23484802246094,243.19000244140625,233.75596618652344,422.0394592285156
2025-01-07,240.4649658203125,244.55999755859375,236.00759887695312,416.6338806152344
2025-01-08,240.951416015625,245.86000061035156,235.96881103515625,418.79412841796875
2025-01-10,235.14353942871094,248.2100067138672,232.80479431152344,413.2603454589844
2025-01-13,232.71121215820312,245.74000549316406,237.01698303222656,411.5242614746094
2025-01-14,231.5992889404297,247.02999877929688,240.18096923828125,410.02490234375
2025-01-15,236.15621948242188,248.8800048828125,244.91722106933594,420.5203552246094
2025-01-16,226.6154327392578,250.60000610351562,246.7806854248047,418.8138427734375
2025-01-17,228.32305908203125,249.27000427246094,251.5266571044922,423.20343017578125
2025-01-21,221.0359649658203,253.1300048828125,255.28262329101562,422.6806335449219
2025-01-22,222.21737670898438,254.42999267578125,255.09825134277344,440.1402893066406
2025-01-23,222.048583984375,254.07000732421875,258.11663818359375,440.643310546875
2025-01-24,221.17494201660156,255.64999389648438,257.0393371582031,438.0293273925781
2025-01-27,228.2039337158203,252.99000549316406,258.01959228515625,428.6583251953125
2025-01-28,236.5433807373047,255.17999267578125,259.2716064453125,441.1266784667969
2025-01-29,237.63546752929688,254.1999969482422,258.72808837890625,436.3227844238281
2025-01-30,235.87823486328125,258.04998779296875,260.32952880859375,409.3540954589844
2025-01-31,234.29966735839844,258.55999755859375,259.4268493652344,409.42315673828125
2025-02-03,226.3672332763672,259.94000244140625,258.9512939453125,405.33941650390625
2025-02-04,231.12274169921875,262.5,260.0480041503906,406.7696838378906
2025-02-05,230.79510498046875,264.1300048828125,262.4646911621094,407.6771545410156
2025-02-06,231.53973388671875,263.42999267578125,268.7441101074219,410.1728210449219
2025-02-07,225.989990234375,263.8999938964844,267.6764831542969,404.1852722167969
2025-02-10,226.25833129882812,268.3699951171875,263.0567321777344,406.6217346191406
2025-02-11,231.19793701171875,267.3900146484375,266.8903503417969,405.85235595703125
2025-02-12,235.42198181152344,267.6700134277344,267.3368225097656,403.4848937988281
2025-02-13,240.05349731445312,270.30999755859375,268.1811828613281,404.9645080566406
2025-02-14,243.10470581054688,266.2900085449219,268.4432373046875,402.8831787109375
2025-02-18,242.97552490234375,270.70001220703125,271.7043151855469,404.0767822265625
2025-02-19,243.37306213378906,270.8500061035156,271.02490234375,409.1370849609375
2025-02-20,244.3271942138672,270.989990234375,258.94158935546875,411.3017272949219
2025-02-21,244.04891967773438,270.739990234375,256.45703125,403.4736022949219
2025-02-24,245.58944702148438,272.2099914550781,253.64239501953125,399.31243896484375
2025-02-25,245.52978515625,268.6199951171875,249.81845092773438,393.2831726074219
2025-02-26,238.89064025878906,269.0299987792969,251.1675567626953,395.09197998046875
2025-02-27,235.84934997558594,264.92999267578125,251.41983032226562,387.97552490234375
2025-02-28,240.36158752441406,263.2699890136719,256.8549499511719,392.38372802734375
2025-03-03,236.5748748779297,266.739990234375,252.94366455078125,383.98236083984375
2025-03-04,234.48770141601562,269.05999755859375,242.87905883789062,384.10101318359375
2025-03-05,234.2988739013672,269.6199951171875,244.12136840820312,396.36700439453125
2025-03-06,233.89138793945312,268.25,239.27833557128906,392.284912109375
2025-03-07,237.60853576660156,268.3900146484375,235.14381408691406,388.7464599609375
2025-03-10,226.08937072753906,266.0400085449219,225.38014221191406,375.7490539550781
2025-03-11,219.48997497558594,269.1600036621094,222.39085388183594,376.0356750488281
2025-03-12,215.653564453125,270.3299865722656,221.18734741210938,378.8229675292969
2025-03-13,208.39817810058594,275.1300048828125,218.55718994140625,374.3751220703125
2025-03-14,212.1848907470703,275.239990234375,225.59365844726562,384.05157470703125
2025-03-17,212.6917724609375,276.7300109863281,227.03976440429688,384.18994140625
2025-03-18,211.3897705078125,279.9599914550781,228.0491180419922,379.0700378417969
2025-03-19,213.92420959472656,281.1099853515625,232.06719970703125,383.3202209472656
2025-03-20,212.7911834716797,280.75,231.9701385498047,382.35150146484375
2025-03-21,216.93568420410156,278.489990234375,234.51296997070312,386.72027587890625
2025-03-24,219.38063049316406,277.25,240.7535858154297,388.51910400390625
2025-03-25,222.38217163085938,278.4700012207031,243.73313903808594,390.5750427246094
2025-03-26,220.17575073242188,278.239990234375,243.63609313964844,385.4452209472656
2025-03-27,222.48158264160156,281.9700012207031,240.81179809570312,386.0481262207031
2025-03-28,216.56793212890625,284.05999755859375,235.69703674316406,374.4048156738281
2025-03-31,220.77207946777344,288.1400146484375,238.0748748779297,371.034423828125
2025-04-01,221.8256072998047,287.57000732421875,236.48318481445312,377.7555236816406
2025-04-02,222.5213165283203,288.1600036621094,238.5795440673828,377.7060852050781
2025-04-03,201.9478759765625,286.4200134277344,221.9541015625,368.78082275390625
2025-04-04,187.22840881347656,279.7200012207031,205.3434295654297,355.664794921875
2025-04-07,180.3507080078125,273.7099914550781,209.40577697753906,353.7077941894531
2025-04-08,171.36598205566406,275.20001220703125,211.7787322998047,350.4460754394531
2025-04-09,197.6343994140625,285.3800048828125,228.83859252929688,385.95916748046875
2025-04-10,189.25595092773438,292.3500061035156,221.7783203125,376.92523193359375
2025-04-11,196.9386749267578,297.92999267578125,230.65493774414062,383.94287109375
2025-04-14,201.2819366455078,296.2300109863281,229.2096710205078,383.3102722167969
2025-04-15,200.904296875,297.7799987792969,227.6570281982422,381.2544250488281
2025-04-16,193.0823974609375,307.4700012207031,224.21963500976562,367.2982482910156
2025-04-17,195.7758331298828,306.1199951171875,226.51449584960938,363.5126647949219
2025-04-21,191.97918701171875,315.5899963378906,223.61419677734375,354.9531555175781
2025-04-22,198.51895141601562,311.1099853515625,230.0592498779297,362.5638427734375
2025-04-23,203.34922790527344,303.6499938964844,235.22506713867188,370.04595947265625
2025-04-24,207.09619140625,308.07000732421875,238.8967742919922,382.80615234375
2025-04-25,208.00064086914062,304.7300109863281,237.83238220214844,387.30340576171875
2025-04-28,208.85536193847656,309.07000732421875,237.51011657714844,386.6214294433594
2025-04-29,209.91883850097656,306.05999755859375,238.87725830078125,389.468017578125
2025-04-30,211.20094299316406,303.7699890136719,238.87725830078125,390.6738586425781
2025-05-01,212.01596069335938,297.4599914550781,241.093994140625,420.4640808105469
2025-05-02,204.09466552734375,297.9800109863281,246.58201599121094,430.2294921875
2025-05-05,197.6741485595703,306.8800048828125,246.63087463378906,431.1091613769531
2025-05-06,197.29647827148438,315.4800109863281,243.3985595703125,428.2823486328125
2025-05-07,195.05029296875,310.75,243.5352783203125,428.3218688964844
2025-05-08,196.28271484375,304.6300048828125,247.5194854736328,433.0859375
2025-05-09,197.31634521484375,306.8399963378906,247.13865661621094,433.63946533203125
2025-05-12,209.77613830566406,298.19000244140625,253.9450225830078,444.0472717285156
2025-05-13,211.9058380126953,299.4599914550781,256.8355712890625,443.9287109375
2025-05-14,211.3087158203125,293.1600036621094,259.4038391113281,447.6845703125
2025-05-15,210.43295288085938,297.8399963378906,261.2103576660156,448.6946105957031
2025-05-16,210.24388122558594,294.239990234375,261.2787170410156,449.8234558105469
2025-05-19,207.7758026123047,298.0299987792969,258.6616516113281,454.37841796875
2025-05-20,205.8650360107422,303.5799865722656,259.4428405761719,453.68524169921875
2025-05-21,201.1179962158203,305.82000732421875,254.91180419921875,448.14007568359375
2025-05-22,200.39151000976562,303.1099853515625,254.55050659179688,450.40765380859375
2025-05-23,194.33078002929688,309.75,254.58950805664062,445.77349853515625
2025-05-27,199.2470245361328,304.5,259.06201171875,456.18060302734375
2025-05-28,199.4560089111328,303.80999755859375,257.30426025390625,452.8832092285156
2025-05-29,198.98826599121094,305.6099853515625,258.16357421875,454.19024658203125
2025-05-30,199.8839569091797,303.6000061035156,257.80230712890625,455.85382080078125
2025-06-02,200.7298583984375,311.6700134277344,258.44677734375,457.4480895996094
2025-06-03,202.2923126220703,308.9100036621094,260.01898193359375,458.43829345703125
2025-06-04,201.84446716308594,310.8999938964844,258.0171203613281,459.3294372558594
2025-06-05,199.66500854492188,309.3299865722656,255.80043029785156,463.1021423339844
2025-06-06,202.93919372558594,305.17999267578125,259.49169921875,465.7757568359375
2025-06-09,200.48106384277344,306.6199951171875,260.47796630859375,468.12255859375
2025-06-10,201.6951904296875,306.7099914550781,262.2942810058594,466.3104553222656
2025-06-11,197.8238983154297,308.3699951171875,261.8548583984375,467.99383544921875
2025-06-12,198.24188232421875,312.20001220703125,261.9427185058594,474.1826477050781
2025-06-13,195.50509643554688,316.2900085449219,258.73004150390625,470.3109130859375
2025-06-16,197.46563720703125,311.7799987792969,264.0129699707031,474.45001220703125
2025-06-17,194.69900512695312,311.94000244140625,263.19268798828125,473.3608093261719
2025-06-18,195.63446044921875,310.260009765625,267.5284729003906,475.53924560546875
2025-06-20,200.0332489013672,310.1300048828125,268.5440368652344,472.72705078125
2025-06-23,200.53082275390625,311.0799865722656,271.7372741699219,481.24285888671875
2025-06-24,199.33657836914062,306.19000244140625,274.6570739746094,485.3125915527344
2025-06-25,200.59051513671875,307.1199951171875,277.391357421875,487.45147705078125
2025-06-26,200.0332489013672,306.7799987792969,281.97125244140625,492.58074951171875
2025-06-27,200.11285400390625,301.2200012207031,280.3697509765625,491.0855712890625
2025-06-30,204.1831512451172,304.8299865722656,283.10400390625,492.54119873046875
2025-07-01,206.82041931152344,307.54998779296875,283.5923156738281,487.2336120605469
2025-07-02,211.41819763183594,309.25,285.1449890136719,486.28302001953125
2025-07-03,212.5228729248047,307.1400146484375,290.4435729980469,493.9571838378906
2025-07-07,208.94015502929688,307.3699951171875,286.4892578125,492.84814453125
2025-07-08,208.9998779296875,304.1600036621094,277.47174072265625,491.7589111328125
2025-07-09,210.12445068359375,305.5199890136719,277.8446044921875,498.5814514160156
2025-07-10,211.38833618164062,306.20001220703125,282.7802429199219,496.57135009765625
2025-07-11,210.14434814453125,309.1400146484375,281.47515869140625,498.393310546875
2025-07-14,207.61656188964844,308.010009765625,283.2806396484375,498.09625244140625
2025-07-15,208.10421752929688,306.7300109863281,281.1709899902344,500.86883544921875
2025-07-16,209.149169921875,308.260009765625,280.45465087890625,500.6708068847656
2025-07-17,209.0098419189453,307.5899963378906,284.4581298828125,506.6913146972656
2025-07-18,210.16424560546875,308.3900146484375,285.8023681640625,505.0574035644531
2025-07-21,211.45799255371094,313.1300048828125,285.5080261230469,505.0673522949219
2025-07-22,213.3687744140625,316.1000061035156,285.9593811035156,500.32421875
2025-07-23,213.11996459960938,312.17999267578125,291.1893615722656,500.91839599609375
2025-07-24,212.73184204101562,310.2699890136719,290.9832458496094,505.87933349609375
2025-07-25,212.8512725830078,307.3999938964844,293.014404296875,508.68170166015625
2025-07-28,213.0204620361328,305.4100036621094,292.6807861328125,507.48345947265625
2025-07-29,210.25381469726562,306.25,291.464111328125,507.5527648925781
2025-07-30,208.04449462890625,300.9599914550781,294.0054626464844,508.2162170410156
2025-07-31,206.5716094970703,302.9599914550781,290.6790466308594,528.2779541015625
2025-08-01,201.40658569335938,309.1099853515625,283.9380798339844,518.979736328125
2025-08-04,202.37193298339844,310.9100036621094,288.7362365722656,530.39697265625
2025-08-05,201.94398498535156,311.1600036621094,285.9005126953125,522.584228515625
2025-08-06,212.22430419921875,310.5,285.8808898925781,519.8017578125
2025-08-07,218.9716796875,313.1199951171875,281.55364990234375,515.7418823242188
2025-08-08,228.2468719482422,313.04998779296875,283.3395080566406,516.9300537109375
2025-08-11,226.34390258789062,308.54998779296875,284.12445068359375,516.6627807617188
2025-08-12,228.80479431152344,308.2699890136719,287.35272216796875,524.0595703125
2025-08-13,232.47125244140625,309.2099914550781,285.0762634277344,515.4844360351562
2025-08-14,231.92327880859375,307.25,288.6381530761719,517.3657836914062
2025-08-15,230.73764038085938,307.42999267578125,285.0370178222656,515.0783081054688
2025-08-18,230.04022216796875,306.95001220703125,286.0574951171875,512.0383911132812
2025-08-19,229.71144104003906,305.2699890136719,285.203857421875,504.7801818847656
2025-08-20,225.17819213867188,308.3599853515625,286.754150390625,500.7698669433594
2025-08-21,224.072265625,307.2900085449219,285.9986267089844,500.1251525878906
2025-08-22,226.9217529296875,310.5799865722656,290.6790466308594,503.0907287597656
2025-08-25,226.323974609375,309.8299865722656,289.3642578125,500.14495849609375
2025-08-26,228.46604919433594,312.0799865722656,292.96533203125,497.9430847167969
2025-08-27,229.64170837402344,312.7099914550781,293.6620178222656,502.6047058105469
2025-08-28,231.7041015625,315.0299987792969,295.4184265136719,505.4810485839844
2025-08-29,231.28562927246094,318.07000732421875,295.7618713378906,502.55511474609375
2025-09-02,228.8745574951172,325.5899963378906,294.07415771484375,500.9979553222656
2025-09-03,237.59234619140625,328.1400146484375,293.8876953125,501.2261047363281
2025-09-04,238.89752197265625,326.69000244140625,298.1168212890625,503.8246765136719
2025-09-05,238.80783081054688,331.04998779296875,288.85400390625,490.9605407714844
2025-09-08,237.00450134277344,334.82000732421875,287.4115905761719,494.1344299316406
2025-09-09,233.4875030517578,334.05999755859375,292.2588806152344,494.3426818847656
2025-09-10,225.955322265625,335.260009765625,294.8984069824219,496.2867431640625
2025-09-11,229.1833953857422,334.760009765625,299.82415771484375,496.9215087890625
2025-09-12,233.20855712890625,335.4200134277344,301.1488342285156,505.73895263671875
2025-09-15,235.82884216308594,338.9100036621094,303.1014099121094,511.1544189453125
2025-09-16,237.2735137939453,339.5899963378906,303.385986328125,504.885986328125
2025-09-17,238.11044311523438,336.9700012207031,305.89794921875,505.8579406738281
2025-09-18,237.00450134277344,335.6199951171875,307.35015869140625,504.30078125
2025-09-19,244.59646606445312,339.17999267578125,308.8710632324219,513.7034301757812
2025-09-22,255.13751220703125,345.04998779296875,306.57501220703125,510.2518615722656
2025-09-23,253.49359130859375,346.4599914550781,306.8693542480469,505.07440185546875
2025-09-24,251.38140869140625,343.32000732421875,307.5366516113281,505.9869079589844
2025-09-25,255.9246063232422,344.75,307.5660400390625,502.8923645019531
2025-09-26,254.51980590820312,346.739990234375,310.12701416015625,507.2861633300781
2025-09-29,253.49359130859375,352.4599914550781,309.76397705078125,510.4005126953125
2025-09-30,253.69287109375,355.4700012207031,309.50885009765625,513.7232666015625
2025-10-01,254.5098419189453,356.0299987792969,304.8774719238281,515.4688720703125
2025-10-02,256.18365478515625,354.7900085449219,301.7767639160156,511.53125
2025-10-03,257.07037353515625,357.6400146484375,304.2102355957031,513.1281127929688
2025-10-06,255.74530029296875,364.3800048828125,304.8511047363281,524.256591796875
2025-10-07,255.5360565185547,366.260009765625,303.38201904296875,519.7039794921875
2025-10-08,257.1102294921875,372.29998779296875,299.7732238769531,520.56689453125
2025-10-09,253.10501098632812,365.42999267578125,301.252197265625,518.136962890625
2025-10-10,244.3673095703125,369.1199951171875,296.6772155761719,506.790283203125
2025-10-13,246.74851989746094,378.0899963378906,303.6580810546875,509.8550720214844
2025-10-14,246.8581085205078,380.7900085449219,297.85052490234375,509.3790283203125
2025-10-15,248.4223175048828,387.3900146484375,301.4100036621094,509.2401123046875
2025-10-16,246.53927612304688,396.45001220703125,294.3600769042969,507.4349670410156
2025-10-17,251.36146545410156,388.989990234375,293.3938293457031,509.3889465332031
2025-10-20,261.27484130859375,403.1499938964844,298.1265869140625,512.5726928710938
2025-10-21,261.8028869628906,377.239990234375,292.93035888671875,513.4356079101562
2025-10-22,257.4988098144531,377.2799987792969,289.99212646484375,516.2921142578125
2025-10-23,258.6246032714844,378.7900085449219,290.4161071777344,516.3118896484375
2025-10-24,261.85272216796875,377.5199890136719,296.2334899902344,519.3369750976562
2025-10-27,267.8206787109375,367.010009765625,299.89154052734375,527.1824951171875
2025-10-28,268.0099792480469,364.3800048828125,301.0845947265625,537.6464233398438
2025-10-29,268.7073974609375,363.0,301.2325134277344,537.130615234375
2025-10-30,270.401123046875,370.1300048828125,305.1075134277344,521.469482421875
2025-10-31,269.37493896484375,368.1199951171875,306.76397705078125,513.5844116210938
2025-11-03,268.05975341796875,368.7799987792969,305.0187683105469,512.810791015625
2025-11-04,269.0461730957031,362.32000732421875,304.920166015625,510.13275146484375
2025-11-05,269.14581298828125,366.510009765625,307.31610107421875,503.02130126953125
2025-11-06,268.7771301269531,366.07000732421875,309.03179931640625,493.0434265136719
2025-11-07,267.48193359375,368.30999755859375,309.8106689453125,492.76568603515625
2025-11-10,268.6986083984375,378.3800048828125,312.4532165527344,501.8707580566406
2025-11-11,274.5028076171875,379.8699951171875,311.2009582519531,504.5289001464844
2025-11-12,272.7276611328125,385.989990234375,315.9239196777344,506.9688415527344
2025-11-13,272.2090759277344,382.8699951171875,305.1469421386719,499.1828918457031
2025-11-14,271.6705017089844,375.9599914550781,299.3591003417969,506.0166320800781
2025-11-17,266.73394775390625,371.6499938964844,296.1644592285156,503.34857177734375
2025-11-18,266.7140197753906,374.3500061035156,295.2178955078125,489.76043701171875
2025-11-19,267.8309631347656,374.9599914550781,299.02386474609375,483.14483642578125
2025-11-20,265.5272521972656,374.8500061035156,294.20233154296875,475.41387939453125
2025-11-21,270.75299072265625,374.2699890136719,293.84735107421875,469.1436462402344
2025-11-24,275.1709899902344,380.20001220703125,293.8276672363281,471.0118103027344
2025-11-25,276.2181701660156,380.0799865722656,298.75762939453125,473.9829406738281
2025-11-26,276.79656982421875,383.1199951171875,303.33270263671875,482.4393310546875
2025-11-28,278.0930480957031,387.8800048828125,308.696533203125,488.9082946777344
2025-12-01,282.3315124511719,389.75,304.59478759765625,483.6715087890625
2025-12-02,285.4131164550781,387.239990234375,303.5693359375,486.91094970703125
2025-12-03,283.378662109375,386.8800048828125,307.75982666015625,474.71832275390625
2025-12-04,279.9380187988281,387.1300048828125,311.67425537109375,477.8087158203125
2025-12-05,278.0232238769531,386.44000244140625,310.62908935546875,480.11407470703125
2025-12-08,277.1356506347656,385.4200134277344,310.79669189453125,487.92449951171875
2025-12-09,276.42755126953125,387.3999938964844,296.3025207519531,488.918212890625
2025-12-10,278.0232238769531,389.04998779296875,305.7680969238281,475.5430603027344
2025-12-11,277.2752685546875,393.239990234375,312.9363098144531,480.422119140625
2025-12-12,277.52459716796875,395.44000244140625,314.0603332519531,475.51324462890625
2025-12-15,273.3658752441406,395.79998779296875,315.53936767578125,471.8266296386719
2025-12-16,273.8645324707031,395.8900146484375,311.13189697265625,473.38677978515625
2025-12-17,271.10205078125,399.2900085449219,310.5699462890625,473.1184387207031
2025-12-18,271.4511413574219,398.57000732421875,308.6176452636719,480.9289245605469
2025-12-19,272.9271240234375,399.0199890136719,312.7686767578125,482.8566589355469
2025-12-22,270.23443603515625,408.2300109863281,318.56634521484375,481.8630065917969
2025-12-23,271.62066650390625,413.6400146484375,321.3666076660156,483.7807922363281
2025-12-24,273.06671142578125,411.92999267578125,324.5612487792969,484.9433898925781
2025-12-26,272.6578369140625,416.739990234375,323.3188781738281,484.6353454589844
2025-12-29,273.0168762207031,398.6000061035156,319.2171325683594,484.02923583984375
2025-12-30,272.3387145996094,398.8900146484375,318.8917541503906,484.4068603515625
2025-12-31,271.12200927734375,396.30999755859375,317.70855712890625,480.5711669921875
