Price,Close,Close,Close,Close,High,High,High,High,Low,Low,Low,Low,Open,Open,Open,Open,Volume,Volume,Volume,Volume
Ticker,AAPL,GLD,JPM,MSFT,AAPL,GLD,JPM,MSFT,AAPL,GLD,JPM,MSFT,AAPL,GLD,JPM,MSFT,AAPL,GLD,JPM,MSFT
Date,,,,,,,,,,,,,,,,,,,,
2021-01-04,125.63252258300781,182.3300018310547,109.00052642822266,207.5653839111328,129.70992152062252,182.39999389648438,110.72381879343084,212.62841698318834,123.05987466458058,180.9600067138672,108.05660807078733,204.81932615715849,129.62255217797144,181.97000122070312,110.41206654756964,212.18027520947413,143301900,14331400,16819900,37130100
2021-01-05,127.18578338623047,182.8699951171875,109.59363555908203,207.76560974121094,127.89448518815179,183.2100067138672,110.16057570611696,208.35678384593277,124.68109238722828,181.82000732421875,107.95386980122956,205.66793319149298,125.12767140195429,182.8699951171875,109.01797141316496,207.15537629858184,97664900,12718800,13731200,23823000
2021-01-06,122.90452575683594,179.89999389648438,114.73968505859375,202.37838745117188,127.2246340413711,181.5800018310547,115.80378656058689,206.42119298469675,122.6909464043688,178.24000549316406,111.53865655463356,202.08280768192805,123.99183545726343,181.49000549316406,113.28309015545396,202.30210645441338,155088000,18453500,24909100,35930700
2021-01-07,127.09838104248047,179.47999572753906,118.50767517089844,208.1374969482422,127.78766232207047,179.9199981689453,120.5312174116668,209.1386651817966,124.1277062706299,178.83999633789062,117.6790747896404,203.7705219584249,124.61311103239314,179.69000244140625,118.35068308786916,204.08516111409094,109578200,7110200,21940400,27694500
2021-01-08,128.1954345703125,173.33999633789062,118.63848876953125,209.40557861328125,128.75850602101508,176.99000549316406,118.92632083318186,210.32093589339922,126.42855365810287,171.47999572753906,116.98127506750556,206.93604171408924,128.56433221406948,176.8300018310547,118.59487543099225,208.50929521688312,105158200,24399900,12035100,22956200
2021-01-11,125.2150650024414,173.0,120.40909576416016,207.3747100830078,126.37033122968266,173.67999267578125,120.53992248669964,208.72866521274221,124.74908036749336,172.02999877929688,116.97257189026757,206.65004779588634,125.41894161275994,172.13999938964844,117.38251336612322,208.3091269515907,100384500,8571400,15937900,23031300
2021-01-12,125.0403060913086,174.1199951171875,122.30175018310547,204.93374633789062,125.90432622691371,174.17999267578125,123.55773946650825,207.00283393154243,123.15693269578279,172.32000732421875,121.08937422655504,203.39864029923487,124.74906018656239,173.1300048828125,121.62142487274875,206.43073369979606,91951100,9798500,18033500,23249300
2021-01-13,127.06930541992188,173.3699951171875,122.41517639160156,206.27813720703125,127.61295658608566,174.4600067138672,122.79893917199219,206.67860148264808,124.73936761825328,173.0500030517578,120.45269591491419,203.98022154419837,125.00147562190729,173.67999267578125,120.88007203434903,204.06604674898907,88636800,14110300,14816800,20087100
2021-01-14,125.14708709716797,173.27999877929688,123.13036346435547,203.1125946044922,127.1760758978846,174.22000122070312,124.50846222652508,207.34609567404829,125.00145674818756,172.66000366210938,122.10987538853598,202.8456183702962,126.9819169126251,173.44000244140625,122.53726474360714,205.86818216746164,90221800,13522700,18565600,29480800
2021-01-15,123.42875671386719,171.1300048828125,120.9236831665039,202.759765625,126.41885265934873,173.07000732421875,123.54904109841344,204.53325868233262,123.29284393513538,170.97999572753906,119.50197085492849,202.16860612225966,125.02088418474625,172.83999633789062,119.86829894015384,203.58931232139068,111598500,16172500,27881000,31746500
2021-01-19,124.0986099243164,172.5800018310547,120.40037536621094,206.37350463867188,124.95292722948219,172.85000610351562,122.72046704232113,206.88838315319578,123.23458985463955,171.9199981689453,120.20850059311638,202.74070783603537,124.0500664749991,172.7100067138672,121.98781071584162,203.808612636003,90757300,7485700,19843800,30480900
2021-01-20,128.17599487304688,175.38999938964844,118.59486389160156,213.9061279296875,128.62257382285637,175.47000122070312,120.51373082030904,215.28868671444025,124.79758149233558,173.82000732421875,118.1325918276968,207.18401471175443,124.90437114467832,174.3699951171875,120.20846409808344,207.57494944131872,104319500,9456000,16028800,37777300
2021-01-21,132.87474060058594,175.27999877929688,117.60052490234375,214.50680541992188,135.59301116722563,175.50999450683594,118.76057022852488,215.77494980554735,129.69048544958548,174.50999450683594,117.15570089517382,212.07540120835768,129.89436203777117,175.11000061035156,118.35062889863684,214.24935885539745,120150900,7246800,13411700,30709400
2021-01-22,135.0105438232422,173.89999389648438,116.69343566894531,215.4412078857422,135.7677743821565,174.2899932861328,117.22548642426482,219.3695992284759,131.07876065141238,172.35000610351562,115.30661942946256,215.29819010893078,132.30197582810843,172.88999938964844,115.73400882600495,216.5186569680968,114459400,7269600,12933200,30172700
2021-01-25,138.74815368652344,174.0500030517578,115.23683166503906,218.854736328125,140.85480946109453,174.9600067138672,116.15265840887045,219.09310902177296,132.55438158085332,173.19000244140625,113.4400741668307,213.79170264290093,138.89378406433565,174.82000732421875,115.25427965976627,218.46380161875487,157611700,5936800,14212800,33152100
2021-01-26,138.98117065429688,173.6199951171875,114.76586151123047,221.5244903564453,140.08789352147755,174.25999450683594,116.15267787373529,223.2884393764266,137.24341236503608,173.4199981689453,114.55652546618491,219.379136336845,139.40832944748692,173.97999572753906,115.78634977659756,221.07634857508864,98390600,4685600,11307800,49169600
2021-01-27,137.9132537841797,172.52000427246094,111.52122497558594,222.0679931640625,140.0878733207545,173.52000427246094,113.25693473036779,229.25732167368406,136.31142335408737,171.66000366210938,111.07639420207519,219.4363638925336,139.24325862387312,172.92999267578125,113.03015068977889,226.93080188116176,140843800,9036500,17603900,69870600
2021-01-28,133.08827209472656,172.67999267578125,113.48373413085938,227.81748962402344,137.84524757903796,174.72999572753906,115.28049236737476,231.35494595830795,132.70965697857778,172.0399932861328,112.5068589674551,224.15608941190865,135.4473469056364,174.27999877929688,113.30056338325811,224.6519085705631,142621100,9392400,13761800,49111200
2021-01-29,128.1080322265625,172.61000061035156,112.22772979736328,221.17166137695312,132.74850059959678,175.16000366210938,114.88798411651211,226.94981144239858,126.40911554734014,172.61000061035156,111.80907096794904,220.59003159368262,131.86506037119048,174.8699951171875,114.42571194240543,225.01422690362025,177523800,11252800,14808100,42503100
2021-02-01,130.22442626953125,174.22999572753906,113.05631256103516,228.50404357910156,131.42823575703017,175.25999450683594,113.44881929341398,231.22149793113354,127.1081202867018,174.05999755859375,112.06198967744794,221.61983946645995,129.84581103922318,175.02000427246094,112.86442452131463,224.12752469767685,106239800,9105500,11080700,33314200
2021-02-02,131.0496063232422,172.11000061035156,116.53646850585938,228.3705596923828,132.33106742025004,172.52999877929688,117.21679410097127,231.04033664840065,130.6806938981219,171.50999450683594,114.45187837541663,227.58870485867922,131.76799601841705,172.49000549316406,115.07987327996982,230.0773162479899,83305400,7221700,12253600,25916300
2021-02-03,130.03028869628906,171.85000610351562,117.87093353271484,231.6981964111328,131.806872704572,172.58999633789062,118.41170165154475,233.69098810658602,129.70991963118382,171.5,116.4492212486558,228.13213662786598,131.79715512438477,172.36000061035156,116.57133060803424,228.4277309103842,89880900,4658100,10600800,27158100
2021-02-04,133.37960815429688,168.14999389648438,120.58350372314453,230.75425720214844,133.38931092314027,168.39999389648438,120.94111441476456,231.92706112737068,130.66133672600228,167.33999633789062,118.158751512268,229.19053318429755,132.32142862825182,168.2899932861328,118.158751512268,231.374034827884,84183100,13736600,12419500,25296100
2021-02-05,132.9663543701172,169.80999755859375,120.34803771972656,230.93540954589844,133.6080499269068,170.17999267578125,121.66508887103575,231.9651810913466,132.09132576396362,168.6699981689453,119.82471750630064,229.23819752167216,133.5399993993488,168.99000549316406,121.5778621810026,230.96401309862384,75693800,6538500,10051300,18054800
2021-02-08,133.1121826171875,171.52000427246094,122.23200988769531,231.19287109375,133.16079860710033,172.39999389648438,122.37156725385914,232.34658659294607,131.1773789685877,171.49000549316406,120.52246542449575,229.61007317756622,132.2565886683768,171.97999572753906,120.53991342249697,231.84123772980857,71297200,6887500,10136400,22211900
2021-02-09,132.23715209960938,172.0800018310547,121.74356079101562,232.4324493408203,134.05528941674183,173.02999877929688,122.09244086419132,233.37639589275983,132.0816016865625,171.75,120.83645130648415,230.1536069798949,132.83023162868662,172.57000732421875,121.61272078188348,230.62080814629257,76774200,5131800,8614800,23565000
2021-02-10,131.63433837890625,172.7100067138672,121.81334686279297,231.526611328125,133.1899609934861,173.22000122070312,122.86871779902069,234.48242367380797,130.67179521713933,172.00999450683594,121.2725654149413,229.68636677063753,132.69409868188646,173.14999389648438,122.10989627388815,233.60521400385034,73046600,6112800,10323200,22186700
2021-02-11,131.38157653808594,171.2100067138672,121.47320556640625,233.118896484375,132.60661952451218,172.8699951171875,122.58963803623008,233.74818915408628,130.05930155973675,170.7100067138672,120.55737852082073,230.88771766756295,132.13020650092022,172.6999969482422,121.81336837660375,233.3954023264637,64280000,5994500,9201000,15751100
2021-02-12,131.61489868164062,170.69000244140625,123.2001724243164,233.5956573486328,131.77046392162595,171.64999389648438,123.51416985630345,233.89123709414287,129.98150816834826,169.8800048828125,121.23769180162817,231.44075937329384,130.62320365664934,170.2899932861328,121.28130514391705,232.58494513457302,60145100,6018900,8324600,16561100
2021-02-16,129.495361328125,168.24000549316406,126.16567993164062,232.3656768798828,132.2371278628611,170.07000732421875,126.75007469998006,234.68266680852793,129.10644827799214,167.72999572753906,124.2031995180615,231.6219553099753,131.73156315096224,168.13999938964844,125.20625304813296,233.6338212360362,80576300,14761100,12130600,26728500
2021-02-17,127.21055603027344,166.3300018310547,126.55813598632812,233.37869262695312,128.55228022303262,167.33999633789062,126.8023546086277,233.4838187487911,125.87856393692216,165.85000610351562,124.83114433145964,230.2631591892616,127.60918638254499,166.9199981689453,125.55508285788935,230.62632480699676,97918500,11400700,10810100,21653500
2021-02-18,126.1119155883789,166.32000732421875,126.98558807373047,232.98681640625,126.39386460486962,167.3000030517578,127.1600281501389,233.120611939255,123.8757134782661,165.72999572753906,125.07543796108497,230.18666182885238,125.61605324019762,166.97999572753906,125.59877149923501,231.08500951443722,96856700,7498200,10587800,16925600
2021-02-19,126.26746368408203,167.00999450683594,129.10504150390625,230.29180908203125,127.08417376158879,167.94000244140625,129.82024962837912,233.05374286763362,125.22715268582576,166.60000610351562,127.22105721532382,229.53680847582015,126.62721014953155,166.75999450683594,127.22105721532382,232.94861675471643,87668800,8273500,11969800,25262600
2021-02-22,122.50481414794922,169.50999450683594,130.3174285888672,224.11810302734375,126.12162413344431,169.88999938964844,130.99775408735456,227.386550086894,122.11590849249929,168.3000030517578,128.03222005727807,222.101603324749,124.45905227095189,168.5399932861328,128.101998737754,226.89915507557774,103916400,10072000,11488400,36446900
2021-02-23,122.36869049072266,169.1199951171875,131.3640899658203,222.93304443359375,123.19511031984155,169.74000549316406,132.84685041429984,224.4239133780641,115.10590435605963,168.27999877929688,130.47442837316328,218.5942185745613,120.32694520179423,169.47999572753906,132.14907687709675,220.1233231539587,158273000,8616800,16234400,30228700
2021-02-24,121.87285614013672,169.0,133.6754150390625,224.1563262939453,122.07702996162088,169.13999938964844,134.11152171996514,224.77751683776836,118.83940802921852,167.14999389648438,130.92794827294384,218.85226200566777,121.47423317945595,167.64999389648438,130.92794827294384,219.81750035690945,111039900,8890600,15061400,26339700
2021-02-25,117.63379669189453,165.82000732421875,131.86123657226562,218.84271240234375,122.9520628532438,167.66000366210938,135.1058720053697,224.1945494104652,117.19628243074794,165.4499969482422,131.346633777872,217.78189953492432,121.22144033722896,166.9199981689453,134.55638652530632,221.795780936671,148199500,16359400,18127700,39542200
2021-02-26,117.89630126953125,161.80999755859375,128.36370849609375,222.08251953125,121.3867126364465,165.10000610351562,131.5908970237132,224.94001393985326,117.83796059992733,160.9499969482422,127.78804417086826,219.36835773748183,119.18940199791072,165.0,131.09374205841985,221.27017985864828,164560400,23730400,19829200,37819200
2021-03-01,124.24517059326172,161.52999877929688,131.2681427001953,226.44039916992188,124.38128647028813,163.35000610351562,132.03569490307837,226.9469119322539,119.38386807729292,161.16000366210938,129.50626755672417,222.8183385683915,120.31723727022785,163.02999877929688,130.41337712539013,225.4464768789382,116307900,13828300,14845500,25324000
2021-03-02,121.64924621582031,162.41000366210938,130.84075927734375,223.50643920898438,125.1493828138184,162.92999267578125,132.384581098645,226.78445210469692,121.54229695879663,161.22000122070312,130.69248456022447,223.10505255325617,124.84798440825688,161.92999267578125,130.90182061852883,226.50729480119938,102260900,11424600,14221700,22812500
2021-03-03,118.6740951538086,160.6199951171875,133.37017822265625,217.47605895996094,122.2228468911316,161.69000244140625,135.1756533653807,223.22929686707522,118.46019669139757,159.49000549316406,131.54725508228984,217.18935003891934,121.34781109843091,160.61000061035156,131.90485252595272,221.87222352894128,112966300,13059900,14324100,34029500
2021-03-04,116.7976303100586,159.0399932861328,131.32044982910156,216.68284606933594,120.1713748286418,161.4600067138672,134.6523114676596,222.18761091263715,115.32952255835691,158.42999267578125,129.6283536720471,214.32229870294404,118.37269470881503,160.60000610351562,133.10848999430613,216.69241226941966,178155000,13870100,20093900,44727800
2021-03-05,118.05187225341797,159.13999938964844,131.625732421875,221.33705139160156,118.55745188502343,159.82000732421875,133.87604467700362,222.93304647278703,114.30867068121566,158.5500030517578,129.06142279838141,216.4248222073289,117.62408266255089,159.66000366210938,133.6405433234997,219.34922125325087,153766600,12821600,18465100,41872800
2021-03-08,113.1322250366211,157.49000549316406,133.37017822265625,217.31358337402344,117.64351287063639,158.74000549316406,135.5943254552518,223.0285853688386,112.98638448752729,157.1300048828125,131.4861937450043,217.06511009863868,117.57545493676041,158.5800018310547,132.98640212806907,221.11721209862156,154376600,12134900,17133300,35267400
2021-03-09,117.73101043701172,160.83999633789062,132.42819213867188,223.42039489746094,118.67410422916818,161.25,134.53894744807985,224.94949917221666,115.4948159266102,160.4199981689453,130.67504759847006,221.40389574415366,115.72815634992203,160.75,132.14036005435398,222.56028285704778,129525800,10382600,16238800,33080500
2021-03-10,116.65182495117188,161.66000366210938,135.30648803710938,222.12071228027344,118.78107052799325,161.77999877929688,136.20486690078857,226.49775933721102,116.13652062478559,160.66000366210938,132.14906603482623,221.75754664949608,118.31438961434448,161.05999755859375,132.49795942926417,226.49775933721102,111943300,7962000,14342200,29746800
2021-03-11,118.57688903808594,161.52000427246094,134.59999084472656,226.6219940185547,119.79221465640565,161.97999572753906,136.1961298039182,228.5715884889649,117.89630965893046,161.1199951171875,133.76266004661483,223.92695049895786,119.14080190524842,161.47000122070312,134.41682015769786,224.5481556095097,103026500,6749200,11771500,29907600
2021-03-12,117.67268371582031,161.49000549316406,136.19613647460938,225.30316162109375,117.80879958845243,161.69000244140625,137.48702207279578,225.37006669631376,115.85456138090896,159.35000610351562,135.254157580364,222.89482681776772,117.06016228897577,159.5399932861328,136.81541393269143,223.64026135026475,88105100,8608500,12849500,22653700
2021-03-15,120.55057525634766,162.1999969482422,135.5158233642578,224.40481567382812,120.56029993815383,162.5500030517578,136.86775711193954,224.7679813250752,117.07960562741921,161.42999267578125,134.28601229767517,221.53775526745213,118.04214884674406,162.30999755859375,136.37060227841113,224.5481774437209,92403800,8104500,12101100,26034900
2021-03-16,122.08674621582031,162.35000610351562,133.89352416992188,227.17628479003906,123.69097746560344,163.1999969482422,134.8442472452134,229.42213971544066,121.26032630464678,161.80999755859375,132.74220897325014,225.4847153006478,122.21313740579694,162.36000061035156,134.39940972763037,225.80964526868732,115227900,7547400,12805600,28092200
2021-03-17,121.2991943359375,163.50999450683594,135.2715301513672,226.5359344482422,122.36867915797167,164.14999389648438,136.83279909567784,227.97903047832395,118.94631882615363,161.47999572753906,133.4922212350623,222.8947710090427,120.60889042882674,162.27000427246094,135.48958343227747,225.68537399809483,111932600,12626700,13952400,29562100
2021-03-18,117.18656921386719,162.55999755859375,137.5044403076172,220.49609375,119.76306129363483,162.82000732421875,141.02818997659742,223.81232862528014,116.98239537750578,161.11000061035156,137.03345091685122,220.12337642368504,119.47138014582727,161.14999389648438,137.46084028376376,222.254554234018,121229700,8711100,21898500,34833000
2021-03-19,116.66152954101562,163.24000549316406,135.31521606445312,220.14244079589844,118.06158696536845,163.42999267578125,136.01298959949708,222.16849196675588,116.36013117462356,162.42999267578125,131.86997503951997,219.18675408019257,116.57402966087285,162.55999755859375,135.63793083448013,220.78274914550676,185549500,6868900,54418800,46430700
2021-03-22,119.96722412109375,163.0,131.6781005859375,225.5325164794922,120.4339124312078,163.1300048828125,134.29474163093764,226.40218032029384,116.92405138540522,162.16000366210938,131.36410312818052,219.94174328047853,116.99210932461362,162.27000427246094,133.27425322045855,220.06598722171685,111912300,5240000,19944800,30127000
2021-03-23,119.14080810546875,161.80999755859375,130.3610382080078,227.0520477294922,120.79364806529563,162.49000549316406,132.68111605024924,230.36828174208702,118.75190240381558,161.58999633789062,129.92493144916907,226.56465276267915,119.90889482634996,162.4499969482422,131.1198597095322,226.96603942639962,95467100,6048300,17076300,31638400
2021-03-24,116.7587661743164,162.3699951171875,131.372802734375,225.0260009765625,119.49082337056949,162.88999938964844,133.60566732850776,227.45343882328078,116.73932422708299,161.94000244140625,130.70992521703022,224.8922054193831,119.41304074611715,162.2100067138672,130.83203458361803,227.31009164866788,88530500,6183700,13079800,25620100
2021-03-25,117.24490356445312,161.77999877929688,133.05618286132812,222.0442352294922,118.28522953966727,163.5800018310547,133.4225109639218,226.4403997014099,115.69901275290125,161.32000732421875,130.24765409918703,221.30836700029914,116.22403437317163,163.05999755859375,130.8320355944381,224.87307416129178,98844700,8398600,15608300,34061900
2021-03-26,117.84770202636719,162.24000549316406,135.2715301513672,226.00076293945312,118.11021653249013,162.72999572753906,135.58552740823464,226.22058135679828,115.62122444554402,161.64999389648438,133.05611467324172,221.28923500414234,117.01155734823239,161.7100067138672,134.58248763961373,221.28923500414234,94071200,6153900,16754400,25479900
2021-03-29,118.02268981933594,160.30999755859375,133.16957092285156,224.8157196044922,119.17968207349621,161.52000427246094,134.08539789808074,226.30658835779485,117.38100181008681,159.8300018310547,131.73914109897154,221.60461206560177,118.27547960128655,161.4600067138672,132.68113341844236,226.1058877567179,80819200,8409300,17570300,25227500
2021-03-30,116.57403564453125,157.57000732421875,134.73953247070312,221.57594299316406,117.06016589541106,158.1999969482422,135.95190865581202,223.48731618410747,115.56288383257017,157.5500030517578,134.21621237657428,220.85917804656026,116.7782094597697,157.94000244140625,134.7220977838104,223.18148947389884,85671900,8353200,13184300,24792000
2021-03-31,118.7616195678711,159.9600067138672,132.7770538330078,225.3222198486328,120.09361168317854,160.67999267578125,134.7482648080813,228.5046577799914,117.78935908416811,158.0500030517578,132.6811098182129,222.09199467370163,118.27548932601961,158.05999755859375,133.69288064533723,222.58895575814168,118323800,10623800,16736700,43623500
2021-04-01,119.58804321289062,161.97999572753906,134.06793212890625,231.61070251464844,120.7353109160336,162.11000061035156,134.13769749142878,232.07897971518804,119.09218827381586,161.27999877929688,132.18394792670048,227.50124634567533,120.22973871260609,161.55999755859375,132.48921464172892,227.90263305297643,75089100,7105200,16561500,30338000
2021-04-05,122.4075698852539,161.9199981689453,134.77859497070312,238.03289794921875,122.66035963326995,162.39999389648438,135.93670418932095,238.88345854528154,119.6560715317053,161.36000061035156,133.883706997016,231.9451636368873,120.43388271740518,161.52000427246094,135.4629273681381,232.0025025067712,88651200,6163800,13508000,36910600
2021-04-06,122.70901489257812,163.22000122070312,133.83102416992188,236.87655639648438,123.60349290409206,163.52999877929688,135.3576186858573,238.3483078109706,122.16455130604965,162.75,133.2344323236305,235.93998731453857,122.99097136924752,162.7899932861328,134.05036176999454,236.63763467069845,80171300,6761200,13071600,22931900
2021-04-07,124.35211944580078,162.75999450683594,135.9279022216797,238.8261260986328,124.37156139198876,163.30999755859375,136.19111004078079,239.8104823385441,121.66867838856395,162.5,133.9275442162006,236.23622303026858,122.33954050731289,162.82000732421875,134.32236263850515,236.8287441813467,83466700,5436000,16903500,22719800
2021-04-08,126.74386596679688,164.50999450683594,136.09461975097656,242.02764892578125,126.77303259187028,164.77000427246094,136.43678594687682,242.87820947789177,124.95491039655207,164.13999938964844,133.62926672573258,240.83304058952368,125.3729752462817,164.1699981689453,135.111991370403,241.5689234077923,88844600,6574500,12335500,23625200
2021-04-09,129.3106689453125,163.27000427246094,137.11231994628906,244.51243591308594,129.34955284443396,163.66000366210938,137.77910143331653,244.64623146115184,125.87858997142516,162.47999572753906,135.96299306002243,241.2535409277266,126.199437772379,162.75,136.69996418578512,241.66447918870722,106686700,6657900,12122400,24326800
2021-04-12,127.59947204589844,162.27999877929688,136.82284545898438,244.56979370117188,129.16481202818863,162.8000030517578,137.96340410039238,246.25181167284637,127.0063925535893,161.80999755859375,136.48946128058628,243.3369496576039,128.84396428623276,162.72999572753906,136.4982299685697,243.42297254578972,91420000,4896700,12273400,27148700
2021-04-13,130.7009735107422,163.42999267578125,135.19094848632812,247.0354461669922,130.9246041100814,163.85000610351562,136.1648081715784,247.70443852421852,128.27032223067465,163.02999877929688,133.73454330166422,245.44900274248587,128.76618458654,163.17999267578125,135.7700030856245,245.85997018976445,91266500,6995900,16113600,23837500
2021-04-14,128.36753845214844,162.72000122070312,132.66415405273438,244.2639617919922,131.255153005102,163.0500030517578,134.96280771592544,247.3603773878888,128.00780685424039,162.3000030517578,132.41848363519478,243.85302350789357,131.19681975522676,162.77000427246094,132.89226032729474,246.0702236664277,87222800,6312300,19939600,23070900
2021-04-15,130.76907348632812,165.35000610351562,133.50643920898438,248.00071716308594,131.25520387103566,165.7899932861328,133.53275865600241,248.41165547510374,129.93292863121027,164.02999877929688,131.0059980311169,246.30916207730016,130.10794328417643,164.07000732421875,132.6992782633799,246.50028193242102,89347100,8250600,17694100,25627500
2021-04-16,130.4384765625,166.35000610351562,134.4978790283203,249.185791015625,130.9343240931431,166.80999755859375,135.55946598925112,249.43427894055287,129.58288254678484,165.94000244140625,133.96269450995754,246.1849493391281,130.57459244358938,166.24000549316406,134.9979620181255,247.97207916164925,84922400,10057600,13773400,24878600
2021-04-19,131.09959411621094,165.88999938964844,133.92758178710938,247.27435302734375,131.71212294052938,166.44000244140625,135.00673280942917,249.89295426523887,129.64120345679902,165.72000122070312,133.55032740416715,246.39513764707326,129.80648595127033,165.91000366210938,134.60314558861444,248.66011032775415,94264200,5721700,11900200,23209300
2021-04-20,129.4176025390625,166.47999572753906,130.9620819091797,246.8156280517578,131.7704712922572,166.80999755859375,133.13790688612255,248.66966236946797,128.15366085563892,165.6199951171875,130.4181156244667,245.45854026133196,131.27462375202614,165.64999389648438,133.1291382026267,246.39512361896334,94812300,6532000,13716700,19722900
2021-04-21,129.79676818847656,168.1300048828125,132.07632446289062,249.03280639648438,130.03983329744375,168.38999938964844,132.13774541732576,249.12838089145183,127.65779819666872,167.14999389648438,128.78626043456,245.8503827872793,128.6883918850069,167.17999267578125,129.66361084211482,247.46549550693396,68847100,8380200,12236700,24030400
2021-04-22,128.280029296875,167.0399932861328,129.29513549804688,245.7739715576172,130.4287163012516,167.52999877929688,131.8657793567874,250.17967342609856,127.76473251290152,166.49000549316406,129.19862641009473,244.31175743059978,129.349506750087,167.11000061035156,131.80435839749703,248.67923824586626,84566500,7680100,15256100,25606200
2021-04-23,130.5940399169922,166.39999389648438,131.76930236816406,249.57757568359375,131.37183646308597,167.52999877929688,132.5940141593287,249.92163806126072,128.49395363729542,165.77999877929688,128.698574950948,245.86950662395327,128.49395363729542,167.3699951171875,129.1284682214804,246.45249067643994,78657500,7106400,14041900,21462600
2021-04-26,130.98294067382812,166.83999633789062,132.09388732910156,249.9598846435547,131.3135056957382,166.8699951171875,133.7608612886573,250.81045994172908,129.85511489088012,166.0500030517578,131.9359706671711,248.6410612857112,131.08988992627178,166.6300048828125,132.2869055074428,250.06502536327486,66905100,4786600,10799100,19763300
2021-04-27,130.66209411621094,166.4199981689453,132.69931030273438,250.36123657226562,131.65380402656527,167.14999389648438,132.9800689884577,251.5271754691303,130.38986235031265,166.27999877929688,131.69913091263928,248.59321041055176,131.26489090705445,166.9199981689453,132.0412971937952,249.9885047739333,66015800,5363500,12821200,31014200
2021-04-28,129.87454223632812,166.91000366210938,133.55908203125,243.27963256835938,131.27459954530588,166.9600067138672,134.13813665729336,245.17190295591053,129.3884120504617,165.49000549316406,132.83087940528182,241.74097621748868,130.5842881537486,165.75,133.73454947896698,244.7322660233425,107760100,6932200,8943700,46903100
2021-04-29,129.7772979736328,166.22000122070312,136.15602111816406,241.3204803466797,133.2677236525645,166.25999450683594,136.23497944724213,244.75140720821997,128.77587107243528,164.47000122070312,134.4100888693724,237.96602476539408,132.68436155056918,165.5800018310547,134.70838481520443,244.13976820979863,151101000,9067600,12976900,40589000
2021-04-30,127.81336975097656,165.66000366210938,134.94529724121094,241.0050811767578,129.8551078660134,166.0,135.54190262651443,241.8652080140417,127.43418875564703,165.24000549316406,134.2434140650396,238.5394221580297,128.12448539137938,165.86000061035156,135.19973641888575,238.67321772170197,109839500,6248700,11705100,30945100
2021-05-03,128.8634033203125,167.80999755859375,134.55050659179688,240.69924926757812,130.35097557067442,168.42999267578125,136.41048582924128,243.0789143649509,128.1731066561789,167.41000366210938,134.3487196751878,239.99203587034623,128.37727305832388,167.61000061035156,135.85776398050254,242.1710003473486,75135100,9014700,11801100,19626600
2021-05-04,124.30350494384766,166.5800018310547,136.41046142578125,236.8096160888672,127.84254003096058,168.5500030517578,136.55084072844346,240.07807764415418,123.18540387178189,165.5,133.4801137660702,234.8695731306713,127.55085891033158,167.69000244140625,134.12057592691917,239.84870757177288,137564700,10267400,12977700,32756100
2021-05-05,124.54656982421875,167.27000427246094,138.20030212402344,235.548095703125,126.83137298490321,167.30999755859375,138.8670839143264,238.44382515868284,124.42017121810461,166.61000061035156,135.66475884091875,234.9269051980848,125.61604742001238,166.6300048828125,136.86672515610664,238.02332068891104,84000900,5950000,10506700,21901300
2021-05-06,126.14108276367188,170.05999755859375,140.98146057128906,238.6636505126953,126.15080002789722,170.2899932861328,141.09552042555404,238.78789445794553,123.60347484441658,167.9199981689453,137.88441423263083,233.84699565822487,124.34239490228468,167.9499969482422,138.682806437872,235.52899910622892,78128300,13574100,13542400,26491100
2021-05-07,126.8130874633789,171.58999633789062,141.46405029296875,241.27267456054688,127.835683170004,172.5500030517578,141.69215668553827,243.03113461686635,126.10212100699981,171.0,137.76162878103668,240.03983053154383,127.43639054602403,171.52999877929688,137.93709626665253,240.97639942940194,78973300,14748600,14257800,27032900
2021-05-10,123.54071044921875,172.11000061035156,141.44647216796875,236.22665405273438,126.16052814080854,172.83999633789062,143.64861746920158,240.57503186928486,123.50175308554266,171.77999877929688,141.35873174847708,236.1693151784812,126.03392971198666,172.74000549316406,141.69212927777525,239.75314064553547,88071200,8276600,14014300,29299900
2021-05-11,122.62525177001953,172.13999938964844,139.09515380859375,235.31871032714844,122.97585322059021,172.1699981689453,142.4729588660598,235.67232428967642,119.56716154628263,170.27000427246094,138.65647852254918,231.82090841094862,120.2781205077101,170.55999755859375,141.3236317585922,233.71316381907252,126142800,8348200,15451700,33641600
2021-05-12,119.56715393066406,170.42999267578125,138.1388397216797,228.4091339111328,121.38837175558095,171.83999633789062,141.06041862373695,233.55073330745444,119.06072304066647,170.35000610351562,137.7703541016869,227.52035223071903,120.18072314838845,171.42999267578125,140.03392009933415,231.4386591674871,112172300,12666300,14381700,36684400
2021-05-13,121.70976257324219,171.1300048828125,141.69212341308594,232.2605438232422,122.85897882975532,171.27000427246094,142.52560381452486,234.71666570840435,121.01828606564597,170.22999572753906,138.34063765938876,230.72188761127558,121.32993755400423,170.35000610351562,138.77931296407323,231.08505323354785,105861300,8078300,15395000,29624300
2021-05-14,124.12507629394531,172.69000244140625,143.894287109375,237.1536407470703,124.55359993393608,172.6999969482422,144.28032356906098,238.13799684815163,122.56681864446786,171.82000732421875,142.12204828963058,234.61152529388377,122.95638491442686,172.0500030517578,142.47298322353987,234.69753359414418,81918000,9686800,10584000,23901100
2021-05-17,122.97586059570312,174.6999969482422,144.47328186035156,234.3152618408203,123.61864605940792,175.0,144.63121188620602,235.6627836091261,121.9045589198871,173.27999877929688,143.03442780857466,232.7288329763286,123.51151514879045,173.3000030517578,143.33272371737257,235.62456255687053,74244600,11956800,9886800,24970200
2021-05-18,121.5928955078125,175.0399932861328,142.4378662109375,232.30833435058594,123.67706631560182,175.2100067138672,145.20151507034456,235.4907729425289,121.52472197411315,174.4600067138672,142.34135711557974,232.1363031545397,123.25828391420353,175.17999267578125,144.48208119816726,235.35697738232508,63342900,7294000,11098100,20168000
2021-05-19,121.43708801269531,175.16000366210938,141.3499755859375,232.883056640625,121.66108360866002,177.0,141.41138317517598,232.9884255073801,119.65482729355216,174.35000610351562,139.1829182281015,228.55338866338369,119.94700386173781,175.13999938964844,141.25346647086874,229.23348484456213,92612000,20741100,13278900,25739800
2021-05-20,123.98873901367188,175.9600067138672,141.1042938232422,236.10157775878906,124.38804651528841,176.4600067138672,142.00796383963726,237.50968232520998,121.83639430422342,175.11000061035156,139.95496671815567,233.5919015513451,121.96300762442338,175.32000732421875,141.1042938232422,233.68769674460555,76857100,9802800,10426000,21800700
2021-05-21,122.15777587890625,176.0399932861328,142.7098846435547,234.8467254638672,124.66072928690556,176.86000061035156,143.20119895062672,237.87367214593564,121.94351406158702,175.14999389648438,141.20084019337006,234.4348383135843,124.48542483913151,176.5800018310547,141.55177515918987,237.1456784165481,79295400,7677200,10249000,21863100
2021-05-24,123.78421783447266,176.35000610351562,143.48191833496094,240.2205047607422,124.60230780549196,176.58999633789062,144.08729242089208,240.58450892855902,122.65448374065255,175.8699951171875,142.23608202777748,237.08818926220172,122.72265728570756,176.14999389648438,143.32400164505287,237.35639824386888,63092900,5557300,9440300,21411500
2021-05-25,123.58941650390625,177.9499969482422,141.9992218017578,241.12094116210938,124.97237699199731,177.9499969482422,145.3770140988147,242.10757024941074,123.02454584189425,176.0399932861328,141.74478259173748,240.258842900914,124.48541363170318,176.14999389648438,143.7539232715982,241.16883875801892,72009500,8986900,12609100,17704300
2021-05-26,123.54071044921875,177.63999938964844,141.9816436767578,240.90060424804688,124.06662371330985,178.61000061035156,143.65738647047058,242.28954668456396,123.12192807764754,177.0399932861328,141.52541763407373,240.1917579060202,123.64784134173864,178.3699951171875,143.50823848075424,240.84311836926693,56575900,8495400,13058300,17771600
2021-05-27,122.01170349121094,177.7100067138672,144.19253540039062,238.8124237060547,124.3101365812093,177.82000732421875,144.54347018552497,240.89105082585857,121.81692404847594,176.80999755859375,142.63085284812618,238.75495243524915,123.1414450640804,177.38999938964844,143.84158722795237,240.59410618250013,94625600,7993000,15707500,24426200
2021-05-28,121.35916900634766,178.3800048828125,144.0960693359375,239.16685485839844,122.51812660764142,178.42999267578125,144.71021208688285,241.46580815115777,121.30073666690714,177.24000549316406,143.2362560973061,239.05191230946394,122.29412358918856,177.4600067138672,144.48209235988318,240.4312813618604,71311100,9967000,10291300,18270200
2021-06-01,121.03778839111328,177.89999389648438,145.68402099609375,236.98281860351562,122.07987398745031,178.85000610351562,146.43854279478384,240.70902330225366,120.7066618606694,177.19000244140625,145.18392489574302,236.56135779002153,121.81692100329542,178.75999450683594,145.5260909796081,240.65155203751777,67637100,9143300,9445400,23213300
2021-06-02,121.79743194580078,178.77000427246094,145.6928253173828,236.88706970214844,121.97273640244447,178.77999877929688,146.90357331981969,238.77412110013952,120.81378617886122,177.97000122070312,145.22783061242217,235.48853873601223,121.03778177713107,178.33999633789062,146.74564326470306,237.68212307529706,59278900,6613100,10498600,19406700
2021-06-03,120.31710052490234,175.27000427246094,145.78936767578125,235.364013671875,121.5929229854548,175.8300018310547,146.7369080607674,235.96747662588672,119.91779300131472,174.66000366210938,144.4645729067418,232.76811590692853,121.4273597133934,175.8300018310547,145.12258594737304,234.8946406042707,76229200,10153900,13354400,25307700
2021-06-04,122.60578918457031,177.16000366210938,146.02626037597656,240.23008728027344,122.86874960294172,177.57000732421875,146.22804729920617,241.05387621610285,120.61900768168596,176.61000061035156,144.78919261057115,237.0881979939227,120.83326952469692,176.64999389648438,145.82447345274696,237.32767135182317,75169300,8375300,8510800,25281100
2021-06-07,122.6155014038086,177.8699951171875,145.3419189453125,243.1229248046875,123.02454259085992,177.89999389648438,146.6053060845933,243.39113379101272,121.57341603849724,176.6300048828125,144.88569283672572,239.29135115284882,122.87845432966799,176.9600067138672,146.51756566041192,239.45419127909673,71057600,7709100,7267200,23079200
2021-06-08,123.43359375,177.32000732421875,144.7628173828125,241.93516540527344,125.10873085926178,177.5399932861328,145.42959887375207,245.23032134430707,122.91742162506401,176.3699951171875,143.1484958443452,241.87767951827612,123.2972466766342,177.22999572753906,144.31537349396808,244.41610603256754,74403800,5905800,10370700,22455000
2021-06-09,123.81343078613281,176.97999572753906,142.95550537109375,242.91221618652344,124.41725890545642,177.8000030517578,144.0785130403404,244.77053196890688,123.21934386738059,176.77999877929688,142.37645077645823,242.54822658507075,123.89134552998598,177.3800048828125,144.00832338759906,243.1229539319254,56877900,6346100,12377400,17937600
2021-06-10,122.82005310058594,177.74000549316406,140.7270050048828,246.40853881835938,124.84579201187799,177.85000610351562,144.97339130231123,246.61927657838774,122.65448983014099,176.47999572753906,140.6480466783574,242.98886628752862,123.70630923030153,176.6999969482422,144.20131863235963,243.58275563871968,71186400,9896600,12119400,24563600
2021-06-11,124.0276870727539,175.74000549316406,140.63050842285156,247.03115844726562,124.1153430132604,176.57000732421875,141.42890060595343,247.60587113723255,122.81029711830921,175.47999572753906,139.5513710358222,245.80502675510013,123.22907955985254,176.3300018310547,140.75333695968982,247.1269244072011,53522400,7836900,13683800,18999700
2021-06-14,127.07601928710938,174.7100067138672,138.244140625,248.9469451904297,127.13445162281361,175.05999755859375,140.66562346432084,249.00441645938554,123.75498360492641,172.9499969482422,137.44574836513888,245.98702867626147,124.48541752266156,173.16000366210938,140.50769339474135,247.04071732809936,96906500,7733600,19917900,19150500
2021-06-15,126.2579574584961,174.0500030517578,136.1472625732422,247.4813232421875,127.19291956440452,174.9199981689453,137.67385746909093,249.04269415162125,126.01447944620644,173.33999633789062,135.22605513352613,246.82996275008827,126.55013404538738,174.77999877929688,137.48083926200746,248.8319564356378,62746300,7550200,24485500,18038900
2021-06-16,126.75463104248047,171.11000061035156,137.1035614013672,246.5426025390625,127.47533121654288,174.47000122070312,138.2879765009441,249.60784381199792,125.10873237290743,171.02999877929688,134.33113070915846,243.70723170634307,126.96889285474992,173.91000366210938,135.75243418357306,248.47753664071396,91815000,16919700,25321200,27220000
2021-06-17,128.35183715820312,165.85000610351562,133.14674377441406,249.91436767578125,129.09201968074376,167.6199951171875,138.14765371320848,250.7285828649351,126.26766637763058,165.44000244140625,132.6992997154662,245.23028442320287,126.41376207268152,167.02000427246094,137.83180691062472,245.2877556852528,96721700,27232200,29722400,27565500
2021-06-18,127.05656433105469,164.92999267578125,129.77769470214844,248.50636291503906,128.07916002857564,166.72000122070312,131.33937764569436,251.2555132380224,126.84230250511071,164.8699951171875,129.4618479614702,247.8550021956235,127.30004232774398,166.13999938964844,130.98844277263288,248.69795335373618,108953300,15744300,43595700,37202200
2021-06-21,128.84857177734375,166.9499969482422,131.9798126220703,251.57156372070312,128.955702701089,167.22000122070312,132.65537617020277,252.42407369794967,125.83918700220758,166.0,130.74275874764393,247.05989371561796,126.90074760795298,166.52000427246094,130.79539762902746,248.87988544052254,79663300,8371000,18664800,26696100
2021-06-22,130.48471069335938,166.25,131.78684997558594,254.33033752441406,130.5821078265205,166.9199981689453,132.4536316650738,254.5985465614589,128.18627804148716,166.00999450683594,130.42695376019716,251.35127324580915,128.68298261560656,166.35000610351562,132.1290162012494,251.65780621174397,74783600,7223900,14251200,24694100
2021-06-23,130.2120361328125,166.13999938964844,132.5852508544922,254.10040283203125,130.815871699919,168.02999877929688,133.39241199766653,255.594714380539,129.75429628741554,165.97000122070312,131.68158058619315,253.2957757853417,130.2802171084206,166.97000122070312,131.77808971131788,254.79008733384944,60214200,8474300,12733300,19518700
2021-06-24,129.92962646484375,166.0399932861328,133.8047332763672,255.46058654785156,131.12753427569476,167.22999572753906,134.33991767021917,256.5717463708945,129.4621379224508,166.00999450683594,132.67295690893988,254.29195546090864,130.9424885852543,167.0,133.2870996427108,254.9529042283444,68711000,6903400,13733200,21446900
2021-06-25,129.637451171875,166.58999633789062,135.1558837890625,253.86093139648438,130.3971014851615,167.52999877929688,135.55068894347474,255.9970444803335,129.34527454506005,166.2899932861328,133.0677847498776,253.61189895821977,129.97832637994586,167.4499969482422,133.87494582189876,255.0200036088558,70783700,7473700,15484900,25611100
2021-06-28,131.2638397216797,166.5800018310547,135.4015350341797,257.4050598144531,131.72157948620062,166.91000366210938,135.53313228415558,257.57747357325474,129.87115289056985,166.36000061035156,133.46258409824284,254.7133822825889,129.9295852246422,166.67999267578125,134.8487998096624,254.9815912071404,62111300,6508900,14125800,19590000
2021-06-29,132.77342224121094,164.8300018310547,135.23480224609375,259.9722900390625,132.92925172484664,165.27999877929688,137.1386511783224,260.2117634140492,130.84508067855094,164.00999450683594,134.7698075633852,256.6963106394944,131.28333809814853,164.33999633789062,135.9893241932388,257.5488206535005,64556100,7451400,14528700,19937800
2021-06-30,133.386962890625,165.6300048828125,136.46307373046875,259.4933776855469,133.8252202160753,166.10000610351562,136.93685043782142,259.9340005688029,132.32538776453424,164.2899932861328,134.85753429806402,258.248127663591,132.61756426840589,164.57000732421875,134.89262242323983,259.2922282090203,63261400,7955800,12531000,21656500
2021-07-01,133.68890380859375,166.1999969482422,137.81423950195312,260.16387939453125,133.74733615062,166.8800048828125,137.86687839814098,260.393764479173,132.218287184251,165.5,136.3578342333174,258.24809240227785,133.03638455477136,166.64999389648438,137.0948055545638,258.2576514590782,52485800,7430500,10479400,16725300
2021-07-02,136.3087158203125,167.2899932861328,137.681884765625,265.9591064453125,136.3476657575281,167.72000122070312,137.93779019006493,266.2943749941608,134.15636398642496,166.39999389648438,136.8788916212101,261.02596110039144,134.30244482687868,167.35000610351562,137.61129063007104,261.33249401548636,78852600,7873600,11424000,26458000
2021-07-06,138.3149871826172,168.1199951171875,135.36997985839844,265.9687194824219,139.41549764354806,169.64999389648438,137.46127888466538,267.6067092239565,136.4158617440288,167.5399932861328,134.43463115406732,262.75018203961656,136.4158617440288,169.27000427246094,137.46127888466538,266.32313540922155,108181800,7932100,15083400,31565600
2021-07-07,140.7984619140625,168.75999450683594,135.52877807617188,268.1431884765625,141.11010601971827,169.22999572753906,136.13764056710934,268.8711970757127,138.93828646790567,168.19000244140625,133.72867517920366,265.48024504018343,139.7953189039971,168.72000122070312,134.13457453019439,267.63550596204914,104911600,7108900,12271800,23260000
2021-07-08,139.503173828125,168.64999389648438,133.19041442871094,265.73876953125,140.30177401839643,169.86000061035156,134.59343727062452,266.99360740328524,137.00021261100082,167.91000366210938,132.39624064812526,263.29612410075583,137.88647618396286,169.82000732421875,133.78162505773517,265.24064631130216,105575500,7244300,17834600,24618600
2021-07-09,141.32440185546875,169.2100067138672,137.45240783691406,266.2369079589844,141.85030791189286,169.6199951171875,137.78771301340817,266.3422622068924,138.92857127221868,168.66000366210938,134.6375301033937,263.72723179599774,139.02596843782956,168.83999633789062,135.05226206526058,264.1103833296634,99890800,4997400,13694500,23916700
2021-07-12,140.7302703857422,169.0,139.42019653320312,265.6429748535156,142.5027971874123,169.16000366210938,140.44379108099128,267.98979588025134,140.24331443285035,167.63999938964844,135.8376290803964,264.9341139390114,142.39566628334748,168.6999969482422,136.1994188978054,267.4054950035508,76299700,7315400,19940400,18931700
2021-07-13,141.84056091308594,169.22000122070312,137.34657287597656,269.1489562988281,143.61308810901411,169.89999389648438,138.88196510625443,270.94021266723723,139.88300289690474,168.92999267578125,135.44940419646616,265.71012175658416,140.27256180158014,169.50999450683594,137.69954357144834,265.83462337015317,100827100,7040300,22671700,26120100
2021-07-14,145.25897216796875,171.0399932861328,136.8788604736328,270.6144714355469,145.66802829472786,171.0399932861328,138.78486130650447,271.71604298945186,143.82732030646622,170.27999877929688,134.96404042499427,268.7369793404085,144.23637643322533,170.91000366210938,137.61125931583214,270.4612049849691,127050800,8830300,14622800,23113700
2021-07-15,144.6064453125,171.07000732421875,137.1789093017578,269.19683837890625,146.08679566961968,171.3000030517578,138.12307717875615,270.6145314366444,143.25270826705687,170.33999633789062,135.62586537031598,268.0473543610004,145.3466279214185,170.88999938964844,135.80234396312886,270.1259963441455,106820300,6520100,11539300,22604200
2021-07-16,142.57098388671875,169.41000366210938,134.0463409423828,268.9285583496094,145.85306272785598,170.9499969482422,137.90245206919187,272.1375069226489,142.07429409288326,169.27999877929688,133.26099989342407,267.6928677414366,144.58698895603396,170.64999389648438,137.62008906170453,270.1929845890148,93251400,9460300,14002700,26186800
2021-07-19,138.7337188720703,169.61000061035156,129.68727111816406,265.3460693359375,140.31146593339338,169.91000366210938,132.20213477173385,268.56457724046334,137.97406893394609,168.88999938964844,128.5754438890818,262.89386448508327,139.99980705584846,169.50999450683594,131.081474861304,267.18520835778435,121434600,6707400,22172900,32935600
2021-07-20,142.3372344970703,169.38999938964844,132.10507202148438,267.5588073730469,143.26246279631377,170.8000030517578,133.34925484973104,269.13932573027193,139.23046766424767,168.9199981689453,129.12253399160963,264.62765573380375,139.71742366986297,170.50999450683594,129.29019336693918,266.32311662863236,96350000,6540100,15385200,26259700
2021-07-21,141.6067657470703,168.75999450683594,134.88465881347656,269.55126953125,142.31773204055827,169.0,135.58175402765613,269.66621209300195,140.85686438211923,168.13999938964844,133.5610490567557,265.6143406282734,141.73337903289692,168.3300018310547,134.16991169916005,267.1565353861028,74993500,4622600,12356700,24364300
2021-07-22,142.9702606201172,169.08999633789062,133.1815643310547,274.09173583984375,144.33373124740575,169.19000244140625,135.39641256065912,274.3599449246333,142.006082551789,168.05999755859375,132.33446189988717,271.48626363077506,142.13269584600698,168.49000549316406,134.90226723173632,271.8885626416604,77338200,4793600,9913300,23384100
2021-07-23,144.68434143066406,168.55999755859375,132.9257049560547,277.4729919433594,144.84017089255983,168.8800048828125,134.8669964220075,277.7794956122771,143.0871265980212,167.9499969482422,132.581566984656,274.4364570259696,143.70069581628857,168.5,133.6669231306897,275.26981960045765,71447400,5831500,9666100,22768100
2021-07-26,145.10317993164062,168.16000366210938,133.8169403076172,276.879150390625,145.9212625899734,168.86000061035156,134.09049763269448,277.49221636391906,143.8468249071035,168.0800018310547,132.5109824579729,274.5706523975375,144.40196197857813,168.5800018310547,132.528634358016,276.8312674007215,72434100,5229800,8208000,23176100
2021-07-27,142.94107055664062,168.44000244140625,133.64044189453125,274.4747619628906,145.31741825019225,168.91000366210938,134.55815205840102,277.3867366280159,141.7528967098648,167.92999267578125,132.18447677143647,271.035928428635,145.22975487472473,168.72999572753906,132.71391251417427,277.2430584755565,104818600,6300200,11218700,33604100
2021-07-28,141.19775390625,169.2899932861328,133.86105346679688,274.1682434082031,143.13584408542147,169.3800048828125,134.80523481497434,277.9327573622619,138.82140631068384,167.72000122070312,133.13748719177391,271.87886420658435,141.0321906538661,168.25999450683594,134.38167003186203,276.8215975375424,118931200,7905800,9217300,33566900
2021-07-29,141.84056091308594,171.1699981689453,135.0081787109375,274.4365539550781,142.72682451105,171.52000427246094,135.77586796753158,276.4672839877571,140.8082164410485,170.6699981689453,134.0463589698904,274.034225725681,140.91534736894218,170.6999969482422,135.13171506791187,274.18749223056574,56699500,8119600,9063500,18168300
2021-07-30,142.05479431152344,169.82000732421875,133.931640625,272.91339111328125,142.51253410621536,170.99000549316406,135.59938816137955,274.589704434363,140.35044843873504,169.3800048828125,133.4198433037231,271.95549778694885,140.61340882010876,170.72000122070312,134.6375684289838,273.1624527325547,70440600,7391700,9805200,20944800
2021-08-02,141.72366333007812,169.61000061035156,133.3933563232422,272.8271789550781,143.11635020883497,170.25,136.2876478573174,274.69505336581767,141.4607029570404,169.10000610351562,133.30512377352179,271.79263781236295,142.5417457565108,169.3000030517578,134.15222626598455,274.3023136016928,62880000,10783200,10203200,16267400
2021-08-03,143.51568603515625,169.49000549316406,134.91111755371094,275.03033447265625,144.17793912255732,169.8300018310547,135.29055931734123,275.1357179422913,141.39254995347815,169.2100067138672,131.93741221506667,272.0417118924598,142.0061193250026,169.4199981689453,134.08165336128764,273.40193331425957,64786600,5402300,10394800,17879000
2021-08-04,143.11636352539062,169.52999877929688,133.45510864257812,274.446044921875,143.9344460279435,171.39999389648438,135.33462455342925,275.4805569222393,142.4638442773508,168.99000549316406,133.16391300242958,272.66434801294275,143.42802249439222,171.27999877929688,133.46392785672236,274.1682476532474,56368300,9796300,10155000,16191300
2021-08-05,143.2234649658203,168.86000061035156,135.14053344726562,277.3293151855469,143.9831149705437,169.44000244140625,135.61704043868053,277.43469867133746,142.35668407013773,168.1999969482422,134.13459069972117,274.0533357906488,143.14555023960324,169.3699951171875,134.37284419542863,274.8004915502387,46397700,8015000,9151500,13900200
2021-08-06,142.54075622558594,164.63999938964844,138.97903442382812,277.2718200683594,143.48686754429556,165.92999267578125,139.26141098845338,277.3101439901318,142.04332223777357,164.5500030517578,136.87008326543526,275.50929969046035,142.74559073997008,165.83999633789062,136.94067740659156,276.3618388625209,54126800,13547600,13328800,16589300
2021-08-09,142.49197387695312,161.72000122070312,138.8289794921875,276.18939208984375,143.0869508994325,163.2899932861328,139.9055162142255,279.2738100175353,141.936020036627,161.25999450683594,137.5671315298687,275.6912980438974,142.59926530339968,163.00999450683594,138.99663883709604,277.549613584763,48908700,11547000,9516900,16117600
2021-08-10,142.0140380859375,161.77000427246094,140.53204345703125,274.3789978027344,144.0720717018618,162.11000061035156,141.16737716497397,277.0706760159155,141.72142377939727,160.67999267578125,137.92894717656085,273.19121929801037,142.83334623786462,161.38999938964844,138.3083889436853,276.6396122772204,69023100,6870800,8667000,18616600
2021-08-11,142.26763916015625,164.0,142.2086181640625,274.8675842285156,143.10645895995768,164.1699981689453,142.50863310755705,276.5055741233187,141.94576488875748,162.67999267578125,140.37321124267044,273.82345446458055,142.45296206335397,163.14999389648438,141.1850235121308,275.1166166899906,48493500,7382400,9156500,13955900
2021-08-12,145.22300720214844,164.0399932861328,142.76451110839844,277.60711669921875,145.37907015513477,164.10000610351562,143.27630838442684,277.76038316922904,142.24812227389452,162.92999267578125,141.670335900191,274.28322503938256,142.58950812317931,163.64999389648438,142.84393790935846,274.5610223433131,72282600,5211700,8844200,14561300
2021-08-13,145.4278564453125,166.38999938964844,141.16737365722656,280.5190734863281,145.75947909182239,166.4600067138672,143.09102663193553,280.5669564608098,144.61829653790267,164.88999938964844,140.80559726222518,277.118534553158,145.30105342277125,165.02000427246094,142.76452710451028,277.29097757297944,59375000,7466900,8980900,18249000
2021-08-16,147.39813232421875,167.22000122070312,140.2408447265625,282.1954040527344,147.4664154712031,167.38999938964844,140.32909075362585,282.40614177195425,142.86266092528632,166.58999633789062,138.3436763247806,277.80823587058995,144.88167213643467,166.72999572753906,140.24967740794082,280.84477083854165,103296000,7776500,8755800,22507600
2021-08-17,146.49102783203125,166.97000122070312,138.54661560058594,280.73931884765625,147.9443216421731,167.72999572753906,140.17907272720126,281.0745873053995,145.41811337630122,166.55999755859375,137.01123717510467,278.82353249778595,146.5300361381551,167.2899932861328,139.0407744647082,280.0783994509244,92229700,7107000,9347200,20075300
2021-08-18,142.75531005859375,167.10000610351562,137.2847900390625,279.0215148925781,147.0079285089272,167.50999450683594,139.42903113923518,282.9467958439038,142.55047558587256,166.25999450683594,137.07300765476205,278.58001926830815,146.11058891263426,167.24000549316406,137.92894294435325,280.2787552513025,86326000,7697900,8065500,21813000
2021-08-19,143.08689880371094,166.61000061035156,136.1376495361328,284.8182373046875,144.35488386833921,167.2899932861328,137.26712857814314,285.490058075922,140.94108593902038,166.16000366210938,135.01698971035066,277.01567958739867,141.45803129196472,167.24000549316406,135.14935874048683,277.0636542331081,86960300,6934300,9517700,29850500
2021-08-20,144.5402374267578,166.6999969482422,136.5259246826172,292.1025390625,144.84260006919433,167.13999938964844,136.6847513779588,293.52294577742174,143.1649606824682,166.36000061035156,135.14937279850864,286.0562697795544,143.80870914358007,166.8000030517578,136.1994386103348,287.64942035089217,60549600,7154000,6974100,40817600
2021-08-23,146.0227813720703,168.72999572753906,138.2730712890625,292.38092041015625,146.4909552284507,168.91000366210938,138.61720922433867,293.1007158957985,144.2475992220361,167.9600067138672,136.98476556806037,289.6936956458467,144.65725320674125,168.82000732421875,137.06417890748125,291.03730802800146,60131800,8190500,7934600,22830200
2021-08-24,145.9350128173828,168.64999389648438,139.12904357910156,290.4326477050781,147.1444782861979,169.27000427246094,139.90556567659948,293.3406200208981,145.47658722985506,168.52000427246094,138.42311562359944,289.8376215126441,145.76920152361467,169.0399932861328,138.5378327873996,292.73598718389235,48606400,4519200,7670900,18175800
2021-08-25,144.7060546875,167.47999572753906,141.996826171875,289.8472595214844,146.6177885615759,167.9199981689453,142.75569616047386,292.3233431392219,144.15984926147306,166.74000549316406,139.24372270833126,288.3212965855392,146.12033978338724,167.8800048828125,139.87022366767383,292.04501401347983,58991300,5588800,11335000,20006100
2021-08-26,143.90625,167.6699981689453,142.72921752929688,287.0448303222656,145.44733817166107,168.2100067138672,144.5646242297973,290.2503159413958,143.87699005673284,166.8300018310547,142.1997683690645,286.9104837323351,144.6963131171606,167.2100067138672,143.17923989037837,288.8683063071112,48597200,4371900,11027500,17666100
2021-08-27,144.94017028808594,170.19000244140625,143.8763427734375,287.6495056152344,145.08647001894514,170.19000244140625,143.97340800020234,288.75318629866223,143.2137590490284,166.8699951171875,142.29682803466864,284.8758792924729,143.84774439339665,167.5800018310547,142.7292119474304,286.9488940495873,55802400,10036400,8780200,22605700
2021-08-30,149.34881591796875,169.35000610351562,141.5732879638672,291.3636169433594,149.70971334019745,169.83999633789062,144.264630233666,291.9682498481404,144.9498976782118,169.08999633789062,141.079142523731,288.9355079671407,145.33029180641267,169.66000366210938,144.01755751359792,288.9930892639242,90956700,3768600,7937600,16348100
2021-08-31,148.09059143066406,169.69000244140625,141.14089965820312,289.7225036621094,149.03670255975587,169.9199981689453,142.39391511867103,292.23698468985657,147.56388271808643,168.75,140.61146390185988,289.3578025746856,148.90015120519527,169.22999572753906,141.57328363733515,292.1602193870829,86453100,6336000,12340800,26285300
2021-09-01,148.75387573242188,169.6999969482422,140.9379425048828,289.67449951171875,151.163044100905,170.0,141.85563917935198,292.89919870843596,148.5880643927795,169.16000366210938,140.27613774611248,289.3481957201944,149.06600170091482,169.94000244140625,141.37914567739637,290.67262417838776,80313700,4764900,8729900,18983800
2021-09-02,149.86578369140625,169.25,141.59092712402344,289.0218811035156,150.9094380524186,169.6300048828125,142.60568902840595,291.14287031326114,148.64656965264444,168.82000732421875,140.68203620727675,288.0909444169398,150.08036655286702,169.5,141.2026661804312,290.02961237848854,71115500,4599800,8813300,16285600
2021-09-03,150.49978637695312,171.05999755859375,140.73495483398438,289.0122375488281,150.8216606743961,171.5500030517578,141.97031799784125,290.413430936319,149.3195806196622,170.14999389648438,140.43492652466315,288.16767300122905,149.9730775691431,170.58999633789062,141.5291149443997,288.8682550507009,57808700,8353300,7959700,14747900
2021-09-07,152.8308868408203,167.7100067138672,140.48789978027344,288.0909118652344,153.386840580654,169.77999877929688,142.4027196560747,288.96426715610795,150.5875305279746,167.6300048828125,140.2672982259491,286.1906707011484,151.15324750307346,169.55999755859375,141.17617555260935,288.8875018649386,82278300,10004600,9285600,17180400
2021-09-08,151.289794921875,167.2899932861328,139.86143493652344,288.1197509765625,153.17225378958634,168.0800018310547,140.81443560419146,288.5036360740859,150.18762094012845,166.6999969482422,139.45552200856193,285.4901073055441,153.113733911437,168.02000427246094,140.20557294447673,287.7070752289388,74420200,6576000,7852700,15046800
2021-09-09,150.27542114257812,168.02999877929688,140.47027587890625,285.2789001464844,152.26517148741016,168.27999877929688,141.9174218250843,289.9719800475994,150.15836649901337,166.8300018310547,139.4908042439383,285.0389683549398,151.66044621375175,168.1699981689453,139.65846361294814,288.7051331589924,57305700,6641400,7904300,19927000
2021-09-10,145.301025390625,167.17999267578125,138.85549926757812,283.8009948730469,151.65068551937273,168.0800018310547,141.820385900014,287.84146850871275,145.03767104191758,167.14999389648438,138.73196288557895,283.4842977028129,151.18251158621138,167.80999755859375,141.67919761645615,286.4018773396256,140893200,7426300,8311600,19633400
2021-09-13,145.86680603027344,167.74000549316406,141.0614471435547,285.0294189453125,147.69074591305593,168.22000122070312,141.22910646573186,286.51701392472955,145.08650587919956,167.39999389648438,139.48194606539198,282.2366088163071,146.92020900177502,167.4499969482422,139.88784535276375,285.56686392320825,102404300,5474300,10052800,23652900
2021-09-14,144.4719696044922,168.82000732421875,138.59957885742188,287.7166748046875,147.34932639599026,169.16000366210938,142.3674444678126,289.2522444456008,143.2917788504928,167.47999572753906,137.88481836768284,286.0947332155957,146.64705797915482,168.22000122070312,141.58210331522693,287.49592696697243,109296300,7922900,11685600,21853400
2021-09-15,145.3595733642578,167.8300018310547,139.56138610839844,292.5440673828125,145.7594791408811,168.36000061035156,140.02906037851577,293.02393100782655,142.76508231790012,167.4499969482422,138.0701172807047,289.66488563272827,144.90114769505237,168.1300048828125,138.29071885960727,291.0468952158528,83281300,5624900,11691500,28356300
2021-09-16,145.12545776367188,164.02999877929688,139.49961853027344,292.9279479980469,145.301032298818,164.44000244140625,141.93506870652368,293.0143199346179,143.59413289330473,163.22999572753906,138.73192930399588,288.647572728406,144.78408681235823,164.3800048828125,140.66440139099356,291.52675443497674,68034100,11780400,10880900,19550800
2021-09-17,142.4627227783203,163.77000427246094,139.13783264160156,287.79345703125,145.15475696069768,164.32000732421875,140.311434752066,292.23699967637344,142.17010842593353,163.39999389648438,138.5378027613687,287.467153222757,145.15475696069768,163.86000061035156,138.87312149705937,291.92030251442793,129868800,8369700,25581600,41372500
2021-09-20,139.41957092285156,164.94000244140625,134.972900390625,282.44769287109375,141.27277037212733,165.27999877929688,136.38474267247824,286.689699826259,137.79070269716544,164.07000732421875,132.79335531940697,277.86019819512114,140.2583908056045,164.2899932861328,135.79353194974257,284.39593784399835,123478900,7566600,15819900,38278700
2021-09-21,139.89749145507812,166.0399932861328,134.9905242919922,282.9276123046875,141.03868891632874,166.6300048828125,136.37590877203897,285.5572851714307,139.26350609481372,165.49000549316406,134.63756712564353,282.22703008079156,140.3851770808151,165.80999755859375,135.4758504940612,283.78178370843756,75834000,7181500,8999900,22364100
2021-09-22,142.25787353515625,165.4199981689453,137.5760040283203,286.5553283691406,142.82357564689215,167.14999389648438,138.75842553591713,288.12929500202966,140.16081684875996,165.02999877929688,136.86125690006335,282.6492610078595,140.89234513594866,165.88999938964844,136.94948947355948,284.77985651789885,76404300,9777800,11236200,26626300
2021-09-23,143.21372985839844,163.50999450683594,142.2262725830078,287.4958801269531,143.45757261545157,164.1999969482422,142.693960413254,288.781911071233,142.05303595354863,163.27000427246094,139.12903062880142,285.5476350659735,143.03815533417017,164.10000610351562,139.42022638825827,286.81448200996863,64838200,8451900,12336100,18604600
2021-09-24,143.30154418945312,163.3000030517578,143.86753845214844,287.29443359375,143.83800136075783,164.0,144.352864681638,287.72629339653315,141.97503867631073,162.74000549316406,141.90860856444667,284.9718801518443,142.07258175581498,163.0,142.45569624253298,286.2195434776333,53477900,6937500,10102400,14999000
2021-09-27,141.7897186279297,163.63999938964844,147.34422302246094,282.32293701171875,142.36519899589,164.36000061035156,147.71483211012122,284.53029765067646,140.27790504587242,163.50999450683594,145.2529240762158,281.14246212180564,141.88726170941032,163.85000610351562,145.59706204793278,284.21360059113965,74150700,4943000,13220900,23571700
2021-09-28,138.4149169921875,162.0500030517578,146.55003356933594,272.1019592285156,141.18496735666514,162.82000732421875,149.39138280936893,279.06959099274184,138.2003341585889,161.72999572753906,146.1794245551296,271.3629795187131,139.7219107001194,162.72999572753906,147.9795274047677,278.12904739871504,108972300,9282800,13387900,43186200
2021-09-29,139.31227111816406,161.32000732421875,146.43533325195312,272.56256103515625,140.89236770909372,162.74000549316406,147.2736166039412,275.2209951886973,138.53197117688373,160.97000122070312,145.63234023012714,271.6124403531808,138.9611368887371,162.35000610351562,146.6647675235906,273.61826695321446,74602000,8360700,7777100,26353700
2021-09-30,138.0150146484375,164.22000122070312,144.44110107421875,270.56634521484375,140.82408826037346,164.9499969482422,147.35304479243578,276.23830803362955,137.80043180958225,162.33999633789062,143.64692726136718,270.27840943903544,140.12181985738948,162.66000366210938,147.29126988350671,274.20369075422246,89056700,10572900,13161200,32343600
2021-10-01,139.1366729736328,164.58999633789062,147.47657775878906,277.45721435546875,139.40002732180153,164.9600067138672,148.5089915737775,278.301779205865,135.68386603878685,163.88999938964844,144.3616844167561,269.9617452410387,138.40514469326044,164.27000427246094,144.7146415713932,270.7583061453329,94639600,6654700,11285000,30086300
2021-10-04,135.71315002441406,165.36000061035156,147.31776428222656,271.7083435058594,138.70754679310303,165.5399932861328,150.39736785206077,276.1614916080159,134.8645818313905,163.47000122070312,146.24122726191567,268.96353787366274,138.26861784072736,163.69000244140625,147.33541618248955,275.82558124270304,98322000,7651700,14120000,31350700
2021-10-05,137.63462829589844,164.58999633789062,149.7234649658203,277.1308288574219,138.73680249578317,164.85000610351562,151.03729209525454,278.70476619683035,135.92772872481194,163.49000549316406,147.95689013320944,272.6104927683687,136.0545317412187,163.94000244140625,148.4362684606215,272.6104927683687,80861100,5617300,12292900,24993000
2021-10-06,138.50270080566406,165.02999877929688,150.0430450439453,281.3056640625,138.64900052233625,165.05999755859375,150.11406455664857,281.8047410195279,134.96209883237336,164.14999389648438,147.36211600814127,274.0117597743309,136.035013031244,164.22999572753906,149.12869082946946,274.2708756099428,83221100,6067200,8692600,28002600
2021-10-07,139.7609405517578,164.16000366210938,150.99293518066406,282.9755859375,140.66804355787346,164.85000610351562,152.25350132856548,284.6935059183277,139.2049866756737,163.9600067138672,150.50468439031033,282.08304662293614,139.53660933038944,164.02000427246094,151.97830912279974,283.2922830435044,61732700,4791500,10195400,20430500
2021-10-08,139.38050842285156,164.22999572753906,151.10833740234375,282.9755859375,140.6289820985626,166.4199981689453,152.10258366508177,284.6935059183277,139.04888585839274,164.13999938964844,150.29163318001045,281.92948674808355,140.48268240335435,166.32000732421875,150.930795361939,284.2904075857707,58773200,8536100,8190100,17685700
2021-10-11,139.292724609375,163.9199981689453,147.93026733398438,282.3805236816406,141.24346653207863,164.5800018310547,152.0581768558747,285.9698937714107,138.3173536480232,163.91000366210938,147.77048358011973,280.96011698698385,138.7660308387561,164.0399932861328,151.6232009399624,281.1232834858587,64452200,3820100,12154700,19298600
2021-10-12,138.02474975585938,164.66000366210938,146.79397583007812,281.0849304199219,139.72190071402855,165.44000244140625,147.97464984992072,283.54182991335233,137.56632417893402,164.30999755859375,146.2702221541923,280.57627613312303,139.70238912610083,164.57000732421875,147.14018749412315,283.44585132765303,73035900,5453000,13032600,17974100
2021-10-13,137.4395751953125,167.58999633789062,142.92352294921875,284.37677001953125,137.91749761325408,167.9199981689453,146.83838791572575,285.307706593833,135.77168370267864,165.27999877929688,142.568438869444,281.67033223174053,137.7614495143466,165.27999877929688,145.6488413483321,283.0331577701654,78762700,11113800,22753500,23416300
2021-10-14,140.2193603515625,168.0,145.11618041992188,290.5574645996094,140.33641501765865,168.22000122070312,145.59554521193775,291.0565122938527,138.02477512030043,167.7100067138672,142.08903964199308,285.8355929980948,138.61000380183043,168.19000244140625,143.5892947185567,287.16002147005213,69907100,5081400,15176800,27262900
2021-10-15,141.2727508544922,165.3300018310547,147.90365600585938,291.9586181640625,141.3312707409973,166.08999633789062,148.40077914352787,292.18897261999524,139.97550546602724,165.10000610351562,145.7109772378225,288.41722227281656,140.22911148485912,165.38999938964844,146.7851289461052,290.1639328949292,67940300,8699200,14267400,25384800
2021-10-18,142.940673828125,164.9199981689453,147.85037231445312,294.91461181640625,143.22352497013978,165.58999633789062,149.67908081294712,295.7975445356027,139.63416555830162,164.80999755859375,147.28222973680852,290.49986035476513,139.91701670031637,165.4199981689453,147.7882251588793,291.3444250695116,85589200,4029600,12672900,22729300
2021-10-19,145.09619140625,165.4499969482422,149.64358520507812,295.81671142578125,145.4960971069184,166.5,149.71459117839504,296.8435972219743,142.94062972963636,165.1999969482422,147.8770102294829,294.8473776272357,143.38929207620686,166.5,148.60493659348077,295.9318739981731,76378900,6588500,8053900,17682100
2021-10-20,145.5838623046875,166.89999389648438,151.65869140625,295.02972412109375,146.0617994269622,167.11000061035156,151.68532202969575,297.22750747620495,144.47194001956103,165.92999267578125,148.65819495147218,293.7820612638545,145.037656955219,166.2100067138672,149.4038794991268,296.7572212605968,58418800,5022000,8185600,16537100
2021-10-21,145.79847717285156,166.75,150.46914672851562,298.2448425292969,145.95454013073487,166.94000244140625,152.0936825045063,298.49435169218145,144.2281290062348,166.24000549316406,149.74120689142813,294.0220192983192,145.14498028007083,166.6999969482422,151.58767356229862,294.79942529790196,61421000,4412400,8415200,16918100
2021-10-22,145.0279083251953,167.77000427246094,152.49314880371094,296.7093200683594,146.48120150945985,169.5399932861328,152.7683409341531,298.5615868809637,144.97913680130506,166.6699981689453,150.6466822127865,295.40407560259746,146.0032792710822,168.6699981689453,150.93963260681446,297.89937264623074,58883400,10703900,8817900,17449300
2021-10-25,144.9791717529297,168.92999267578125,151.7474822998047,295.7208251953125,145.69118854784608,169.2100067138672,153.54068785849694,296.93966851845744,143.98428898104416,168.52999877929688,151.33912346235658,294.1180674595812,145.0181800516583,168.66000366210938,153.31875694687224,296.9012712194873,50720600,4881300,10159200,17554500
2021-10-26,145.64244079589844,167.67999267578125,152.15585327148438,297.62103271484375,147.1249943659197,167.91000366210938,153.1234825041247,299.8188165343258,145.34006320959406,166.6300048828125,151.39241026482318,296.1718643410095,145.65218915043056,167.8800048828125,151.80076917119132,298.47520410987,60893400,6658900,8015100,28107300
2021-10-27,145.1840057373047,168.1199951171875,148.9866943359375,310.1551208496094,146.04232225315448,168.1999969482422,151.5344574331487,312.96711513957035,144.83287151805337,166.86000061035156,148.55170477604668,303.27386241357704,145.68143968000115,167.72999572753906,151.197131583494,303.27386241357704,56094900,5823100,9847000,52588700
2021-10-28,148.8123779296875,168.0800018310547,151.23263549804688,311.28759765625,149.39759166799496,169.25,151.36578865719622,311.786645375774,146.03256430303534,167.52999877929688,149.10210367811152,308.4179927254557,146.1301073675776,168.97999572753906,149.4039265359107,311.2683843629812,100077900,7000700,7212900,26297900
2021-10-29,146.110595703125,166.64999389648438,150.8153533935547,318.2648010253906,146.2471470636249,166.72999572753906,152.90150915464721,318.62950212965984,142.804088225394,165.63999938964844,150.37149161847853,310.8557042019177,143.59413644564216,166.2899932861328,151.96051081319317,311.07645205149026,124953200,7531900,8140100,34766000
2021-11-01,145.29129028320312,167.52000427246094,150.7354736328125,316.1053161621094,146.01305539533712,167.83999633789062,152.98141331145612,318.1399329660543,144.15985619885288,166.91000366210938,150.0341643863311,313.2261348081766,145.3205502265068,167.3800048828125,152.7239658757041,318.01516375454963,74588300,4975600,7435500,27073200
2021-11-02,146.32518005371094,167.16000366210938,151.3302459716797,319.7139587402344,147.8370082711022,167.6300048828125,152.413269867337,320.02107850414706,144.98891149464504,166.9600067138672,149.95427165713926,316.71000761817237,144.9986747309846,167.42999267578125,150.73547277416088,317.00752073679007,69122000,3760700,7173800,26487100
2021-11-03,147.75900268554688,165.77000427246094,151.38357543945312,320.5489501953125,148.2271767394299,165.9499969482422,151.91621526755307,321.41269899381626,146.1301344105293,164.3800048828125,150.15851196217935,317.3338575616903,146.68608830895576,165.33999633789062,151.0284912511155,320.4529715980219,54511500,9055200,8402700,21500100
2021-11-04,147.24203491210938,167.64999389648438,149.39501953125,322.8906555175781,148.6758168059769,168.13999938964844,151.090575094797,322.98663410539643,146.92990900121129,167.3699951171875,147.7971276647421,316.2397523503642,147.84676026074618,167.50999450683594,150.91303305913934,319.48363531417436,60394600,6656100,9574200,23992200
2021-11-05,147.76951599121094,169.83999633789062,149.1819610595703,322.5259094238281,148.6681654176707,169.94000244140625,150.9929113329834,325.1459751338179,146.57782514412813,167.85000610351562,148.61381846932426,320.951972099872,148.36536141475236,168.4199981689453,149.9365180294975,324.8772526985791,65463900,9368900,7975600,22570100
2021-11-08,146.94900512695312,170.4499969482422,150.07855224609375,323.4184875488281,148.0527879681065,170.6999969482422,151.72971871249374,324.0519110698877,146.67550378830177,170.05999755859375,149.7944877328828,320.97119469393846,147.89649723038997,170.42999267578125,150.06967988635157,323.7160006633111,55020900,4966100,6413700,20897000
2021-11-09,147.31039428710938,171.2899932861328,148.94224548339844,322.4203796386719,147.91600218212633,171.30999755859375,149.55477685638564,325.078813563159,146.57779832196186,170.1199951171875,147.89473827119485,321.0575540639552,146.71454897260128,170.72999572753906,148.5605308860791,323.5336374688277,56787900,5781200,7990300,21307400
2021-11-10,144.4874725341797,173.14999389648438,148.80023193359375,317.4777526855469,146.64619541359409,174.64999389648438,149.9809059981329,321.15352434002415,144.41910465453822,172.11000061035156,148.3297394888901,316.6332173342628,146.53874739869644,173.6699981689453,148.6493205405367,321.09594304990367,65187100,11461800,6999200,25500900
2021-11-11,144.43861389160156,174.1199951171875,148.79136657714844,319.04217529296875,145.96241109507744,174.27000427246094,149.74122387123737,320.32820650538764,144.25302053135974,173.74000549316406,148.16107680416025,317.19951507073364,145.50333134171993,173.97999572753906,148.71147469687327,317.90970398049546,41000000,5959600,5815300,16849800
2021-11-12,146.50942993164062,174.4499969482422,148.1255645751953,323.1593933105469,146.90990439693277,174.6699981689453,148.90676569960334,323.6488636296379,144.05766590459464,173.39999389648438,147.11356018475198,320.34739921433277,144.9856178095641,173.50999450683594,148.8268602787252,320.47216845555636,63804000,7894800,8113400,23831000
2021-11-15,146.5192108154297,174.17999267578125,147.8592071533203,322.5355529785156,148.35558969382197,174.58999633789062,148.9511031412025,324.27265700662844,145.96243066007273,173.69000244140625,147.36208421723035,320.57770113283607,146.88062009926887,174.10000610351562,148.43623548995512,323.9463532471072,59222800,5630800,6492500,16723000
2021-11-16,147.49600219726562,172.9199981689453,146.79397583007812,325.83697509765625,147.97463697406297,174.47999572753906,148.31198915432927,326.9502621097972,145.87451939068316,172.86000061035156,146.58091728851684,321.998066485535,146.4606021824879,173.97000122070312,148.30310324910553,322.16120369996304,59256200,8667300,9706100,20886800
2021-11-17,149.92823791503906,174.5,146.00393676757812,326.05816650390625,151.40319268452978,174.61000061035156,146.97155247386561,329.0099268651389,147.48625093625634,173.88999938964844,145.04519342301782,324.9813100529108,147.4960135184774,174.24000549316406,146.66085726632977,325.8851065761686,88807000,6523100,9909600,19053400
2021-11-18,154.2065887451172,173.94000244140625,144.74331665039062,328.12530517578125,154.9880275581461,174.36000061035156,146.34122162932857,329.2598774584323,149.49844560723523,173.52999877929688,144.30832726719532,324.1351564442823,150.14313374583702,173.9600067138672,145.93286286698344,325.1543261152059,137827700,6252000,8122500,22463500
2021-11-19,156.8243865966797,172.61000061035156,142.8524932861328,329.89434814453125,157.28348128204507,174.10000610351562,143.90888663503773,331.8077188617577,152.89766786630707,172.24000549316406,141.54753838990771,329.01942462099527,153.9916731226482,173.69000244140625,143.18983261989092,329.44247939872486,117305600,8785600,12193600,21963400
2021-11-22,157.283447265625,168.74000549316406,145.89736938476562,326.74078369140625,161.85483815926344,170.44000244140625,147.34434954562852,336.2018030638584,157.2639072032153,168.4199981689453,144.69006482715585,326.4715696014347,157.9281202781403,169.89999389648438,145.72869974467815,331.3462958819071,117467900,13091900,14549900,31031100
2021-11-23,157.6644287109375,167.27999877929688,149.38613891601562,324.6736145019531,158.04537802988585,167.60000610351562,149.63470046131974,326.3754584116151,155.36895531169498,166.52999877929688,146.80285977133175,320.7123087229874,157.3811499145866,167.27999877929688,146.91826818364734,324.067875438659,96041900,8047800,12354400,30427600
2021-11-24,158.18212890625,167.1199951171875,148.21432495117188,324.8947448730469,158.3774848564214,167.44000244140625,150.4158754893731,325.13511563845185,155.9354982175197,166.32000732421875,147.75270492772154,321.04881262656716,157.01974088138022,166.5800018310547,149.54591023199765,323.3275227878649,69463600,5359500,9629800,21661300
2021-11-26,153.17115783691406,166.85000610351562,143.74905395507812,316.9817199707031,156.72668956141257,168.63999938964844,144.3882159325001,324.91395501030433,152.73160325073675,166.3699951171875,140.98824698711658,315.4818087833129,155.86712045424656,168.60000610351562,143.93548184248667,321.4718586551738,76959800,9605200,13619300,24217200
2021-11-29,156.52157592773438,166.6199951171875,143.127685546875,323.6640930175781,157.44952783966656,167.25999450683594,146.2791073290915,325.9716468199308,155.10521179906075,166.3800048828125,141.8760054491083,321.84687569261206,155.67175446958956,166.83999633789062,144.97415243207675,322.03918406869917,88748200,7394900,12104400,28563500
2021-11-30,161.46417236328125,165.5,140.99717712402344,317.8565979003906,161.67906839694083,169.00999450683594,142.5950827223778,324.7696616356436,156.2090119296681,165.3699951171875,140.5177986717218,316.3182195395296,156.2773947152438,167.77000427246094,141.29012761252096,322.40442214431926,174048100,12925300,18922600,42885600
2021-12-01,160.9464111328125,166.16000366210938,140.16268920898438,317.36627197265625,166.34808276003974,167.47000122070312,144.93864687094828,326.2119266473579,160.71197512033876,166.05999755859375,140.0827973299137,316.7028757470775,163.59351550609503,166.83999633789062,142.9235103545511,322.22177836447145,152052500,7808600,12253400,33337600
2021-12-02,159.9598846435547,165.24000549316406,143.10989379882812,316.7989807128906,160.38967666927002,165.94000244140625,144.9208435561032,320.64491218398075,154.13819694441963,164.6300048828125,140.97047717594182,315.17407231898477,155.0563862894109,165.88999938964844,141.8848311848696,317.57777948841607,136739200,9604100,12969900,30766000
2021-12-03,158.08445739746094,166.6300048828125,140.5177764892578,310.56866455078125,161.13206712633752,166.92999267578125,143.6603259275297,319.8854381080619,156.0136573148525,165.0,139.54128856067402,305.7804681645628,160.2138776845153,165.49000549316406,143.367375485278,319.20276398285586,118023100,9507900,12681800,41779300
2021-12-06,161.48370361328125,166.22000122070312,142.1778106689453,313.62615966796875,163.98429560873123,166.8000030517578,144.35273071316283,314.83763770524575,160.4678287996897,165.92999267578125,141.55640687710985,306.9342458292847,160.47759138079394,166.13999938964844,142.93236757846455,311.47244701692887,107497000,4813600,11186500,30032600
2021-12-07,167.2077178955078,166.80999755859375,144.31719970703125,322.0198974609375,167.5984447377344,167.0800018310547,145.04512585166623,322.8659778487916,164.43362438687151,166.17999267578125,143.06550646150865,317.3855423848686,165.15645786646198,166.1999969482422,143.70466839345278,318.8662344123449,120405400,4900700,9851600,31021900
2021-12-08,171.0172119140625,166.89999389648438,142.66612243652344,322.06793212890625,171.87679598965886,166.9600067138672,144.93869358874667,322.57751689845855,166.7388465074218,166.27999877929688,142.1867439164058,318.0585354762929,168.13567063026588,166.50999450683594,144.39718143563155,322.3948327978521,116998900,4288900,11705700,24761000
2021-12-09,170.50926208496094,165.8800048828125,142.44415283203125,320.27001953125,172.64844463234323,166.5800018310547,142.8613705148597,323.5294319116375,169.8841141404718,165.64999389648438,140.8373615345152,319.3277555505204,170.85114615502485,166.5399932861328,141.72508524679222,321.5295600175577,108923700,4913800,11189600,22214200
2021-12-10,175.2858123779297,166.5800018310547,141.87599182128906,329.34649658203125,175.46164318083981,166.9199981689453,143.54490297320115,329.7887706825989,170.63627480069655,166.17999267578125,141.26346037186278,321.8950010345381,171.1442122366866,166.72000122070312,143.20757721722893,322.0776852082351,115402700,6450600,10405400,38095700
2021-12-13,171.6619110107422,167.0,140.1893310546875,326.32733154296875,177.90362873179458,167.25999450683594,141.84937010986525,330.5482560904691,171.45677755961725,166.6699981689453,139.6211884042916,326.01964993405755,176.91705651666257,166.89999389648438,141.59193618595006,327.5580286364802,153237000,6610700,12069000,28899400
2021-12-14,170.2846221923828,165.44000244140625,141.26344299316406,315.6933288574219,173.6154957034132,166.13999938964844,142.8258314557786,321.75068944249216,168.21382219359762,165.16000366210938,139.63890738450274,311.6262451506804,171.18327152968024,165.33999633789062,139.77206048948094,320.3853706539691,139380400,8637900,12563600,44438700
2021-12-15,175.13929748535156,166.14999389648438,140.2070770263672,321.7603454589844,175.33465344975855,166.39999389648438,141.90263246789226,322.2795546002779,168.31149697974806,163.8000030517578,139.68332331791328,312.0012968945024,171.04652519555987,165.27000427246094,141.90263246789226,315.9529787432078,131063300,14231200,14014200,35381100
2021-12-16,168.26263427734375,168.16000366210938,142.3997344970703,312.3858642578125,176.9365751900634,168.17999267578125,143.65142792354268,323.78906948093504,166.78767978084602,166.94000244140625,140.88172130285696,310.5782712717892,175.11973661793166,167.00999450683594,142.3819762337313,322.7794945853097,150185800,11186200,19542800,35034800
2021-12-17,167.1686248779297,167.8000030517578,139.1595916748047,311.3282165527344,169.444558052229,169.1300048828125,141.4854374701664,312.405102273891,165.75227570894924,167.77999877929688,137.75698630762074,305.03051397428044,165.98669687061619,168.72999572753906,141.43217620423144,308.5207023277349,195432700,9856900,28082000,47750300
2021-12-20,165.81088256835938,167.08999633789062,136.6561737060547,307.588134765625,166.62162387110183,168.0,137.33083876838214,310.36680632368035,163.57402950297322,167.05999755859375,134.79194872025192,305.3382673007414,164.374993320752,167.8800048828125,137.16216911640348,307.7227271735364,107499100,6973000,15148000,28326500
2021-12-21,168.9757080078125,167.02000427246094,138.5647735595703,314.6837463378906,169.1808265329912,167.77999877929688,139.5323890332335,315.10680116096665,165.1955026634982,166.74000549316406,137.67704995901607,307.4822194692522,167.57888393978646,167.69000244140625,137.96112801307527,310.837814740566,91185900,4548500,11291300,24740600
2021-12-22,171.564208984375,168.58999633789062,139.1063232421875,320.3660888671875,171.77910499631244,168.63999938964844,139.42590436692416,320.76027100416906,168.15519034473417,167.11000061035156,137.8102540192378,313.2030300876565,169.02453697313442,167.5800018310547,138.26298830195188,315.6547995533337,92135300,4672900,7273000,24831500
2021-12-23,172.1893310546875,168.97000122070312,139.60340881347656,321.79876708984375,172.74611106678847,169.16000366210938,141.2545752554857,323.4333000256045,171.20277398805894,168.00999450683594,139.5590334698338,319.91426851160736,171.76931657934202,168.69000244140625,139.91411749249906,319.9334876096026,68356600,4551100,8055200,19617800
2021-12-27,176.14535522460938,169.3699951171875,140.40235900878906,329.2599182128906,176.2332631531054,169.4199981689453,140.43786199050092,329.2887615338592,172.9610104976855,168.77999877929688,138.78669565638106,322.5102876848739,172.9805356564393,168.9600067138672,139.90523599130546,322.5391310058425,74919600,4760300,6188100,19947000
2021-12-28,175.1295166015625,168.63999938964844,140.82850646972656,328.1060791015625,177.12218615208815,169.64999389648438,142.1689645634819,330.5674732743384,174.38715798933583,168.6199951171875,140.33138329709124,327.21190693909,175.9793381325386,169.3300018310547,140.43790582105865,329.93289096293216,79144300,4541900,6342300,15661500
2021-12-29,175.2174072265625,168.58999633789062,140.75746154785156,328.77911376953125,176.43840038673264,168.69000244140625,141.70733236718596,331.0385752783578,174.0061766459811,167.27999877929688,140.39349159583065,326.59652864573826,175.16856451921535,167.36000061035156,141.01490899512024,328.1541263644873,62348900,5889700,6398900,15042000
2021-12-30,174.06480407714844,169.8000030517578,140.6864471435547,326.25042724609375,176.3798175385403,169.80999755859375,142.2488495131852,329.91367522578065,173.95735606919604,168.3699951171875,140.58879699545278,325.76968573335654,175.30533745901636,168.42999267578125,141.24571740501003,328.7406647610165,59773000,5426300,6948200,15994500
2021-12-31,173.44943237304688,170.9600067138672,140.571044921875,323.365966796875,175.0709001571645,171.0399932861328,141.40549377176825,326.28885396518314,173.14661351296067,170.0399932861328,140.2248332413656,322.91406861710993,173.9573548573712,170.52999877929688,140.65980915922302,325.47161689597885,64062300,7039300,5805900,18000800
2022-01-03,177.786376953125,168.3300018310547,143.54489135742188,321.8564453125,178.63619837680892,169.00999450683594,144.37935363864605,324.98126516990294,173.5861721636794,168.0,141.60077466937534,317.0778734645708,173.70338274431063,168.86000061035156,141.91148332152002,322.433341000755,104487900,9014400,13120900,28865100
2022-01-04,175.5299835205078,169.57000732421875,148.9866943359375,316.3375549316406,178.69480333397306,169.72000122070312,149.65248721881213,322.28913749513237,174.96344087400894,168.72999572753906,145.7908830799029,313.55885476913005,178.39199939810527,168.89999389648438,145.86190261288044,321.93336411107276,99310400,6965600,20195800,32674300
2022-01-05,170.8609161376953,169.05999755859375,146.2628631591797,304.19403076171875,175.9890879826122,170.92999267578125,150.35300961220935,313.5108044365724,170.587414831676,168.89999389648438,146.21820819782113,303.8094433864934,175.4420853705736,170.6199951171875,149.87077145916754,313.308871857317,94537600,8715600,17539400,40054300
2022-01-06,168.00868225097656,166.99000549316406,147.81678771972656,301.790283203125,171.23210762394186,167.75,149.46891251987,306.42463822029214,167.65703557565845,166.86000061035156,146.3432555378449,299.4923247910214,168.69243553501073,167.16000366210938,149.0581195189452,301.0883900628225,96904000,10902700,14047500,39646100
2022-01-07,168.1747589111328,167.75,149.2813720703125,301.9441223144531,170.09904585932276,168.00999450683594,149.61179428581275,304.30936222208857,167.06121343542898,166.86000061035156,147.40597253919904,298.1462528184306,168.8780523594411,167.3699951171875,147.9507304123867,302.0498713577004,86709100,8191900,13913300,32720000
2022-01-10,168.19427490234375,168.25999450683594,149.42428588867188,302.1653137207031,168.4970788622131,168.3000030517578,151.20143659797546,302.5979928961551,164.2675561955421,167.30999755859375,147.82572781521154,292.9543176051216,165.1564429133354,167.36000061035156,150.98711453353607,297.56942521329626,106765600,7026500,12922500,44289500
2022-01-11,171.0172119140625,170.2899932861328,149.57608032226562,302.84796142578125,171.1148824378415,170.30999755859375,150.49591538758978,304.4151542522141,166.85607200254188,168.3699951171875,148.52228035920214,297.95401590280085,168.32126400156088,168.44000244140625,150.2637150155545,301.30958257691026,76138300,8369000,11854100,29386800
2022-01-12,171.45677185058594,170.74000549316406,150.42449951171875,306.01123046875,173.06847713761263,170.75,151.45149579415093,310.9532679259109,170.76325596284155,170.00999450683594,149.2992541090422,304.86706317706137,172.0330771442787,170.19000244140625,150.44236422692546,307.35733034753923,74805200,6280700,12568000,34372200
2022-01-13,168.19427490234375,170.16000366210938,150.2369384765625,293.06005859375,172.52146809219963,170.22000122070312,151.6479510421781,308.52072440499325,167.80354809549323,169.27000427246094,149.93330648348643,292.2908837943043,171.70096415486904,170.08999633789062,150.33517395982636,308.1265127840826,84505800,7034200,13623400,45366000
2022-01-14,169.05386352539062,169.6699981689453,141.00282287597656,298.2520446777344,169.74737940608347,170.55999755859375,143.80698260414678,298.84815945566663,167.11979931497876,169.47999572753906,140.1187037440589,292.0504674590349,167.36399798657283,170.22000122070312,143.56585672693646,292.53120896925554,80440800,7865900,40158400,39846400
2022-01-18,165.8597412109375,169.38999938964844,135.09091186523438,290.9928894042969,168.53614912039677,170.00999450683594,139.1185396382745,297.86748852909545,165.47879187832885,169.08999633789062,134.43897924786577,290.1179361568295,167.53005178287384,169.63999938964844,139.1185396382745,292.358208481325,90956700,9322800,32324800,42333200
2022-01-19,162.37258911132812,172.0800018310547,133.0011749267578,291.6466979980469,167.11004966883394,172.19000244140625,135.9482259220611,301.8192070990576,162.08932518842298,170.1999969482422,132.6618271194621,291.0409882048272,166.0551095373263,170.38999938964844,135.35882662442782,294.49270951204926,94815000,15784500,22380000,45933900
2022-01-20,160.6924591064453,171.64999389648438,131.86700439453125,289.9833679199219,165.74248492301732,172.60000610351562,134.50148394816767,299.6462633071286,160.37011513031928,171.58999633789062,131.5990882170737,289.54109381959523,163.10514273299674,172.30999755859375,133.05475566739287,297.16564931418003,91420500,9570500,14860800,35380700
2022-01-21,158.64122009277344,171.08999633789062,129.5629425048828,284.6278991699219,162.470253269675,172.1199951171875,131.73303484956145,292.3966712973026,158.5337720868401,170.74000549316406,128.83957838998995,284.22406327473504,160.60457194151562,172.0399932861328,131.72410930711447,291.0313814474847,122848900,10982500,20705400,57984400
2022-01-24,157.86956787109375,172.02999877929688,129.4468231201172,284.9547424316406,158.53379607319022,172.13999938964844,129.9201357084715,285.6662305381032,151.11014976934194,170.85000610351562,124.6422520272478,265.4173987440913,156.30670516297684,171.77999877929688,127.062395469319,280.9453743252705,162294600,15727700,28471400,85731500
2022-01-25,156.072265625,172.5800018310547,130.8578338623047,277.3782653808594,158.98310983768695,173.14999389648438,131.1436146963741,283.6279058744891,153.3763174519784,171.77999877929688,125.7317525721211,274.1861636133682,155.29082683573563,171.9499969482422,128.2858608628007,280.2915581603582,115798400,17382100,18915900,72848600
2022-01-26,155.98435974121094,169.7899932861328,132.09918212890625,285.2816162109375,160.57529219502064,171.72999572753906,134.4657589703007,296.61750913568017,154.15775828454986,169.47999572753906,130.34882199234275,281.7433657696805,159.70594544292626,171.38999938964844,132.81362067775706,296.1271434101873,108275300,17799400,20709100,90428900
2022-01-27,155.52523803710938,167.60000610351562,129.76834106445312,288.2911071777344,160.03802433796415,169.08999633789062,134.29608485842846,295.4637633356451,154.60704872462142,167.3300018310547,128.71455471405014,286.45467082104994,158.68028043462846,168.02000427246094,133.43875583246762,291.0024967310887,121954600,15867300,17536800,53481300
2022-01-28,166.37744140625,167.10000610351562,130.92930603027344,296.3868103027344,166.39698147337538,167.4600067138672,131.06325730708755,296.59833777305556,159.0221785798324,166.3699951171875,126.96418471517951,283.10873012038377,161.86465470605705,166.55999755859375,128.76813912804664,288.6661016492175,179935700,9782500,14117000,49743700
2022-01-31,170.72418212890625,168.08999633789062,132.70648193359375,299.00201416015625,170.93907816240107,168.13999938964844,132.87614902364783,300.34808458292423,165.57646971606974,167.4600067138672,129.19680827581053,294.56956197195456,166.2113952349244,167.7899932861328,130.0630629473018,297.05020471160907,115541600,8539300,13985700,46444500
2022-02-01,170.55813598632812,168.22999572753906,134.9837188720703,296.8675842285156,170.7827946109015,168.85000610351562,135.26949975485968,298.6655532510583,168.3115050264779,167.8699951171875,132.4385493152921,293.37739525904294,169.9720531603827,168.57000732421875,132.7868362494526,298.4540257576921,86213900,9763900,14584900,40950400
2022-02-02,171.75955200195312,168.83999633789062,133.90316772460938,301.38653564453125,171.79863213102016,169.1199951171875,134.79621271290017,302.98260138344097,169.30780301992357,168.16000366210938,132.2331779570768,296.98295520702135,170.69484950775998,168.33999633789062,134.4032707377666,297.7040676548464,84914300,9085300,12441100,36636000
2022-02-03,168.88780212402344,168.60000610351562,132.79576110839844,289.64678955078125,172.15030783567607,168.82000732421875,135.43024058418234,299.24240163998115,168.125903430298,167.02999877929688,132.42960946425285,288.4064681116785,170.4311395793071,168.30999755859375,133.9567220918846,297.5694010605456,89418100,10650800,12474900,43730000
2022-02-04,168.60415649414062,168.86000061035156,136.24288940429688,294.1562194824219,170.27660988825676,169.10000610351562,137.0823535542297,296.9060477888783,166.93170310002452,167.99000549316406,132.858256182031,288.416162689019,167.90974218054592,168.0399932861328,133.15296255126995,288.6469093043459,82465400,9619600,16654400,35096500
2022-02-07,167.89019775390625,170.11000061035156,136.6984100341797,289.3583679199219,170.12990075671365,170.3000030517578,137.18957390195027,295.98297161566165,167.19578341710826,169.19000244140625,134.7158489665417,288.3487929994967,169.0638417050099,169.4499969482422,136.87701631580407,294.37731117460294,77251200,7796900,12572300,28533300
2022-02-08,170.9906005859375,170.6300048828125,139.2703094482422,292.82928466796875,171.499185164809,170.77999877929688,141.52971130647558,293.7907677485287,167.66525824555538,169.9499969482422,138.2433135587833,288.3968617508122,167.9586729996618,170.10000610351562,138.4219197621527,289.6467780186861,74829200,5802000,20411400,32421200
2022-02-09,172.40872192382812,171.2100067138672,139.85084533691406,299.2232360839844,172.77059159545334,171.4199981689453,140.59206065763956,299.9155052949949,171.05902326407136,170.5500030517578,139.15427136248954,295.550391852652,172.18377712176584,170.67999267578125,139.84190616622618,297.93485186890945,71285000,8002800,9131100,31284700
2022-02-10,168.340087890625,170.55999755859375,139.2703094482422,290.7333068847656,171.62629991772872,171.99000549316406,142.02088858582627,297.2136945346378,167.78261335475796,170.4600067138672,138.61839067389297,289.11802208324127,170.31573108381698,170.52000427246094,139.90437714100034,292.3293725846551,90865900,10693500,16455600,45386200
2022-02-11,164.93650817871094,173.80999755859375,137.45745849609375,283.67596435546875,169.27900403758753,174.1999969482422,141.27076373285513,292.5696824760353,164.34967876719554,170.7100067138672,136.60906863358164,282.8875412205064,168.54547473503922,170.75,138.96670643795582,291.51204526354115,98670700,25741500,16830000,39175600
2022-02-14,165.1712646484375,174.74000549316406,136.180419921875,283.637451171875,165.8558891027738,175.0,137.24313189244884,285.3296704395343,162.9022065441299,173.67999267578125,134.24251414948705,280.1280445088522,163.69441590726865,173.77999877929688,136.3947419739245,282.4548166597546,86185500,13650700,17026500,36359500
2022-02-15,168.995361328125,173.0800018310547,138.17190551757812,288.8968811035156,169.15185115822308,173.33999633789062,139.26142136600333,289.2141576740427,166.5111487010071,172.38999938964844,137.39496082920968,285.5797520645728,167.21533801275692,173.10000610351562,137.98436009618737,288.4546070123702,62527400,12603600,9500000,27058300
2022-02-16,168.76065063476562,174.86000061035156,138.42193603515625,288.5596008300781,169.53329496166765,174.86000061035156,139.4042907093441,289.8795515618136,166.31555287107355,173.47999572753906,137.29670455754405,282.95219184742473,168.0760262456703,173.49000549316406,137.29670455754405,287.47087375855756,61177400,12772100,9076500,29982100
2022-02-17,165.1712646484375,177.25,135.2337646484375,280.1100158691406,168.1347222265384,177.52999877929688,137.28777037013128,285.95826419364323,164.7702649952927,176.38999938964844,134.55505552050664,279.40667124960413,167.27404295611913,176.6999969482422,136.63585149548837,285.5343344781432,69589300,18612500,11367500,32461600
2022-02-18,163.62594604492188,177.1199951171875,135.86782836914062,277.4123229980469,166.7947832093295,177.25,137.65391787767504,283.12570154629094,162.54032203615824,176.50999450683594,134.9658580729721,275.8515039790622,166.09060878011084,177.07000732421875,135.85890282723932,282.34529203679864,82772700,12760700,11733300,34264000
2022-02-22,160.71136474609375,177.49000549316406,135.626708984375,277.2099609375,163.02931224334074,178.07000732421875,136.8501896226984,280.8904283246642,158.58900712715553,176.82000732421875,134.32287121151697,274.10758220532034,161.35685910032004,177.6699981689453,134.49255190326284,274.5893178506724,91162800,14960500,11333500,41736100
2022-02-23,156.55471801757812,178.2899932861328,132.78684997558594,270.031982421875,162.5011823133144,178.38999938964844,136.90378755970724,281.04447731257943,156.24173835796486,177.36000061035156,132.14385654962632,269.86820883209873,161.90457789540673,177.38999938964844,136.74303238982537,279.57998270583295,90009200,11772200,11799000,37811200
2022-02-24,159.1660919189453,177.13999938964844,129.0896453857422,283.8289794921875,159.27367681919955,182.60000610351562,129.4825873292277,284.3781651371424,148.66194638721413,175.27000427246094,124.8298173191874,261.6016916782459,149.22921086821898,182.58999633789062,127.65184252532512,262.55554816759064,141147500,32726000,25655100,56989700
2022-02-25,161.22976684570312,176.5500030517578,132.1438446044922,286.4496765136719,161.4938266826065,176.7899932861328,134.07282470800104,286.75799441504483,157.3371601146723,175.7899932861328,129.41112960457934,280.9964249197429,160.24193771015948,176.4199981689453,129.71476157639572,284.3589600636408,91974200,11530900,18367700,32546700
2022-02-28,161.49383544921875,178.3800048828125,126.63375854492188,287.8755798339844,161.7872502076219,178.99000549316406,129.54507976037877,288.2128006483137,158.8629074909049,176.5,125.81215894350672,282.2970731254426,159.47907699118204,178.86000061035156,128.1965869841619,283.559218096748,95056600,16055800,31315300,34627500
2022-03-01,159.615966796875,181.6199951171875,121.85594940185547,284.1759033203125,162.94130845487337,181.75999450683594,125.45491853577062,289.0125191995379,158.4129829679633,179.02999877929688,119.29291541427519,281.47816573841146,161.08302534266187,179.0500030517578,125.06197667841734,285.5729192190914,83474400,21942100,36840400,31217800
2022-03-02,162.9022216796875,179.72999572753906,124.3832778930664,289.2244567871094,163.68465609606667,180.7100067138672,125.06198703127347,290.4576988958387,159.37149924746353,178.7899932861328,121.99884992686464,282.97153735333467,160.77987821220702,180.1300048828125,122.60611384629483,284.57087386389,79724800,19727200,19405600,31873000
2022-03-03,162.57945251464844,180.8000030517578,123.49916076660156,285.11029052734375,165.20060533866413,181.3000030517578,125.90145348554331,292.056906724896,161.91439302006907,179.5,122.40071946591193,283.3085754427646,164.77026570160976,179.9600067138672,124.88338294731777,291.8256831430443,76678400,15164400,16640800,27314500
2022-03-04,159.586669921875,183.67999267578125,120.02523040771484,279.271728515625,161.91440821879274,183.97999572753906,120.93614003106849,284.8598787290603,158.54017563689038,181.36000061035156,118.239140588393,276.68001821827283,160.8776889542246,182.11000061035156,120.50748228993073,283.53992798121607,83737200,22390100,21016000,32356500
2022-03-07,155.8016357421875,186.41000366210938,115.39032745361328,268.72174072265625,161.3960207362876,186.63999938964844,118.49811961886832,279.10795849514665,155.54733601828758,184.22000122070312,115.15812707873793,268.3556169829133,159.7724722055909,184.4499969482422,118.03373249590018,277.99032843801785,96418800,27951800,27560100,43157200
2022-03-08,153.98248291015625,191.50999450683594,114.57765197753906,265.7735595703125,159.30301816152476,193.3000030517578,117.69436964681233,273.5872975701551,152.37849933499598,188.25999450683594,113.65781009895336,260.13724667838545,155.33218168421902,188.35000610351562,115.7743287538605,267.6523109324147,131148300,47347700,19207800,48159500
2022-03-09,159.37147521972656,185.82000732421875,119.16790771484375,277.9615173339844,159.8213797915154,187.22999572753906,120.7753911803248,279.0213418248331,155.90922322313332,184.75999450683594,118.27486285921907,270.52351645659496,157.9337564869507,186.0399932861328,118.6856558618079,273.0863540788961,91454900,26839700,17536200,35204500
2022-03-10,155.03875732421875,186.39999389648438,117.75691223144531,275.1577453613281,156.86768560681452,187.3800048828125,119.17685048673611,276.1308607136372,152.55452973284972,184.99000549316406,116.38162895074798,270.33074508462164,156.68185579600046,186.8800048828125,117.75691223144531,272.6816172407287,105342000,18455200,15604200,30628000
2022-03-11,151.3319854736328,185.08999633789062,115.10455322265625,269.83935546875,155.78206635482195,185.77999877929688,119.73945829730503,278.9345249185214,151.1070406596988,183.44000244140625,114.68482104188722,269.22271985726513,155.43974670100266,183.74000549316406,118.3195202185928,277.441127086034,96970100,14824700,20061800,27209300
2022-03-14,147.31222534179688,182.3000030517578,116.2476577758789,266.3420104980469,150.73536174739257,183.2899932861328,118.70353135182195,274.97470517723553,146.80365582087973,181.9499969482422,115.40819335508925,265.7446629920697,148.12399948025242,183.02999877929688,115.61360350181646,270.09954271533127,108732100,13186400,15786900,30660700
2022-03-15,151.68408203125,178.88999938964844,118.31057739257812,276.6607666015625,152.1535515492418,180.27000427246094,119.26614191873468,277.3063052834026,147.0775261791108,178.00999450683594,117.10497502644601,268.54835505285934,147.58609577139651,179.10000610351562,117.70331343810263,270.1091737905865,92964300,16962300,15096600,34245100
2022-03-16,156.08529663085938,180.00999450683594,123.59735870361328,283.6363220214844,156.48629634693546,180.1199951171875,123.67774306844659,283.80973979385806,151.06796490234913,176.8699951171875,120.05197079488237,272.8550761301039,153.6010832427781,179.1300048828125,120.44491257218931,278.54916547604324,102300200,17548100,20354900,37826300
2022-03-17,157.0926513671875,180.88999938964844,125.16019439697266,284.4360046386719,157.46431103838808,182.02999877929688,125.19592381172853,284.81174316450165,154.16832371335292,180.64999389648438,121.38261957989351,278.799691528735,155.12679794973494,181.16000366210938,122.22208367852868,282.5765120453136,75615400,10954100,17050500,30816600
2022-03-18,160.37884521484375,179.3000030517578,125.11560821533203,289.45562744140625,160.86786475806085,180.92999267578125,125.78539195604198,290.00481304770483,156.25151907619613,179.0399932861328,123.65101498071768,282.0369173074508,156.98504839102176,179.92999267578125,125.1959789937888,284.58046582678224,123511700,13996500,23656500,43390600
2022-03-21,161.74813842773438,180.6699981689453,124.71368408203125,288.23199462890625,162.69683770871782,181.2899932861328,125.70496422166993,289.17620681599607,159.43017522147943,179.32000732421875,123.89208461183765,284.12759866402473,159.91919485399893,179.3300018310547,125.33882625930892,287.9718680378315,95811400,10582200,12676100,28351200
2022-03-22,165.11257934570312,179.36000061035156,127.36602783203125,292.95306396484375,165.6993938917205,179.7100067138672,128.5359141819126,293.85872928601555,161.28844262082922,178.32000732421875,126.56229307117881,287.85629285362114,161.87525716684658,179.60000610351562,127.05347037026881,288.8486670583763,81532000,9621800,13548600,27599700
2022-03-23,166.47203063964844,181.80999755859375,124.82978820800781,288.5499572753906,168.84865833026834,181.88999938964844,126.44619694938301,292.15335927003025,163.9682381752626,179.75999450683594,124.3118206420964,286.84462397235353,164.30078278901993,180.2899932861328,125.90143913237107,289.5327166388402,98062700,12557300,12093200,25715400
2022-03-24,170.24728393554688,183.1300048828125,125.64246368408203,292.9916076660156,170.31573891650316,183.50999450683594,125.66032839395895,293.0879606698215,166.4720521767643,181.77000427246094,124.23145139298659,287.4227451186162,167.30337650948087,182.35000610351562,125.29417678877739,288.2127985858923,90131400,10970100,10017600,24484500
2022-03-25,170.88302612304688,182.3800048828125,126.74092864990234,292.58697509765625,171.4307257382337,183.1300048828125,127.86616030118844,294.34050002683153,168.95628752581777,181.35000610351562,125.74072273764804,288.3573511232307,170.06147670026667,181.80999755859375,125.99969975893404,294.0803733450445,80546200,7911100,8383500,22566500
2022-03-28,171.7436981201172,179.05999755859375,125.80321502685547,299.35052490234375,171.87083307439428,181.3300018310547,125.8925249564406,299.4468485037341,168.22275085370143,178.85000610351562,123.15087091420524,293.2131884282858,168.38901573521346,180.3800048828125,125.02627042123662,293.2131884282858,90371900,9489700,10818100,29578200
2022-03-29,175.0299072265625,179.13999938964844,126.080078125,303.8885192871094,175.07879724912362,179.3300018310547,128.24125887199858,304.2835460913771,172.46743429498167,176.69000244140625,125.24062732765479,297.7608258637069,172.80975399507543,177.02000427246094,128.01799763693367,302.4433121800482,100589400,10458900,11316500,30393400
2022-03-30,173.86599731445312,180.5800018310547,125.50849914550781,302.39501953125,175.6655854938626,180.9199981689453,126.91951144048559,304.40869996608586,172.8194884204446,179.67999267578125,124.94589023725602,300.1983066415058,174.62886654102215,179.75999450683594,126.72304051164178,302.2986959453416,92633200,8361300,8771000,28163600
2022-03-31,170.7754364013672,180.64999389648438,121.73986053466797,297.0478210449219,174.12032889178556,181.9600067138672,125.33882960000575,303.6283461991608,170.57004158960083,180.55999755859375,121.68626640595654,296.64317958234875,173.9344990439243,180.91000366210938,124.87444253863872,302.43362184596117,103049300,9844400,17353900,33422100
2022-04-01,170.4820098876953,179.5,120.837890625,298.11724853515625,171.0394993928561,180.4600067138672,122.71329016994913,298.8013048013512,168.1640617684755,178.97999572753906,119.48939787240515,294.37897586444814,170.20816010667752,179.5500030517578,122.70435100074064,298.0690573372068,78751300,13034400,15721300,27110500
2022-04-04,174.5212860107422,180.3699951171875,121.37371826171875,303.4644775390625,174.57019094673097,180.80999755859375,122.29355328695425,303.59934819649135,170.60912991069844,179.5800018310547,118.67671923414053,298.39661041143324,170.73627975953104,180.24000549316406,119.775160488462,298.7627341145734,76468400,7063100,17416400,24289600
2022-04-05,171.21554565429688,179.24000549316406,119.96123504638672,299.5238952636719,174.38439814013864,181.49000549316406,121.81454131688663,303.36813547948924,170.58960114244232,178.92999267578125,119.66434417861909,298.5507800600473,173.60196376939686,180.91000366210938,120.61799987256414,301.826575864707,73401800,10828500,12110300,23156700
2022-04-06,168.0564422607422,179.66000366210938,118.296875,288.5596008300781,169.81691543605135,180.30999755859375,119.25950875410467,295.7856342398464,166.39377895438548,178.6999969482422,117.82005397387346,285.8715081688589,168.57480173407063,179.77999877929688,118.37784150003151,294.04175386251336,89058800,8942100,12914700,40110400
2022-04-07,168.3596649169922,180.33999633789062,117.93701171875,290.3612976074219,169.55287391806212,180.8800048828125,118.68373487391258,292.5580106672026,166.11996174699982,179.8000030517578,115.81380302689927,285.5246829888432,167.401190693142,179.8699951171875,117.81105924244488,285.8233566950077,77594700,10140600,12994200,31411200
2022-04-08,166.35467529296875,181.47000122070312,120.09618377685547,286.1219787597656,168.00756384278074,181.82000732421875,120.46503568040909,290.12037745533155,165.48422104719532,180.52000427246094,118.29685530528678,285.45718142982423,168.00756384278074,180.52000427246094,118.4587882783903,289.4652242441084,76575500,10655700,13126900,24361900
2022-04-11,162.11000061035156,182.3699951171875,119.65536499023438,274.8398132324219,165.31796805598518,183.3300018310547,121.36472185612202,281.9213032700954,161.8654908055094,181.11000061035156,119.26851588825143,274.58930130303617,165.00500326610816,183.1699981689453,119.65536499023438,281.13127920546333,72246700,10071300,10466400,34569300
2022-04-12,163.97802734375,183.77000427246094,118.34186553955078,271.7566833496094,166.13948524268093,184.63999938964844,121.07685338221899,280.1196062790801,162.98042335456353,182.9600067138672,117.58615063346794,270.2440265143357,164.33012199148104,184.0399932861328,118.88166974549064,278.6743994842394,79265200,12024600,12989900,30966700
2022-04-13,166.65786743164062,184.64999389648438,114.52726745605469,277.1136169433594,167.28381189911025,184.94000244140625,116.28161008508843,278.03854117973947,163.10759541750994,184.1300048828125,113.3666996922732,271.0244711313333,163.7139749230824,184.5,114.2033877608648,272.40225746800036,70618900,8651600,30838000,21907200
2022-04-14,161.66009521484375,184.0399932861328,113.46568298339844,269.6081237792969,167.50878046321276,184.41000366210938,115.42695176030934,277.7783698621316,161.4155854111937,182.8800048828125,112.47604659659865,269.1167734779353,166.87304601950618,184.27999877929688,113.80755300363244,277.56640502923614,75329400,11567200,18835200,28221600
2022-04-18,161.4449005126953,184.61000061035156,115.57089233398438,270.2729187011719,162.94129894819648,186.10000610351562,116.2726294523978,272.14205510022083,159.97784205250275,184.38999938964844,112.94386712693903,268.17255863306326,160.3201467390001,185.9499969482422,113.06082102537643,268.7217442498862,69023900,8886700,11834400,20778000
2022-04-19,163.72378540039062,181.82000732421875,117.96398162841797,274.8782653808594,164.13457507073068,183.64999389648438,118.14392547523254,275.7165098517803,160.31043753291337,181.3300018310547,115.36395228428981,268.2399654599824,161.3960618360772,183.19000244140625,115.56187953355533,269.17453350895715,67723800,12585600,15015400,22297700
2022-04-20,163.5574951171875,182.7100067138672,118.37782287597656,275.8995666503906,165.17126878968486,182.72000122070312,120.11416827760463,279.11758595882566,162.45232094308298,181.35000610351562,118.16189851540757,274.94573968215394,165.05389393478876,181.58999633789062,119.22350946180478,278.82852699073885,67929800,7038600,13430200,22906700
2022-04-21,162.76528930664062,182.05999755859375,117.46019744873047,270.5522766113281,167.76307044383682,182.32000732421875,119.48444261724799,282.5860194343852,162.26649466439048,180.77999877929688,116.92040697380047,269.82967339483776,165.2006123983915,181.77000427246094,118.9536438455066,278.0384353491604,87227800,9639800,12174200,29454600
2022-04-22,158.23696899414062,180.2899932861328,114.08644104003906,264.02001953125,164.18344962427105,181.61000061035156,117.42420202394086,272.8550636325426,157.95334416856102,179.74000549316406,113.9784857042953,263.393769113378,162.8044255775631,180.72000122070312,117.20827762466395,271.39056854763874,84882400,9147000,14318800,29405800
2022-04-25,159.30300903320312,177.0500030517578,114.05045318603516,270.46563720703125,159.58663379803306,177.50999450683594,114.36534121775318,270.8413756866367,154.9800781201004,176.47999572753906,110.75768504496217,260.87908697872507,157.58165071304833,177.1699981689453,113.36671318273149,263.3070532274066,96046400,13073700,17149000,35678900
2022-04-26,153.35650634765625,177.32000732421875,110.67671203613281,260.34918212890625,158.7748354230094,178.3000030517578,113.7265806825748,268.19182220528097,153.27826144285282,176.9199981689453,110.5417678665557,260.13721729425794,158.68681550148915,177.9499969482422,112.1341708426179,267.3632511079873,95623200,9042400,17209500,46518400
2022-04-27,153.13162231445312,175.97999572753906,109.23725128173828,272.8742980957031,156.2808951707583,176.63999938964844,111.16253257473028,280.34119944845656,151.9677531448404,175.5,109.05732114485659,268.96260761022705,152.4861127865459,176.4600067138672,110.05594919150788,271.7952151207864,88063200,8854700,17215200,63477700
2022-04-28,160.04632568359375,176.92999267578125,110.964599609375,279.0501708984375,160.9070049099631,176.97000122070312,111.24350023028722,280.35086291082894,155.43975472715812,175.69000244140625,108.98534074970415,271.1785981856094,155.7527344180899,175.9199981689453,110.48777859361121,274.77235637930573,130216800,6381100,13015600,33646600
2022-04-29,154.1878662109375,176.91000366210938,107.38394927978516,267.38250732421875,162.55010393809633,178.6199951171875,111.2075231915258,279.2910262219157,153.79665651995063,176.7100067138672,106.97010445653474,266.3997773201998,158.28585264208988,178.07000732421875,110.70371329607225,278.0673990236614,131747600,7719700,14874800,37073900
2022-05-02,154.49105834960938,173.6300048828125,108.36458587646484,274.07867431640625,154.75511815394006,174.64999389648438,108.5985005674857,274.53150699101036,149.9040527150275,172.97999572753906,106.35833789270694,266.1300363109666,153.26850950984627,173.61000061035156,107.85177738792764,267.56559909941353,123055300,14318600,18545000,35151100
2022-05-03,155.97769165039062,174.08999633789062,110.68570709228516,271.4869384765625,157.18069064394373,175.2100067138672,111.71132393191763,273.7511018849256,152.88709903691972,173.85000610351562,108.66146224607981,269.9164755719785,154.67689768841237,173.88999938964844,109.33621052814826,273.5872988286567,88966500,7214300,15720900,25978600
2022-05-04,162.37408447265625,175.8000030517578,114.34733581542969,279.38739013671875,162.82397418149506,176.35000610351562,114.61723786198235,280.25450833918546,155.76252942825218,173.6699981689453,110.42479875852437,266.62139669213593,156.16352911233957,174.32000732421875,110.4787832861714,272.26732383050563,108256500,10491700,17128500,33599300
2022-05-05,153.32723999023438,175.1300048828125,111.4864273071289,267.21875,160.4767055732459,177.61000061035156,113.44769626406635,275.88999102064156,151.54720112961485,174.66000366210938,109.90302267069724,264.318692205309,160.25176069124018,177.55999755859375,112.6829827836233,275.10958168100854,130525300,12794200,15055400,43260400
2022-05-06,154.05198669433594,175.4199981689453,111.30648803710938,264.6944580078125,156.16765847712838,176.55999755859375,111.81929650451255,269.04933732325316,151.01560506464577,174.86000061035156,109.02133948611598,261.36082642726797,152.80804796848787,175.38999938964844,111.37846284121036,264.77152276793004,116124600,7643300,14417900,37780300
2022-05-09,148.93914794921875,172.8800048828125,109.63311767578125,254.9152069091797,152.63177739233632,174.27000427246094,110.95562560295745,262.41101195577926,148.38085428930862,172.7899932861328,108.40957339376078,253.70125314465557,151.75023984870148,174.27000427246094,109.8580338031542,260.19503987214216,131577900,10742400,14312300,47726000
2022-05-10,151.33885192871094,171.4199981689453,106.96110534667969,259.6554870605469,153.52309446613708,173.9600067138672,111.36046393484135,263.7502396394238,149.79127784510368,171.1999969482422,105.76454998716217,255.3873167232384,152.328132388233,173.8000030517578,110.75769040385855,261.76549132988686,115366700,11010400,16382400,39336400
2022-05-11,143.49325561523438,172.82000732421875,106.28634643554688,251.03237915039062,152.25956414663153,173.32000732421875,110.55975212521275,261.447499215182,142.81741468212965,172.1999969482422,106.10641630996078,249.82804029550908,150.3495886480442,172.50999450683594,107.32996038285035,255.97499051527322,142689800,9179600,14630300,48975900
2022-05-12,139.63409423828125,170.1699981689453,106.19638061523438,246.02236938476562,143.19938623116693,172.39999389648438,106.44828553481575,250.3868926130945,135.95126990961808,169.89999389648438,103.79427844993359,240.88706627938942,139.83979077150929,172.07000732421875,105.26072886829334,248.27688839647124,182602000,11626800,16318800,51033800
2022-05-13,144.09071350097656,168.7899932861328,107.14102935791016,251.5816650390625,145.0604001115948,169.6199951171875,108.18464334933826,253.43154319500374,140.17280954058904,168.00999450683594,106.12441106396625,246.02244525328854,141.62242982115953,168.30999755859375,107.42892855325138,247.94938818943677,113990900,13031100,10443200,34925100
2022-05-16,142.55291748046875,170.39999389648438,106.39430236816406,251.94776916503906,144.49229054467892,170.42999267578125,107.47389678593753,256.1099726377486,141.22082964396816,168.33999633789062,105.46764923452794,246.43671162325148,142.5627218047711,168.42999267578125,106.64620727471828,250.46401498764646,86643800,7319300,10269000,32550900
2022-05-17,146.17701721191406,169.3300018310547,109.92098999023438,257.0733642578125,146.69613834453236,170.52999877929688,110.63172564673346,258.52818561527994,143.66954586445135,169.13999938964844,108.6884473660938,252.87261500014733,145.80481151470883,170.44000244140625,108.8953731856393,256.3892786113193,78336300,6441100,11160200,28828800
2022-05-18,137.9298553466797,169.4199981689453,108.04069519042969,245.3689422607422,144.33562356857507,170.2100067138672,109.73206866611008,254.56255593288276,137.02872402723415,168.80999755859375,107.5368853196626,244.10385759056012,143.83609605190958,169.00999450683594,109.12929516160023,253.98312086554714,109742900,7472900,12664900,31356000
2022-05-19,134.5310821533203,171.91000366210938,106.43929290771484,244.4611358642578,138.7526228149115,172.52000427246094,107.64484677226233,248.8358391110842,133.79647489353653,170.88999938964844,105.82752084150299,243.2443400632524,137.0091561140078,171.5500030517578,106.33133757266812,245.19507408358177,136095600,10580300,12765800,32692300
2022-05-20,134.76611328125,172.02999877929688,105.56661987304688,243.90101623535156,137.81228455615957,172.24000549316406,107.66283962146207,249.67600344933274,129.88832647827988,170.88999938964844,103.47939869073286,237.9908442252686,136.2353274341848,171.7100067138672,107.47391091670589,248.4205560699694,137426100,6578100,13150100,39199300
2022-05-23,140.17283630371094,172.8300018310547,112.09819030761719,251.71368408203125,140.31975175202894,173.3800048828125,113.87053039147749,252.5345479716084,134.82488980062982,172.27999877929688,108.364581427024,244.7412185194128,134.96201586760006,173.1300048828125,108.37357999351177,246.73060439189265,117726300,5518500,24376700,33175400
2022-05-24,137.47927856445312,174.1300048828125,113.68160247802734,250.7189483642578,139.05623582746938,174.41000366210938,114.6982208536512,252.37031292551026,134.51146690573626,173.35000610351562,110.75769296339475,244.80877669553468,137.92003986063096,173.47000122070312,111.88227354594575,249.04828011075938,104132700,6794000,19324900,29043900
2022-05-25,137.63597106933594,173.0800018310547,114.47330474853516,253.51951599121094,138.87989482274827,173.16000366210938,115.03109918853824,255.50888672812104,135.50070562747283,171.72999572753906,112.61099957820115,248.31432695707377,135.58885488011762,172.7899932861328,113.60962768471744,249.28970863330227,92482700,4595900,12780400,28547900
2022-05-26,140.8291015625,172.75999450683594,116.45254516601562,256.78369140625,141.37760590054086,172.92999267578125,117.12729336770889,257.95219866287647,134.32537951243148,171.75999450683594,115.34596195901909,252.4669428526963,134.5702485880299,172.1300048828125,115.48989780892865,253.27814016507855,90601500,6467000,15990900,25002100
2022-05-27,146.5688018798828,172.85000610351562,118.09895324707031,263.87200927734375,146.60797434750936,173.52000427246094,118.09895324707031,263.96858669067194,142.27869181225157,172.63999938964844,116.18266362351555,258.38675406725025,142.4060284868712,173.49000549316406,117.10032518338836,259.27522501006564,90978500,3847900,11177800,26910800
2022-05-31,145.78521728515625,171.13999938964844,118.96261596679688,262.54901123046875,147.5678709384086,173.07000732421875,119.79030554101354,265.3495796777819,143.82626511004062,171.0800018310547,116.69547163525124,259.709805919586,146.01050754614022,172.7100067138672,117.11830126017365,263.1863868585538,103718400,6244000,17015000,37827700
2022-06-01,145.65789794921875,172.22999572753906,116.87539672851562,263.08013916015625,148.62570934761555,172.52999877929688,119.5383954651262,268.16944748829445,144.649023812494,171.38999938964844,115.75980801422358,260.78173234380733,146.82346195823692,172.2100067138672,119.5383954651262,265.7648261496329,74286600,6946500,10768000,25292200
2022-06-02,148.1066131591797,174.35000610351562,118.75569152832031,265.16607666015625,148.16537934399943,174.4499969482422,118.76468322961414,265.2336837998182,143.84588541228797,173.49000549316406,115.75980766288491,252.63111175251524,144.79597858853165,173.66000366210938,116.86639094470901,255.38340607068776,72348100,5623100,8374800,44008200
2022-06-03,142.396240234375,172.5800018310547,117.10033416748047,260.7624206542969,144.93307974702813,173.97000122070312,118.54879455606064,264.074846353105,141.49512401563555,172.25,116.94739285039942,259.20763325124227,143.88503314588232,173.52999877929688,118.04498463443115,261.0424863281772,88570300,5519400,8596000,28059000
2022-06-06,143.14064025878906,171.82000732421875,116.71346282958984,259.5359191894531,145.52077501341512,172.88999938964844,119.10657351153425,264.779744827782,141.92608448379778,171.64999389648438,116.47056331714577,258.0583763446399,144.01237341190438,172.80999755859375,117.93700700527805,262.7324336411163,71598400,3766000,11323500,22400300
2022-06-07,145.65789794921875,172.94000244140625,117.01936340332031,263.1573791503906,145.94193944320352,173.0500030517578,117.24427951928476,263.76578441208926,141.1425125135875,171.99000549316406,115.71483894849432,256.8222901054273,141.3873815394989,172.11000061035156,115.90377452613217,257.49830250093424,67808200,3860000,6722200,22860700
2022-06-08,144.92327880859375,172.77999877929688,115.15704345703125,261.1390686035156,146.79406665216868,173.4499969482422,116.46155409438506,263.6402676057848,144.43354079753493,172.6699981689453,114.16741398760132,260.3664787079768,145.5305491597089,172.88999938964844,116.0567078590393,262.39448666074105,53950200,5140800,8422100,17372300
2022-06-09,139.7124786376953,172.22999572753906,112.73693084716797,255.71173095703125,144.91349464755012,172.58999633789062,115.24700192305951,263.36017868447857,139.60473566244548,171.5800018310547,112.70094345162501,255.5572129915601,144.06135517233236,172.4499969482422,114.5902439662146,258.5992099165968,69473000,4701100,13560100,26439700
2022-06-10,134.31556701660156,174.5399932861328,107.55487823486328,244.31629943847656,137.87105521943323,174.94000244140625,111.01858468838155,251.64605970485297,134.24699651333503,170.4600067138672,107.34795240954237,243.87206395245485,137.40091085996173,170.88999938964844,110.28985188085524,251.64605970485297,91437900,16856100,12945200,31422800
2022-06-13,129.17327880859375,169.92999267578125,104.35208892822266,233.9541473388672,132.42513083188678,171.33999633789062,106.11543061741163,240.48239119497188,128.7423070468719,169.61000061035156,103.51540062460737,233.24917940412797,130.14295032685266,171.17999267578125,105.13479955544204,236.70644141538565,122207100,13265200,16805600,46135800
2022-06-14,130.0352783203125,168.57000732421875,102.61573028564453,236.107666015625,131.14209140798755,169.72999572753906,105.54863846644824,237.31480976746963,128.78154975446083,168.3000030517578,101.86001540317109,233.22982470156552,130.39769474252046,169.61000061035156,103.95623532758184,235.49926084929,84784300,7347900,13357900,28651500
2022-06-15,132.65045166015625,170.77000427246094,103.83027648925781,243.12843322753906,134.52125474775525,171.83999633789062,105.21575368895456,246.5470730031909,129.4475753177957,169.0800018310547,101.8150231982726,237.9715180249655,131.5338494146611,170.39999389648438,104.01920519830738,239.79671901174797,91533000,9000300,14083500,33111700
2022-06-16,127.39068603515625,172.69000244140625,102.04893493652344,236.5712432861328,129.67286762283086,172.77000427246094,102.79565804880956,238.93724247462407,126.39161601772796,170.1699981689453,100.64546064462745,234.68810167633953,129.36923235910814,170.55999755859375,102.43579090978898,237.5466102902709,108123900,8823600,16724900,33169200
2022-06-17,128.85992431640625,171.27000427246094,101.6890640258789,239.1593475341797,130.34873276232233,172.3000030517578,103.12852566467713,241.9116415660145,127.14584046311889,170.97000122070312,100.90636040622633,235.6634634572943,127.40051391509309,172.14999389648438,102.14789478270957,236.31049083013178,134520300,7407200,30919900,43084800
2022-06-21,133.08140563964844,170.6300048828125,104.20814514160156,245.0405731201172,134.2469845261448,171.91000366210938,105.28773984224132,246.0159401392919,130.58375367786297,170.47000122070312,103.49740933252036,240.95558733169304,130.68169231513036,171.05999755859375,104.24413254680897,241.67987371090587,81000500,5608500,11680500,29928300
2022-06-22,132.57212829589844,171.30999755859375,103.62334442138672,244.45152282714844,134.93265491125933,172.3000030517578,104.54099907647512,248.35302095850608,131.1616799782049,171.10000610351562,102.91260873163154,241.78613912229218,132.02360899242208,171.61000061035156,103.353442359593,243.25403052962997,73409200,6558700,9842700,25939900
2022-06-23,135.43215942382812,170.25999450683594,102.4897689819336,249.98495483398438,135.74558399228505,172.1300048828125,103.62334807194982,250.47747888342948,132.84634321517927,169.89999389648438,100.29459246666248,244.93428456724746,134.0119221215175,171.38999938964844,103.47040676802952,246.80777390564063,72433800,6535300,11851500,25861400
2022-06-24,138.75259399414062,170.08999633789062,105.54862976074219,258.52191162109375,138.99746302987265,170.74000549316406,105.99846197193934,258.79231063631465,136.90138468183136,169.85000610351562,101.50913842608239,252.7469254380334,137.0287064173905,170.24000549316406,101.86900556781907,252.83383624957415,89116800,6143100,14841100,33923200
2022-06-27,138.75259399414062,169.89999389648438,104.70293426513672,255.8083038330078,140.5450371291734,170.6699981689453,106.61022515236665,259.1013666061605,138.0767530642211,169.75,104.03718457004187,254.2534870945373,139.7712426067131,170.60000610351562,106.21437064311846,259.0144557779908,70207900,5719700,11280500,24615100
2022-06-28,134.61923217773438,169.6199951171875,104.1991195678711,247.68663024902344,140.47649657650823,170.2100067138672,107.32095580556243,257.7590321077553,134.50169979812208,169.50999450683594,104.00119232247715,247.53211228973697,139.2129786588069,170.07000732421875,105.86349715993853,254.92949381458487,67083400,2982700,11590900,27295500
2022-06-29,136.37249755859375,169.49000549316406,103.73131561279297,251.33705139160156,137.78294599248824,170.6999969482422,105.0988025801743,252.98841615797966,133.86504031861426,169.1699981689453,103.21850714203806,246.9913181866432,134.63883505875384,170.5800018310547,104.36107799305506,248.7585787991081,66242400,4785600,9338400,20069800
2022-06-30,133.91392517089844,168.4600067138672,101.31121063232422,248.02464294433594,135.53005417333725,169.9600067138672,102.63371842464491,250.6320859946273,131.0244747097068,168.24000549316406,99.79977413594268,244.2293889586405,134.43304612056005,169.50999450683594,101.8150205098198,248.23710148525814,98964500,9144400,15172600,31730900
2022-07-01,136.07861328125,168.32000732421875,102.60673522949219,250.68032836914062,136.1863562547321,168.67999267578125,102.93960668946255,250.86381660731956,132.87573705664798,166.9600067138672,100.00670546840153,245.88073757874744,133.2479278277153,167.13999938964844,101.34720360263593,247.599724121051,71051600,11380300,10573600,22837700
2022-07-05,138.65464782714844,164.75,102.21646118164062,253.83827209472656,138.70362462604172,167.3300018310547,102.2981438930075,253.96381979893323,134.11966825992553,164.41000366210938,99.20315438309007,246.0063204347822,134.94243962271915,167.17999267578125,100.53735380769287,247.37763439031926,73353800,14035400,12514200,22941000
2022-07-06,139.98672485351562,162.13999938964844,101.55386352539062,257.0830078125,141.16209320483665,164.57000732421875,102.55224671895928,258.8019795069243,138.18449238511542,161.47000122070312,100.55548033182198,253.40363564931488,138.44895512148898,164.32000732421875,101.40864755113412,254.70735692498906,74064300,11861100,10656200,23824400
2022-07-07,143.34632873535156,162.22999572753906,104.12246704101562,259.1979064941406,143.54222096010838,163.0399932861328,104.28583938797875,259.8352819464038,140.33933002838788,162.05999755859375,102.92440547148976,255.93378499828523,140.34911940865916,162.42999267578125,103.01516634766683,256.0303623949221,66253700,4588400,10347400,20859900
2022-07-08,144.02215576171875,162.3000030517578,103.79571533203125,258.48333740234375,144.52169812610057,163.3800048828125,104.966549252034,258.9082544536916,142.02403114104803,161.83999633789062,103.11499841979317,254.26316663768768,142.2786895406023,162.35000610351562,104.52181614159608,255.71173945693104,64547800,4584100,8807800,19658800
2022-07-11,141.89671325683594,161.42999267578125,102.43427276611328,255.44134521484375,143.63039032716094,162.44000244140625,103.67771804588263,257.3920793720454,140.8290877786715,161.3800048828125,101.85339493787605,253.1912122224075,142.68029721118097,161.92999267578125,103.06053448780433,256.5422452532518,63141600,4321700,7939500,19455200
2022-07-12,142.8664093017578,160.8300018310547,102.53411865234375,244.9729766845703,145.40324925342907,161.6199951171875,104.53996361915219,256.82230649201273,142.0730359145698,160.72000122070312,101.88970748492108,243.39885616958918,142.7684556965353,161.22000122070312,102.18014641847229,256.76436593684815,77588800,5375100,11250900,35868500
2022-07-13,142.5039825439453,161.60000610351562,101.5720443725586,244.05555725097656,143.44427122627144,162.7100067138672,102.08938895660343,244.85710267048802,139.2031379384123,160.05999755859375,100.18337603417554,239.60360939385333,140.0552923046931,160.10000610351562,101.42682143863202,241.61229886642806,71185600,8456600,12979900,29497400
2022-07-14,145.42282104492188,159.3300018310547,98.02322387695312,245.3689422607422,145.8929653987599,159.8300018310547,98.23198008574157,246.39259810880876,140.30995449187216,158.22000122070312,96.26243412106608,237.5080204020861,141.12292146669557,159.02000427246094,98.01414571362936,241.97928690307253,78140700,12213600,26204800,25102800
2022-07-15,147.0879364013672,159.00999450683594,102.5159683227539,247.9184112548828,147.76377735798872,159.25,103.36005760475044,251.44326589652985,145.1583671279135,158.35000610351562,97.7237221764294,246.03526953214475,146.7059412883577,159.00999450683594,99.07608481534061,246.9526960395664,76259900,6783800,18863900,29774100
2022-07-18,144.05157470703125,159.16000366210938,101.46312713623047,245.5330810546875,148.4592176926782,160.42999267578125,105.13899436116151,251.89714046464383,143.68915834296686,159.0500030517578,101.00931585478635,244.6156545937457,147.64625063740658,160.0800018310547,104.1678384958555,250.84451446983314,81420900,5791800,13977900,20975000
2022-07-19,147.90090942382812,159.5399932861328,103.97722625732422,250.632080078125,148.1261847699647,159.8699951171875,104.32212722206869,250.81556833510322,143.89485526545627,159.3300018310547,102.26182037087447,244.98263991671732,144.88412086859606,159.47000122070312,102.67932586933533,248.74892353389214,82982400,3796200,11862300,25012600
2022-07-20,149.89901733398438,158.0399932861328,103.95909118652344,253.2781219482422,150.56506886066487,159.82000732421875,104.14061293275311,255.7889874324287,147.2838179131366,158.02999877929688,102.99701346720677,250.03333293209215,148.01842499581136,159.7100067138672,103.55973503528523,250.98938157590604,64823400,4795800,11667500,22788300
2022-07-21,152.16160583496094,160.27000427246094,104.66703033447266,255.76002502441406,152.3770917552224,160.30999755859375,104.85763023564225,255.80832847001912,148.82158901652633,158.27000427246094,102.89716916317614,248.21779122798213,151.3290452388946,158.30999755859375,103.86832499748431,250.8831747670427,65086600,5863300,11595900,22404700
2022-07-22,150.927490234375,160.6699981689453,104.15876770019531,251.43356323242188,153.0725455912705,162.1300048828125,105.51112338577579,256.2331683426446,150.26145356507448,160.35000610351562,103.16945550163008,250.18781200275956,152.20081233549695,160.5500030517578,104.59442265445784,256.14625752229273,66675400,5733800,7645500,21881300
2022-07-25,149.81085205078125,160.22999572753906,104.57626342773438,249.9560546875,151.85795331530994,160.6999969482422,105.70171336591828,252.53452726402583,149.15460492057616,159.80999755859375,104.16782915628804,248.0053205741304,150.84909422530328,160.63999938964844,105.13898493452133,252.05166965931448,53623900,3713400,9394000,21056000
2022-07-26,148.48858642578125,160.0399932861328,102.94254302978516,243.26365661621094,149.94799628582763,160.5,104.903010967723,250.97007463688564,147.70500253719806,159.7899932861328,102.58857080620362,241.01355313399756,149.13502930916428,160.22999572753906,103.99538846118368,250.9507414709721,55138700,2672800,10675100,39348000
2022-07-27,153.57205200195312,161.6699981689453,104.59441375732422,259.5262451171875,154.1009774684585,162.2100067138672,105.04822500210126,260.7913294360416,149.03708779660727,159.50999450683594,102.83363083632409,249.97533889176114,149.44846596743406,160.02000427246094,103.4780419729543,252.20613823088766,78620700,5766100,9337400,45994000
2022-07-28,154.1205596923828,163.63999938964844,104.20414733886719,266.9333801269531,154.4046011657363,163.75999450683594,105.26607103183923,268.3143459872542,151.24089776552904,162.8800048828125,103.04239153164012,258.68616288804407,153.75814339733685,163.30999755859375,104.60350349433055,260.50171243898495,81378700,5606400,10384800,33459300
2022-07-29,159.1746826171875,164.10000610351562,104.70333862304688,271.1148681640625,160.27170619819887,164.69000244140625,105.73802778300616,272.33167871252647,156.226464436767,163.27999877929688,104.18599404306724,267.1457929503217,157.93075852013737,163.88999938964844,104.91208793316274,268.1791152582621,101786900,7537300,12944500,32152800
2022-08-01,158.19515991210938,165.02999877929688,103.65957641601562,268.47845458984375,160.23247174092782,165.41000366210938,104.47643814173347,271.6363322420064,157.58788958801776,164.41000366210938,102.62488720497667,266.38283993190936,157.7054219228439,164.97999572753906,103.92278780122531,268.29496636983305,67829400,4666900,14740400,21539600
2022-08-02,156.7259979248047,164.0500030517578,102.04399871826172,265.39788818359375,159.076750020311,166.4600067138672,103.83201616462607,268.3626412541174,156.35380709254014,164.02000427246094,101.89877579335833,263.0415404728972,156.81416215078264,165.66000366210938,103.39635431452609,266.537425174636,59907000,5725400,14942900,22754200
2022-08-03,162.7203826904297,164.4499969482422,103.114990234375,272.78558349609375,163.17093336402678,164.91000366210938,103.55972330950938,273.7802690088794,157.45079605540153,163.47999572753906,101.39050614200849,267.12647689627147,157.53894532472003,164.77000427246094,102.96976731414584,267.2713577584934,82507500,4417800,14394500,23518900
2022-08-04,162.40695190429688,167.1699981689453,101.98045349121094,273.92510986328125,163.7586338892835,167.30999755859375,102.85177016488359,274.0699612486414,161.05526991931026,165.33999633789062,100.76423587354057,270.56443983776984,162.6028441618955,165.52999877929688,102.42518652863971,272.13853085373546,55474100,5502000,18033900,18098700
2022-08-05,162.18133544921875,165.2899932861328,105.0663833618164,273.2104797363281,162.67175374212067,165.83999633789062,105.45666131685763,273.92509952465934,159.87636348602825,164.8699951171875,101.69910469139563,269.1254939956156,160.08234575425365,164.99000549316406,102.13475961702619,269.57938130013923,56697000,6023300,14174600,16774600
2022-08-08,161.71055603027344,166.69000244140625,103.78663635253906,270.70928955078125,164.59421857415984,166.80999755859375,105.91954794254511,276.11730051736697,161.05339717997808,165.92999267578125,103.63234218221672,269.74357435929414,163.18181120847004,166.02999877929688,105.51112056825411,274.3113883534034,60276900,3456300,10332500,18739200
2022-08-09,161.75958251953125,167.1999969482422,104.72147369384766,272.62139892578125,162.6423445061743,167.8000030517578,105.27512393124417,273.3746556298809,160.1215870695177,166.82000732421875,103.80478002339936,268.09219211802474,160.8768354992681,167.47999572753906,104.14967405464242,270.05262233660574,63135500,3205500,10233800,23405200
2022-08-10,165.99681091308594,166.77999877929688,107.45343780517578,279.2462463378906,166.09488560468589,167.97999572753906,108.3429109896172,279.87395540358807,163.70164162721542,166.6199951171875,106.64565425457806,277.1023571419585,164.46669306704544,167.38999938964844,107.06315981474907,278.29019759892526,70170500,4077300,12847300,24687800
2022-08-11,165.2611846923828,166.33999633789062,109.04176330566406,277.17950439453125,167.71327649760102,167.66000366210938,110.00384091075784,281.2258525395224,164.9669306824805,166.30999755859375,108.28843499148952,276.6870097926365,166.8010905635419,167.16000366210938,108.8239358511279,280.8782092911261,57149200,4446000,11684900,20065900
2022-08-12,168.802001953125,167.8699951171875,110.84794616699219,281.9018249511719,168.87065273956517,167.94000244140625,110.95686337236488,281.9018249511719,166.1537308916434,166.8300018310547,108.40644607023346,277.1022209754633,166.56569547580565,167.1699981689453,109.52281799570703,278.5894300940531,68039400,5151700,9906700,22619700
2022-08-15,169.87109375,165.7100067138672,111.14744567871094,283.4084167480469,170.0672580774187,166.25,111.38342945732497,284.0940662295999,168.06635799154176,165.44000244140625,109.45926734826024,280.16359862776034,168.2330984181666,165.99000549316406,109.94938430786945,281.02309922866345,54091700,5236100,8456200,18085700
2022-08-16,169.71420288085938,165.4199981689453,112.2093734741211,282.6745300292969,170.38117973679442,165.72000122070312,112.76302378413506,283.95894794046416,168.3704611545434,165.17999267578125,110.61196277026787,280.46306311134526,169.46899366269176,165.30999755859375,110.99316257973668,281.9792138029151,56377100,4291500,9555000,18102900
2022-08-17,171.20506286621094,164.35000610351562,111.26543426513672,281.9293518066406,172.77439273368478,165.22999572753906,111.7827857159737,283.8939138882916,169.26301023326062,163.9499969482422,110.44857958922745,280.1389803646201,169.45917459589717,165.2100067138672,111.00222984487874,280.4002663240658,79542000,5569100,8149300,18253400
2022-08-18,170.81268310546875,163.9199981689453,110.40320587158203,280.8163757324219,171.5483105348056,164.91000366210938,111.15653424619167,282.50027733774294,169.8024226331564,163.5399932861328,109.41390062088134,279.76148592010856,170.42035446304044,164.60000610351562,110.9477780139152,280.8357203997343,62290100,3646100,9531800,17186200
2022-08-19,168.2331085205078,162.72000122070312,107.67125701904297,276.926025390625,170.41056710828244,163.74000549316406,109.81324671950163,279.92610362667006,168.02712623620275,162.6199951171875,107.19929635562796,276.3550474268576,169.71416649279175,163.64999389648438,109.47743081896355,279.5873798762718,70346300,8173000,13464500,20570000
2022-08-22,164.35877990722656,161.63999938964844,105.89231872558594,268.7967529296875,166.60488891273792,162.1199951171875,106.33705875021747,273.3549182202422,163.93701242863682,161.36000061035156,104.8304020292738,268.28383861490187,166.43814850327874,161.66000366210938,105.96493018976378,272.98716276174565,69026800,4458100,8967600,25061100
2022-08-23,164.02532958984375,162.77000427246094,104.84855651855469,267.52899169921875,165.47697879172844,163.42999267578125,106.45505234951126,269.8709667468448,163.45644246473458,161.91000366210938,104.72148991238544,266.5225077065828,163.87821006023856,161.9600067138672,105.91048019098439,267.52899169921875,54147100,4425100,7607000,17527400
2022-08-24,164.319580078125,163.25,105.10269165039062,266.8999328613281,164.88846719098774,163.61000061035156,105.65634194716718,268.29351690361904,163.06411023124903,162.3699951171875,103.87739569629183,266.24183017802443,164.11361274111158,162.44000244140625,104.6398022216113,266.5321774149117,53841500,3202400,9771300,18137000
2022-08-25,166.77163696289062,163.75,107.59864807128906,269.8612976074219,166.87952958176348,163.99000549316406,107.77109163423097,270.0258011315452,165.12383874706296,163.24000549316406,104.99376905362855,265.67085828538086,165.54559127859812,163.97000122070312,105.42943089206129,268.39027578883355,51218200,2857500,10758900,16583400
2022-08-26,160.4844970703125,161.75999450683594,104.07707214355469,259.4480895996094,167.77212157949262,163.61000061035156,108.9056236468533,271.3032096749944,160.42564926256463,161.5500030517578,104.01353884448274,259.34164963640063,167.30132415112922,163.1199951171875,108.42458482179282,270.08381644498274,78961000,6689300,11276200,27549300
2022-08-29,158.28744506835938,161.86000061035156,103.82293701171875,256.6803283691406,159.77830620497173,162.6199951171875,104.24952069379636,258.7803619357156,156.7573420791942,161.6999969482422,102.97884781143607,255.34480790841272,158.0618418321346,161.8800048828125,103.46896479140118,257.2803379595906,73314000,4702300,8117300,20338500
2022-08-30,155.86476135253906,160.50999450683594,103.84110260009766,254.49322509765625,159.44480926961938,161.42999267578125,104.90301935575293,258.4416942626222,154.6975633016655,160.33999633789062,102.88809612218502,252.25768976691393,159.02305667853338,161.27000427246094,104.376596597961,258.07396828165844,77906200,4856600,10745400,22767100
2022-08-31,154.20716857910156,159.27000427246094,103.22392272949219,253.04153442382812,157.50278094726974,160.57000732421875,104.4038279705531,258.4997140694314,154.1286998362425,159.25999450683594,102.86994354010181,252.90603313757336,157.23795081091825,159.5,103.90463968862345,256.835186498961,87991100,5438600,10738300,24791800
2022-09-01,154.93295288085938,157.8699951171875,103.9318618774414,252.00604248046875,155.38412932683354,158.38999938964844,104.04077215351198,252.48026749324697,151.70599214901193,157.32000732421875,101.57204459290033,247.17690376904113,153.6382414104045,158.1699981689453,102.82456123998635,250.52536296277327,74229900,7390800,9979800,23263400
2022-09-02,152.8241424560547,159.25999450683594,103.20575714111328,247.80589294433594,157.2869518100939,160.05999755859375,106.6002634672433,256.2060856971304,152.0002433352291,159.13999938964844,102.73379647194963,246.26715020417384,156.6886409081276,159.35000610351562,105.16622513135546,253.26410148725907,76957800,5196900,10666600,22855400
2022-09-06,151.56869506835938,158.3300018310547,103.23299407958984,245.08645629882812,154.07963464254792,159.4600067138672,104.14969485775177,249.5188064622745,150.7447958267751,158.32000732421875,101.7172659775536,243.81868666646542,153.4715206737186,159.1699981689453,103.76849502213983,247.941374513476,73714800,4863800,9751900,21328200
2022-09-07,152.97129821777344,159.94000244140625,105.19344329833984,249.7705078125,153.6676838931478,160.14999389648438,105.38404318181134,250.48664458354384,150.66632598771957,158.0800018310547,102.34350936043518,245.0574961858431,151.85314497915547,158.14999389648438,102.67932523505219,246.4897844948553,87449600,3981400,10647900,24126700
2022-09-08,151.50003051757812,158.97999572753906,107.64403533935547,250.18661499023438,153.36361410419434,159.86000061035156,107.81648584340637,252.0350498159717,149.75412756943635,158.7100067138672,104.04077263111942,246.57685541782593,151.6765739248584,159.5399932861328,104.63072868611559,249.20919235362013,84923800,4607100,11435000,20319900
2022-09-09,154.354248046875,159.82000732421875,108.16136932373047,255.93515014648438,154.79563648166842,160.24000549316406,108.96008153820604,256.68034817535016,151.7844609924952,159.41000366210938,107.70755808354569,251.89958621733555,152.49066452851048,159.72000122070312,108.13414175725697,252.10280861891394,68028800,3927800,9299700,22084700
2022-09-12,160.2981414794922,160.6300048828125,109.44112396240234,258.05450439453125,161.11223777090294,161.6199951171875,110.32151890539954,258.82873403398463,156.24729591423596,160.5500030517578,108.72410134825628,256.6125441459456,156.53173198406338,161.0399932861328,109.4774296937704,257.2125536578714,104956000,4537500,8614600,18747700
2022-09-13,150.89190673828125,158.5399932861328,105.63819122314453,243.8671417236328,157.46350930410847,159.27000427246094,107.93447523588812,252.00603528741846,150.43091231518306,158.38999938964844,105.08454089699559,243.48002680941664,156.8357744463717,158.47000122070312,107.16299743006753,250.49632403928555,122656600,6526400,12904600,33353300
2022-09-14,152.33377075195312,157.92999267578125,105.39312744140625,244.08970642089844,154.08947711736784,158.97999572753906,106.95423232841526,246.03490888980133,150.66635107863272,157.72999572753906,104.26767055303281,241.80578027171973,151.8237313927598,158.67999267578125,105.91954322994398,245.3574762961727,87965400,6091100,9345700,23913000
2022-09-15,149.45005798339844,154.97999572753906,106.9814682006836,237.47018432617188,152.26506901475514,157.49000549316406,108.35197321088188,243.29611908968658,148.47903939265456,154.6199951171875,105.06638414248548,236.15402331387534,151.68636408491093,156.75999450683594,105.39312880144128,241.71867215528192,90481100,13181200,10821400,31530900
2022-09-16,147.8120880126953,155.83999633789062,106.26444244384766,236.8507843017578,148.44964084888636,156.55999755859375,106.55488136271414,237.39273027700912,145.52673670084437,154.33999633789062,104.71240882197272,234.25716671987198,148.31232430924803,154.66000366210938,106.54580319895298,236.3862465227536,162278800,7141200,14844100,39791800
2022-09-19,151.5196533203125,155.9600067138672,107.24468994140625,236.6378936767578,151.5981220543988,156.0399932861328,107.7620345473943,237.23790323040416,146.24276190884032,154.82000732421875,104.83948866196289,233.0861980227324,146.44872924023372,154.8699951171875,105.28422179790783,234.65397254260654,81474200,5582800,8201300,26826900
2022-09-20,153.89324951171875,155.07000732421875,105.12992095947266,234.63462829589844,155.05064442927653,155.22999572753906,106.81809944569974,235.66045686379198,150.1464616536784,154.58999633789062,104.0498479159697,231.91521092748422,150.46032156880005,155.02999877929688,106.56396624125445,234.26688762643548,107689800,5943700,9619000,26660300
2022-09-21,150.77418518066406,155.7899932861328,102.09844970703125,231.24746704101562,155.69798850992015,157.25,105.82877861254009,239.67670753574686,150.65648959208787,154.00999450683594,102.03491641111837,231.19907583276708,154.32480845556432,155.97000122070312,105.77432348021759,236.3959844466539,101696800,7816100,12606300,28625600
2022-09-22,149.81298828125,155.6999969482422,100.93670654296875,233.21202087402344,151.50983141556574,156.47999572753906,103.10592396061821,235.99918898239684,148.0180554999838,155.30999755859375,100.80963993542022,229.91195323025747,149.45988650515864,156.25999450683594,102.90624588458174,230.20227093577722,86652500,5975200,11684500,31061200
2022-09-23,147.54725646972656,153.00999450683594,99.05792236328125,230.25062561035156,148.5673350111051,154.0,100.1470666293607,233.35715746883162,145.7130966439831,152.63999938964844,97.26083363178914,227.618303873853,148.29270193451399,153.89999389648438,99.88386218933628,231.81840003910415,96029900,9598000,18138600,34176000
2022-09-26,147.88075256347656,151.22999572753906,96.92500305175781,229.79580688476562,150.82326264584486,153.50999450683594,99.48449810451093,233.66686706312993,146.77240230987616,151.02999877929688,96.26243561106126,229.263533156856,146.79202323434507,153.22000122070312,98.02322539420264,229.40870677369827,93339400,8240500,15753600,27694200
2022-09-27,148.85174560546875,151.5399932861328,96.07184600830078,228.78932189941406,151.75502830388234,152.72999572753906,98.17753005774317,234.00557453802256,147.0764338903238,151.5,94.98270171275183,226.9408872481293,149.81297617549825,152.25,97.79633024676208,232.24423519066093,84442700,7151300,12793600,27018700
2022-09-28,146.9685516357422,154.69000244140625,98.01416015625,233.29910278320312,147.75322390412563,154.8800048828125,98.68580584898338,234.5184812999227,142.06436866631904,152.92999267578125,95.88124848511528,227.16346179841986,144.81071412247172,153.1999969482422,96.16260926812394,229.1764146595356,146691400,8977200,12762600,29029700
2022-09-29,139.7496337890625,154.66000366210938,96.35321807861328,229.84417724609375,143.9083875278427,155.02999877929688,97.36975095399661,232.21519843693235,137.98412442041132,153.16000366210938,94.75580037136835,226.85378707356358,143.30027345445623,154.13999938964844,97.07023383552365,231.18936994540456,128138200,6317000,12713900,27484200
2022-09-30,135.55160522460938,154.6699981689453,94.84654998779297,225.3925018310547,140.35771319334796,156.0399932861328,97.67833464296756,232.78622712752662,135.35544091221504,154.57000732421875,94.75578912392284,225.22798352444488,138.5725835278908,154.94000244140625,96.26243885307524,230.6087554984579,124925300,6832400,15973400,35694800
2022-10-03,139.72015380859375,158.42999267578125,97.77818298339844,232.97976684570312,140.32828260431316,158.47999572753906,98.34998271238987,233.82171772604818,135.05137754414199,155.22999572753906,94.81025328743597,227.09575348399042,135.56141670515206,155.44000244140625,95.86309879751497,227.82157728205974,114311700,10362200,12248100,28880400
2022-10-04,143.3002166748047,160.6999969482422,102.35258483886719,240.8573760986328,143.41791226395273,161.0800018310547,102.5522628939969,242.28966427196394,141.49546616506458,158.9199981689453,99.71140700180528,237.08308345370094,142.25071445031105,159.17999267578125,100.3921238672329,237.18953820241006,87830100,8024500,16013600,34888400
2022-10-05,143.59449768066406,159.80999755859375,101.08885192871094,241.16705322265625,144.55572849466822,160.0800018310547,101.60166568533853,242.50257374872547,140.26946161653336,158.3800048828125,99.66029532864067,236.23146021082852,141.30916116839794,159.32000732421875,100.5027770678327,238.0605356080036,79471000,5296300,10943500,20347100
2022-10-06,142.64305114746094,159.6300048828125,99.02845001220703,238.83474731445312,144.7126168501461,159.94000244140625,100.90572600519454,242.27031644163847,142.43708385477177,158.9499969482422,98.84530420211476,238.14764234917035,143.01577382273572,159.41000366210938,100.23723052388458,239.93799895986987,68402200,5712600,11521400,20239900
2022-10-07,137.4053955078125,157.8800048828125,97.05044555664062,226.68930053710938,140.35772324812106,158.97999572753906,98.63467702343239,233.5410791626443,136.7776606833551,157.67999267578125,96.40026188286828,225.65378480022213,139.80844218113944,158.4600067138672,98.46068361891038,233.1346048289845,85925600,5030000,11681100,37769600
2022-10-10,137.7290496826172,155.47999572753906,96.14385986328125,221.860107421875,139.17088043179677,156.35000610351562,98.26838343772174,226.99893677306147,135.91451126723297,155.1199951171875,95.7134595164074,219.42133569410282,137.7290496826172,155.94000244140625,97.73725778403534,225.53761706316808,74899000,6110800,8931700,29743600
2022-10-11,136.31668090820312,155.16000366210938,93.36915588378906,218.14393615722656,138.64127407342733,156.80999755859375,95.73177451175344,221.67627288848584,135.57125040118655,154.9199981689453,93.26842359438685,216.88583856563983,137.21904887976436,155.49000549316406,95.57609987779172,220.28268877269275,77033700,5306700,12739700,30474000
2022-10-12,135.68896484375,155.99000549316406,94.88013458251953,218.4729461669922,137.67025945099226,156.2899932861328,95.90576927707119,220.51493088352666,135.51242139642648,155.25999450683594,92.74645167540932,216.74065333491876,136.46383432846753,155.50999450683594,93.22264195688732,218.1342225142281,70433700,3998500,13181000,21903900
2022-10-13,140.24986267089844,154.91000366210938,100.1548080444336,226.68930053710938,140.83835578471064,155.72999572753906,100.64015068566272,228.4893441994696,131.79503908177543,152.9199981689453,93.18600369948167,212.06636940173655,132.40316808901153,153.47999572753906,93.38746826449699,212.76316144954848,113224000,7083800,22398700,42551800
2022-10-14,135.72816467285156,152.97999572753906,101.82146453857422,221.19236755371094,141.75050040665323,154.1999969482422,105.53021942862705,229.5925754900993,135.54180333634727,152.72000122070312,101.39106421861624,220.97945807089755,141.54451814883853,154.02000427246094,102.52658356155584,227.9473631652827,88598000,5471900,33387100,30198600
2022-10-17,139.6809539794922,153.4199981689453,106.09798431396484,229.87322998046875,140.16155437004147,155.3300018310547,107.15109015904487,231.25714167375685,137.5819641011487,153.32000732421875,104.68773925856723,227.5602721133645,138.36663643162046,154.9199981689453,105.68590275946444,228.21836002283007,85250900,4348000,22276300,28142300
2022-10-18,140.9952850341797,153.75,108.82688903808594,230.81195068359375,143.88875049899616,154.24000549316406,110.01735767004864,236.06690750411659,137.91545818930572,153.24000549316406,107.10529480386943,227.7828415320167,142.70194639396894,154.0800018310547,109.57780496566174,235.39916206358598,99136600,4528400,21539700,26329600
2022-10-19,141.1031951904297,151.69000244140625,106.6932144165039,228.85704040527344,142.1723038055395,152.49000549316406,108.81773780803796,231.8861492807651,138.78841953799576,151.5399932861328,105.92398669571581,226.73763290241635,138.974780941184,152.08999633789062,108.04851008724987,229.39898638890583,61758300,8257100,17072000,19985700
2022-10-20,140.6421356201172,151.4499969482422,106.34521484375,228.53770446777344,143.09422670420207,153.22999572753906,108.7078330777111,233.53137553473397,139.9163112713326,151.27000427246094,105.9056621874468,227.29896641864062,140.27923092891302,151.9199981689453,107.28843584963444,228.16996380022994,64522000,5019800,12207400,21811000
2022-10-21,144.44781494140625,154.14999389648438,111.93128204345703,234.31527709960938,145.0167019837592,154.30999755859375,112.07779730625502,235.166915097807,139.916339525803,151.8300018310547,106.52839636307701,226.9409118947973,140.13212478208789,151.97999572753906,106.64744045076071,227.17318083073934,86548600,6898400,20593300,26299700
2022-10-24,146.58604431152344,153.64999389648438,112.06863403320312,239.27989196777344,147.3510957532076,154.05999755859375,112.72797015934596,239.85086976349376,143.2021606323234,153.05999755859375,111.1071080047158,233.52169327420833,144.3693587197694,153.4499969482422,111.78475591811141,235.90238686212638,75981900,4673300,12624200,24911200
2022-10-25,149.420654296875,154.0,112.36165618896484,242.57998657226562,149.56778877679034,154.7899932861328,112.88362938644316,242.9477272430807,146.4977652190575,153.8300018310547,110.70416369964258,237.90567969361152,147.21377179556336,153.9600067138672,111.58327608557636,239.28957660185964,74732300,3434100,11289100,34775500
2022-10-26,146.48797607421875,154.97999572753906,113.65286254882812,223.86338806152344,149.07738452163943,155.72999572753906,114.65101904999469,230.6183830586996,145.20306734701933,154.77999877929688,112.52649560198506,222.6439948132426,148.06712385627637,154.77999877929688,112.63638727546582,223.71821446357913,88194300,4448200,11667000,82543200
2022-10-27,142.02517700195312,154.74000549316406,114.10157775878906,219.44068908691406,146.19373355952823,155.08999633789062,115.56676517888995,226.15697979477318,141.36801811707775,154.22000122070312,113.74443854346963,218.50195596106514,145.23251764978033,154.7100067138672,114.6510221680063,223.5923939728555,109180200,3654900,10727600,40424600
2022-10-28,152.75547790527344,153.16000366210938,115.45687103271484,228.26670837402344,154.48174471225758,153.5399932861328,115.64001682526549,228.97318740219828,144.98725482427943,152.5,113.59791399072567,218.76326447934332,145.3599625074013,152.9600067138672,114.73343327498077,218.94714217799373,164762400,4645400,11859500,40647700
2022-10-31,150.4014892578125,151.91000366210938,115.27371215820312,224.64730834960938,151.28425122815005,152.8699951171875,116.69311642839043,227.3473663725247,149.00870300208484,151.88999938964844,115.0081458824523,223.69888795758465,150.22494584357278,152.16000366210938,115.10887815899792,226.22475535763192,97943200,6097800,13295200,28357300
2022-11-01,147.7630157470703,153.4600067138672,117.35244750976562,220.81494140625,152.4710340362063,153.97999572753906,117.47149855863724,228.1409296481597,146.27215501250635,152.8699951171875,115.68580269120207,220.0020223387947,152.1081293130579,153.82000732421875,116.18030469754501,227.03767812320683,80379300,4603600,13386900,30592300
2022-11-02,142.25071716308594,152.38999938964844,116.2718734741211,213.0050811767578,149.25388921211223,155.4199981689453,119.37624124856418,223.84404616078317,142.22129326523782,152.25999450683594,115.96967664984979,212.94700287287873,146.09559446780847,154.16000366210938,116.89457890599967,222.0633621151271,93604600,7210900,16546100,38407000
2022-11-03,136.21859741210938,151.80999755859375,116.48251342773438,207.34364318847656,140.06347524662803,151.9600067138672,117.37993770627928,213.30507890075714,136.0910838596121,150.57000732421875,115.30121103875088,207.08234251389777,139.3376507448135,150.6999969482422,115.66750267032388,212.9953870246754,97918500,5378800,12474400,36633900
2022-11-04,135.9533233642578,156.47000122070312,119.66928100585938,214.25350952148438,140.16808578570755,156.60000610351562,119.80665083109656,214.4470595832424,132.02346880241154,154.66000366210938,117.6363445290073,206.55009302136054,139.59825507529519,154.9499969482422,118.57955864183005,210.53729517480699,140814800,7692000,14953200,36789100
2022-11-07,136.48387145996094,155.85000610351562,120.30115509033203,220.5246124267578,136.70983394000362,156.57000732421875,121.14363698512378,221.04721381188003,133.29086405936027,155.80999755859375,119.4861443680671,214.14704442988435,134.70561435237354,156.22000122070312,119.96233464708139,214.83416409790135,83374600,4425700,12011200,33498000
2022-11-08,137.05369567871094,159.4499969482422,120.3744125366211,221.49241638183594,138.9498435557623,159.8699951171875,120.93301631617813,224.18280245384918,135.0789489012502,155.97999572753906,119.17479146244015,218.56008901005944,137.94774130575934,155.99000549316406,120.18211433479844,221.32789807002794,89908500,11299600,9884100,28192500
2022-11-09,132.50486755371094,158.64999389648438,118.80848693847656,217.2729034423828,136.12034157773797,160.35000610351562,120.35608067680693,221.2601050748425,132.22977893126608,158.4499969482422,118.33229672576779,217.0987128396381,136.07121539704306,159.36000061035156,120.25536237365235,220.04071178794467,74917800,6040600,9494000,27852900
2022-11-10,144.29446411132812,163.47999572753906,123.69857025146484,235.1475372314453,144.29446411132812,163.50999450683594,123.85424488989284,235.4862608906142,137.05371017047622,161.66000366210938,121.36342272878547,227.42477661146236,138.7632027049217,162.00999450683594,121.45500262109827,227.84090847628838,118854000,9939900,16351600,46268000
2022-11-11,147.07481384277344,164.55999755859375,123.9000244140625,239.14442443847656,147.37937519314977,164.5800018310547,124.69671631227637,239.99606241623323,141.83828048896822,163.4199981689453,122.5080912121442,234.1313937515766,143.26286485614494,163.91000366210938,123.79929213024351,235.15723711883936,93979700,4622400,10704700,34620200
2022-11-14,145.6797332763672,164.9199981689453,122.62714385986328,233.76365661621094,147.64466090619808,165.24000549316406,124.2937887909948,236.0475827819004,144.8446330372058,164.14999389648438,122.62714385986328,231.49908988674315,146.35763570725214,164.1999969482422,123.44215454020792,234.1894756115481,73374100,6187600,11085600,31123300
2022-11-15,147.40884399414062,165.5,121.73887634277344,234.17010498046875,150.89659305740093,166.22999572753906,124.27548835872932,239.03796188941354,145.95480194485347,164.55999755859375,120.51178407947867,232.29263846364998,149.55062261259357,165.27000427246094,123.33226021587494,237.74116029609917,89868300,9903500,14038300,31390100
2022-11-16,146.18077087402344,165.1199951171875,121.90371704101562,234.59710693359375,147.24183349471545,165.7100067138672,122.30664624085016,236.60603316606853,144.70707528826344,164.8300018310547,120.90556041523608,233.32576434985185,146.51481993344615,165.41000366210938,121.79383234038106,235.62582643468144,64218300,3645800,7893400,24093300
2022-11-17,148.07693481445312,163.9199981689453,121.37257385253906,234.548583984375,148.82360185357618,164.11000061035156,121.69308949913398,236.07226408161256,143.58706836561342,163.39999389648438,120.21874267643067,230.61810181463593,143.86215701114332,163.7899932861328,120.87807876938678,230.76366974368625,80389400,4574400,8820200,23123500
2022-11-18,148.63694763183594,162.7899932861328,122.56305694580078,234.10215759277344,150.0222252429551,163.69000244140625,123.32312541911315,236.547802374884,147.3401031595605,162.67999267578125,121.13449990126426,231.97677705188883,149.6390649453273,163.3800048828125,123.23155949015616,236.32457848011174,74829600,4321100,9468500,27613500
2022-11-21,145.41444396972656,161.8800048828125,121.83961486816406,234.9076690673828,147.73305885560603,162.5,123.22238183506421,237.45035420758848,145.12953609848137,161.27999877929688,121.56488916018174,234.0730450796648,147.52674987775407,162.44000244140625,122.47147980458445,234.30595375905,58724100,4766500,7800500,26394700
2022-11-22,147.54641723632812,162.07000732421875,123.66192626953125,237.79974365234375,147.78221396265934,162.60000610351562,123.87255721626288,238.07148033059326,144.35340964940343,161.72000122070312,122.42568162642476,233.6072243246812,145.53237828985053,162.3000030517578,122.70955971543894,236.40223227361014,51804100,3203800,9185700,19665700
2022-11-23,148.42083740234375,163.0800018310547,124.98059844970703,240.2744903564453,149.16750461394776,163.24000549316406,124.99891722184935,240.9538320187203,146.7211639605135,161.55999755859375,123.4970992881457,237.06216314669393,146.82923559559399,161.69000244140625,123.57036040358601,237.87737314142396,58301400,4167000,7316200,19508500
2022-11-25,145.51271057128906,163.22000122070312,125.21868133544922,240.1871337890625,146.2692118769101,163.42999267578125,125.58497288326187,241.36142112614246,144.54006603549058,162.75999450683594,124.59596893641546,239.44955019697596,145.7092003283938,162.85000610351562,124.9805792535568,240.01243748252853,35195900,1436500,3220500,9200800
2022-11-28,141.69090270996094,161.92999267578125,123.03005981445312,234.626220703125,144.06846284178744,163.05999755859375,125.19121354026677,239.37192761122702,140.86563687733454,161.91000366210938,122.88353760213049,233.69455635778226,142.59476743015247,162.92999267578125,124.60513866410344,238.81875468278062,69246000,4052900,9906900,24778200
2022-11-29,138.6943817138672,162.72999572753906,125.0538558959961,233.23843383789062,142.27054854346483,163.6300048828125,125.12711700928688,235.6258367832805,137.88876937413374,162.60000610351562,123.0850141288976,231.18099474535325,141.75966328460675,162.6999969482422,123.31394986800805,234.27685297681788,83763800,2620600,7925300,17956300
2022-11-30,145.43406677246094,164.80999755859375,126.53738403320312,247.6114044189453,146.1119689677197,164.80999755859375,126.53738403320312,247.79580032500542,138.0852441887457,162.39999389648438,121.96783457541312,232.78228328422537,138.92032914643895,163.69000244140625,124.62348416887055,233.47133933183883,111380900,4874700,14761200,47594200
2022-12-01,145.70921325683594,167.83999633789062,124.76083374023438,247.1746826171875,146.51484082101652,167.9499969482422,126.97693016591022,248.56247947765692,144.0390276864429,166.97999572753906,124.01907015859663,243.51592255366535,145.61097586517099,167.47999572753906,126.53736345683684,246.3788718348064,71250400,8625800,8858500,26041500
2022-12-02,145.21795654296875,167.25999450683594,123.77182006835938,247.49497985839844,145.4046270438478,167.47000122070312,123.94581346398753,248.5042854543991,143.09583136119605,165.75999450683594,122.10516119774077,242.32225350861475,143.40040769964443,166.17999267578125,123.15827397065328,242.44842226131698,65447400,5185900,8931900,21528500
2022-12-05,144.05870056152344,164.38999938964844,120.30115509033203,242.81719970703125,148.27346450913342,166.72000122070312,123.23154390906964,246.3303923254423,143.21378092513402,164.32000732421875,119.59604303130392,240.74034652754588,145.1787089175549,166.5500030517578,122.92934703814497,244.57378861196725,68826400,5436200,10154500,23435300
2022-12-06,140.40391540527344,164.83999633789062,120.50259399414062,237.88706970214844,144.71693119940028,165.5399932861328,123.7260126240252,244.42819318650004,139.431270776129,164.4499969482422,118.92751523028376,236.58661356400265,144.49096870660432,165.1999969482422,122.15093386016834,243.41888770234414,64727200,3597800,13966700,22463700
2022-12-07,138.46844482421875,166.3300018310547,120.42020416259766,237.1592254638672,140.85582456681212,166.63999938964844,121.86707977531921,238.89641517033584,137.54492649061714,165.32000732421875,119.34878653237514,235.06297311301404,139.69652452502783,165.47000122070312,120.24621075738449,237.60565848816955,69721100,4610700,11739400,20481500
2022-12-08,140.1484375,166.47000122070312,121.68392944335938,240.0998077392578,141.00319109284194,167.0500030517578,121.77549535581866,241.40027877672188,138.62563079391435,166.07000732421875,120.35609096797697,235.88787438426903,139.86352962985669,166.5800018310547,121.18026801888281,237.61534962771674,62128300,3217900,8907300,22611800
2022-12-09,139.6670379638672,167.05999755859375,121.02458953857422,238.1782684326172,143.0172426533997,168.08999633789062,122.4897698494312,240.9829911753985,138.42912415381502,166.60000610351562,120.87806731555004,236.9554532092783,139.84387422747133,167.25999450683594,121.06121310776614,237.47951264541197,76097000,5431300,7957800,20609700
2022-12-12,141.9562225341797,165.67999267578125,122.90184783935547,245.0590362548828,141.96604177691333,166.60000610351562,123.30476293557905,245.08814984287235,138.5863633664679,165.42999267578125,120.51175856264501,239.87661027319498,140.1976036561907,166.44000244140625,121.24434162714336,240.1483469667902,70462700,3504400,8841600,30665100
2022-12-13,142.9190216064453,168.50999450683594,122.78282165527344,249.3389129638672,147.34010905974955,169.7899932861328,125.53920302213729,256.13235956018696,141.71059523341404,168.02000427246094,121.86707866617365,245.60251141247596,146.87834983755218,169.2100067138672,125.35605721894315,253.96815091092603,93886200,6750200,10025400,42196900
2022-12-14,140.6986541748047,168.10000610351562,122.1692886352539,249.63003540039062,144.08815144991274,168.80999755859375,124.2755005307564,254.8415744130712,138.68460028950005,167.13999938964844,121.57404724460615,246.80589919892807,142.80112620848055,168.42999267578125,122.50810910616701,249.54269464575677,82291200,5643000,9966100,35410900
2022-12-15,134.10629272460938,165.35000610351562,119.1381607055664,241.6622314453125,139.3133532425607,166.2100067138672,120.95132779332344,246.69908779190553,133.6445335943197,165.10000610351562,118.17662783505968,240.04151142234235,138.63545090272245,165.72999572753906,120.09967960294495,246.23325573230872,98931900,8363000,12087800,35560400
2022-12-16,132.1511688232422,166.7899932861328,118.3963851928711,237.46975708007812,135.23610381983994,166.97999572753906,118.95498888210815,242.46778637167077,131.38484844130548,165.83999633789062,117.60884579448975,236.32456849542362,134.29294719185827,166.02000427246094,118.26818175467537,241.21585785298825,160156900,5372000,21133700,86102000
2022-12-19,130.0487060546875,166.32000732421875,119.10152435302734,233.35487365722656,132.82907992971283,167.11000061035156,120.2645217974707,237.9744265437408,129.01713123497163,165.99000549316406,118.21325258477675,231.6662265103739,132.74066180080095,166.7100067138672,118.72606639466815,237.6347483108368,79592600,3940500,9017200,29696400
2022-12-20,129.97996520996094,169.0800018310547,119.6784439086914,234.6650390625,130.91330283228723,169.52999877929688,120.9238548331783,235.74228609848038,127.6122238272619,168.02999877929688,119.22972484959675,231.38477037827317,129.08591954394805,168.10000610351562,119.93485080728036,232.33584867761797,77432800,7803100,8549900,25150800
2022-12-21,133.07472229003906,168.8000030517578,121.02458953857422,237.21743774414062,134.41087369361549,169.7100067138672,121.77549147859867,238.37232600874938,130.42207295695286,168.67999267578125,120.66745035315796,233.02491849714485,130.64803543949063,169.0399932861328,121.04289433660604,234.55829818550004,85928000,3990100,8051700,23690600
2022-12-22,129.9111785888672,166.75999450683594,119.65097045898438,231.1615447998047,132.20032094511618,167.75999450683594,120.23704535503765,234.84941820626472,128.0150307307424,166.05999755859375,117.59054893757593,226.96901129135682,131.99401195090732,167.75999450683594,120.05389956998245,234.14094822183725,77852100,5672700,8648200,28651700
2022-12-23,129.5476837158203,167.25999450683594,120.2187271118164,231.68563842773438,130.09786107261186,167.8000030517578,120.36524932975423,231.8215067666557,127.36661277196195,166.66000366210938,118.7169093107731,227.0369865095698,128.62416529925937,166.8800048828125,119.57770987474812,229.14295316711923,63814900,2912300,5091900,21207000
2022-12-27,127.74976348876953,168.6699981689453,120.63998413085938,229.96788024902344,129.1055682957193,170.61000061035156,121.07953684483128,231.8797366085177,126.46273834186272,167.8000030517578,119.5502477587565,228.87121912390276,129.07609558176017,167.88999938964844,120.48430950243451,231.65652750812146,69007800,6885700,5411000,16688600
2022-12-28,123.82974243164062,167.91000366210938,121.2993392944336,227.6095733642578,128.73223486036684,168.33999633789062,122.1692924600138,232.64643111207874,123.66272537894751,167.10000610351562,119.97150059771896,227.26019552023155,127.39608344761355,168.0500030517578,120.74073543474422,229.89993593986588,85438400,3662500,8827700,17457100
2022-12-29,127.33714294433594,168.85000610351562,121.99530029296875,233.8983612060547,128.1918817150827,169.35000610351562,122.0410902438685,234.7815128184782,125.49011356491995,168.52000427246094,121.16197069523953,228.69652150065144,125.74554877459363,168.5399932861328,121.72972696162897,228.69652150065144,75703700,3345900,6585200,19770700
2022-12-30,127.65151977539062,169.63999938964844,122.80113220214844,232.74349975585938,127.67117324976594,169.89999389648438,123.01174916305784,232.87936810259998,125.19536766637758,168.8000030517578,121.2809955885126,229.67674014824095,126.15818552945343,169.25999450683594,121.61981600038357,231.18100636407286,77034200,2864500,9292500,21938500
2023-01-03,122.87673950195312,171.05999755859375,123.7352066040039,232.51052856445312,128.6044974020352,172.08999633789062,125.21871996853771,238.49846380336683,121.99252063798394,170.02000427246094,122.60884647249937,230.39484781786445,127.9953746812147,171.32000732421875,123.84510528075567,235.90725134496904,112117500,7992900,11054800,25740000
2023-01-04,124.14411926269531,172.6699981689453,124.88904571533203,222.33978271484375,126.40378887161263,173.08999633789062,126.07950054076596,225.9985278733158,122.88656686996354,171.85000610351562,124.14729605627133,219.2924376104367,124.66482384759799,172.86000061035156,124.53190647307575,225.4259409938991,89113600,7574600,11687600,50623400
2023-01-05,122.82760620117188,170.52000427246094,124.8613510131836,215.7501220703125,125.5293813261351,171.0,125.19345415723286,220.83550661088532,122.57217104073682,169.7899932861328,123.33920573781509,215.21634839005094,124.90060516942826,170.82000732421875,125.14732598349279,220.49582841202724,80962700,4692600,8381300,39585600
2023-01-06,127.34695434570312,173.7100067138672,127.25066375732422,218.2928466796875,128.00520329992693,173.9600067138672,127.65656923603096,219.09835714227594,122.699904718632,171.22999572753906,124.06801627396604,212.87751216247153,123.80026688503307,171.75999450683594,125.58092773692631,216.4198034707522,87754700,7889000,10029100,43613600
2023-01-09,127.86764526367188,174.10000610351562,126.72480773925781,220.41819763183594,131.07048653770673,175.0399932861328,128.1178026001078,224.41663581790868,127.6122100970975,173.8800048828125,126.27278822661013,219.72915641914315,128.18204084518473,174.50999450683594,127.85950171392554,219.76796959383623,70790800,5134500,8482300,27369800
2023-01-10,128.4375,174.74000549316406,127.85948944091797,222.09719848632812,128.95820466182693,174.97999572753906,127.97018578827266,224.48460157088834,125.87326865028986,174.05999755859375,126.66944740149017,220.62204584662,127.97574077291436,174.61000061035156,127.11224686725015,221.03935048334114,63896200,4398400,9048700,27033900
2023-01-11,131.1490936279297,174.6199951171875,128.80967712402344,228.81298828125,131.1687321095965,174.7899932861328,128.92037347696242,228.98766979827053,128.17222961380043,173.72000122070312,127.39824231868354,224.2904903213458,128.94836939344688,174.75999450683594,128.13623677339942,224.4651718383663,69458900,3374200,8703700,28669300
2023-01-12,131.0705108642578,176.63999938964844,128.68055725097656,231.47210693359375,131.90559617413024,176.7100067138672,129.94438783502113,232.82109060207105,129.13505580606935,174.8800048828125,128.43147632136026,226.6681731391479,131.53227009080283,176.00999450683594,129.15103093905597,228.31800704319014,71379600,6936900,11001700,27269500
2023-01-13,132.3968048095703,178.75999450683594,131.927734375,232.1708984375,132.55400260182785,178.8300018310547,132.37054791484914,232.3067667845128,129.35117628841525,176.88999938964844,124.35395902005588,227.98807845959973,129.71468306570503,176.9600067138672,125.09196751012998,230.00670447846073,57809700,7468800,20200000,21333300
2023-01-17,133.5561065673828,177.58999633789062,129.8890380859375,233.25784301757812,134.88242345634274,178.24000549316406,130.57168451812987,233.80131636600996,131.77784981822288,177.08999633789062,128.44069478543568,230.09402846864725,132.46557135226192,178.2100067138672,130.23036130203369,230.94806647820474,63646600,6610800,14292900,29831300
2023-01-18,132.8389129638672,177.0800018310547,125.98683166503906,228.85182189941406,136.17928328311848,179.17999267578125,129.82445142479642,235.22796439382358,132.66206171643108,176.89999389648438,125.8392271152633,228.57038560512123,134.42067999537736,178.9199981689453,128.15471542494893,234.44186787994613,69672800,5384700,13392600,30028700
2023-01-19,132.8979034423828,179.88999938964844,124.30785369873047,225.08628845214844,133.86071392112063,180.02999877929688,125.36873142072389,228.57036731781892,131.42420750930626,178.08999633789062,123.23774189524636,223.8731729886452,131.72876893688178,178.3699951171875,124.83368959532557,226.8817052615486,58280400,6678700,13303400,28623000
2023-01-20,135.45228576660156,179.2899932861328,124.6122817993164,233.13168334960938,135.59966433835268,179.66000366210938,124.99051315250682,233.63634353931783,131.86629872212012,178.64999389648438,123.20084682408736,227.59016528126836,132.90770800117681,179.05999755859375,124.68608406893968,227.92984354153225,80223600,5754800,13092500,35389800
2023-01-23,138.63548278808594,179.6300048828125,126.63258361816406,235.42205810546875,140.80673462294286,179.69000244140625,127.26911592047743,237.9356299735096,135.48176704430378,177.77999877929688,124.37244350192479,232.578507553011,135.6979103035641,178.35000610351562,124.649184436544,233.98573343923675,81760300,5265500,10487100,31934000
2023-01-24,140.03053283691406,180.27999877929688,127.72110748291016,234.8979949951172,140.64948968940584,180.32000732421875,129.41851719919742,236.7516391990006,137.83964325138285,178.35000610351562,124.53846074578614,233.3452159013229,137.84946249034775,179.55999755859375,125.84841916224751,235.34442805481387,66435100,4604600,6945000,40234400
2023-01-25,139.3722686767578,181.11000061035156,128.33920288085938,233.51014709472656,139.93226506012797,181.22000122070312,128.33920288085938,236.12077368624207,136.37575209022467,179.2899932861328,126.61411884438579,224.08666058005855,138.41927791003738,179.35000610351562,127.35212745255436,227.56102470477651,65799300,6925300,8967000,66526600
2023-01-26,141.4355010986328,179.47000122070312,129.132568359375,240.68209838867188,141.72040901629467,180.27000427246094,129.20637063279165,240.9829486422917,139.41161299424252,178.4600067138672,127.63811103263491,234.85914439539755,140.65934626942868,180.14999389648438,128.61596652180285,236.46045082013288,54105100,5860100,7487600,33454500
2023-01-27,143.37094116210938,179.22000122070312,129.4462127685547,240.83738708496094,144.64814715401417,179.72000122070312,130.31335768367455,242.458107545592,140.57092820918845,178.25999450683594,128.92037692534547,239.5466304719591,140.64952711543583,179.27000427246094,129.7137336540936,241.64289751902396,70555800,6052700,7489900,26498900
2023-01-30,140.49234008789062,178.75999450683594,128.34841918945312,235.54820251464844,142.99762607371383,179.42999267578125,129.23401813554992,238.35292478678218,140.34497649686972,178.64999389648438,128.14546649840148,235.05324194345323,142.41797596075202,179.2899932861328,128.44066145498658,237.2950768809861,64015300,4210700,6729300,25867400
2023-01-31,141.7596893310547,179.41000366210938,129.11412048339844,240.49774169921875,141.80881551729502,179.6999969482422,129.21559684362194,240.6336100555459,139.78494257033407,178.5399932861328,127.53662689744111,235.7811476030907,140.19757555057984,178.82000732421875,129.0403182144774,236.2663938483362,65874500,5976900,9188700,26541100
2023-02-01,142.8796844482422,181.6699981689453,128.7727813720703,245.29197692871094,144.0389993752098,181.72999572753906,129.962823586279,247.65026657209242,138.8417731528238,178.6300048828125,127.4166946124427,238.22679278385502,141.44529588395375,179.75,127.49973096149544,240.68213759968472,77663600,7996000,8841800,31259900
2023-02-02,148.17523193359375,177.89999389648438,128.1731719970703,256.7922668457031,148.52890459219404,181.11000061035156,129.57538709442917,256.8796075980904,145.57169326405455,177.74000549316406,127.30601284576082,249.65914256333582,146.28888780712407,181.0800018310547,129.15102752468488,251.18282257259764,118339000,8842400,11822100,39940400
2023-02-03,151.79063415527344,173.4600067138672,130.1565704345703,250.72669982910156,154.6201342687517,175.42999267578125,131.3004847197741,256.40408589321055,145.23760339877686,173.1199951171875,127.42595631373672,249.51358441442338,145.43409313083382,174.9199981689453,127.47207042434188,251.88158807324123,154357300,13674400,11501200,29077300
2023-02-06,149.06922912597656,173.82000732421875,130.9221954345703,249.19334411621094,150.41521473457135,174.4600067138672,131.2174044395196,250.67819643003182,148.13589150827315,173.27999877929688,129.17865771856634,247.26207355313863,149.8945101165513,174.11000061035156,129.36315630848958,249.84358711112344,69858300,8957000,8406200,22518000
2023-02-07,151.93800354003906,173.97999572753906,132.5181427001953,259.66497802734375,152.50783427872634,175.27000427246094,133.15467486781688,260.83926569165476,147.99832954313612,173.47000122070312,130.23954897835594,252.40568326679633,147.99832954313612,173.72000122070312,130.42406166418485,252.84241675056464,83322600,6794200,10447900,50841400
2023-02-08,149.25588989257812,174.41000366210938,131.58642578125,258.85943603515625,151.8692470443083,174.99000549316406,132.8779302241988,268.59347315321855,148.51904208604415,173.8300018310547,131.25432262787135,258.35476105655573,151.18152542311802,174.94000244140625,131.5956457857201,265.13852274513965,64120100,4075600,6958000,54686000
2023-02-09,148.2242889404297,173.02999877929688,129.5384521484375,255.84120178222656,151.62361983119905,175.52000427246094,132.232171333837,265.8955184484022,147.78218328763404,172.8699951171875,129.03107040131695,255.0453909060254,151.08326181502397,175.49000549316406,132.02921863498875,265.72080730740066,56007100,5361300,6443100,42375100
2023-02-10,148.58836364746094,173.36000061035156,130.1104278564453,255.33651733398438,148.9130734935689,173.67999267578125,130.33183468351544,256.29729518565995,146.8270751036462,172.6300048828125,127.85028770927389,252.96851387057905,147.0632318137508,173.6300048828125,128.94807368610296,253.81283739078765,57450700,2971100,6582900,25818500
2023-02-13,151.38284301757812,172.47999572753906,131.52186584472656,263.31396484375,151.78625678187208,172.89999389648438,131.6694563072167,266.4971782446964,148.49982115470684,172.07000732421875,129.83367588221756,259.26699912258107,148.52933886882354,172.6999969482422,130.3502776917921,259.74256046553177,62199000,3970800,7134600,44630900
2023-02-14,150.7432403564453,172.61000061035156,132.10302734375,264.13897705078125,151.3041068890254,173.50999450683594,132.66575729505092,266.85634441272913,148.4407688328002,171.41000366210938,130.62702427939897,261.33423929408957,149.68055772689488,171.97000122070312,131.45727512332502,264.6242233380636,61707600,5403100,9249400,37047900
2023-02-15,152.83909606933594,170.88999938964844,132.6565704345703,262.0276794433594,153.00636811059493,170.99000549316406,132.73959272443733,263.39950469785816,150.42838780610393,170.16000366210938,130.35030187373405,258.9726863891012,150.6546952720313,170.60000610351562,130.63627692306238,261.0547562578646,65573800,5423800,6728300,28922400
2023-02-16,151.24510192871094,170.75,130.82997131347656,255.0518341064453,153.82308261470098,171.60000610351562,132.27830022529912,259.5175484370859,150.890874314185,169.9600067138672,130.70080679865134,254.80860328435423,151.04829713189807,170.33999633789062,131.83550073283425,256.87119590508456,68167900,4540400,8165300,29603600
2023-02-17,150.1036834716797,171.25999450683594,131.21743774414062,251.072509765625,150.54646418705764,171.47000122070312,131.76171364927728,253.04754228969335,148.43094798353164,169.52000427246094,129.21559867888436,249.06829073888585,149.90689371085574,169.8699951171875,130.05506958755439,252.3665139969566,59144100,4809800,7948800,30000100
2023-02-21,146.0989532470703,170.6199951171875,128.80967712402344,245.82850646972656,148.87373860585663,171.5,130.3871564587718,248.57215705654002,146.0300835825423,170.33999633789062,127.99786633222567,244.7777476181148,147.79137232815333,171.1999969482422,129.7875324452297,247.58949511011687,58867200,4035900,9996300,28397400
2023-02-22,146.5220489501953,169.66000366210938,127.82259368896484,244.6998748779297,147.54536466728035,170.9600067138672,128.62517043791877,247.45324893497764,144.80011234851025,169.55999755859375,126.78939014306161,243.5615566726842,146.4826819914061,170.80999755859375,128.15469683962553,247.2100181685843,51011300,4105700,11107500,22491100
2023-02-23,147.00418090820312,169.57000732421875,128.84657287597656,247.8716278076172,147.92910925221886,170.1300048828125,129.30782645428664,249.88557094928385,144.8788305804024,169.0800018310547,127.25063943639948,243.69777930306105,147.6831183102613,169.83999633789062,127.97941389653887,248.64023054148305,48394200,5073500,8068000,29219100
2023-02-24,144.35733032226562,168.35000610351562,130.0089569091797,242.47190856933594,144.82962872471046,168.83999633789062,130.40564239801506,244.2037105882477,143.38320079150859,168.19000244140625,128.1639421690133,241.38223939221282,144.75090982195374,168.4199981689453,128.33000081532785,243.19187704458037,55469600,6496500,9126900,24990900
2023-02-27,145.54791259765625,169.00999450683594,131.1436309814453,243.38645935058594,146.77786725557394,169.22999572753906,132.2045086636795,245.97443849874284,145.0854484451516,168.5500030517578,130.73772554869174,242.63730436651332,145.34128862301924,168.8800048828125,131.09750280475183,245.62418557007777,44998500,4509200,10014700,21190000
2023-02-28,145.04611206054688,169.77999877929688,132.24142456054688,242.6664581298828,146.68932985809187,170.25,132.6196418483036,244.6804159093662,144.47541123636594,168.58999633789062,130.90377774001217,241.995138870055,144.69188448050687,168.77999877929688,131.8631931964461,242.3259439798901,50547000,6761600,11019800,22491000
2023-03-01,142.97976684570312,170.75999450683594,131.50338745117188,239.601806640625,144.8689754008769,171.49000549316406,132.3428722747317,244.13561758385552,142.68457472462396,170.47000122070312,130.81150713916256,239.13479280403806,144.47539591550134,170.9499969482422,131.08826207923448,243.97022241717565,55479000,6590500,7139200,27565300
2023-03-02,143.57015991210938,170.66000366210938,130.13807678222656,244.31069946289062,144.3573339453376,170.97999572753906,131.39267286158722,244.59284060582576,141.59238308918532,170.36000061035156,128.72662804026476,238.95962286785314,142.0646965175798,170.52000427246094,131.21740834556397,239.87417287939624,52238100,3950700,11106800,24808200
2023-03-03,148.6080322265625,172.49000549316406,132.52737426757812,248.37754821777344,148.68675112203792,172.60000610351562,132.6011765252421,248.69861464364337,144.96736964186593,170.97999572753906,130.1473042441955,244.58315381318207,145.66597544130724,171.4499969482422,130.54397554325527,245.3614953141732,70732300,6894500,9513100,30760100
2023-03-06,151.36314392089844,171.6199951171875,131.75250244140625,249.91477966308594,153.79353555974586,172.3699951171875,132.87794842363948,253.07678008876618,150.99908214162087,171.5399932861328,131.60489789161204,249.0488786018787,151.32377696340643,172.32000732421875,132.3244524764281,249.48669107630843,87558000,4264100,9261300,24109800
2023-03-07,149.16888427734375,168.6199951171875,127.8779296875,247.2684326171875,151.55990856266533,170.47000122070312,131.28198313844652,250.7125891600785,148.70642019503097,168.52000427246094,127.13070118877344,246.52901630785823,151.23519878056746,170.4199981689453,131.00522819320005,249.3602116204825,56182000,8713300,11747600,21473200
2023-03-08,150.41854858398438,168.5399932861328,127.12147521972656,246.83058166503906,151.00893289820618,169.58999633789062,127.85024960087925,247.6478334867659,149.39523278864294,168.52000427246094,126.28199041986595,244.01883456634258,150.35951315538156,168.61000061035156,127.30597381578568,247.16137194826737,47204800,5718600,10002500,17340200
2023-03-09,148.1751251220703,170.1999969482422,120.23957824707031,245.48797607421875,152.06177965604292,170.64999389648438,126.70636236099287,252.53193017156482,147.82089750549494,169.7100067138672,119.2063747461258,244.76800759955387,151.09749920529256,169.75,126.16207244585634,248.8932070956166,53833600,5583000,25888100,26653400
2023-03-10,146.11865234375,173.8699951171875,123.29308319091797,241.85894775390625,148.51952687879202,173.8800048828125,124.77832036454066,245.94522176909533,145.2429249942403,171.9199981689453,117.91487149668787,240.89576339451983,147.80123737088158,171.92999267578125,118.96653619295384,244.28153159617614,68572400,13803400,37599700,28333900
2023-03-13,148.05702209472656,177.86000061035156,121.07907104492188,247.0446319580078,150.68420342446277,178.02000427246094,123.50526950628984,250.92660047438005,145.33143838738883,176.3000030517578,119.38166116059536,239.07638938766013,145.43967499711258,176.66000366210938,121.04217695019429,240.70116918441778,84457100,20554400,42901100,33339700
2023-03-14,150.14305114746094,176.8300018310547,124.18791961669922,253.72862243652344,150.94005952145656,177.58999633789062,125.02740457985469,254.0010397156642,147.69299059245188,176.2100067138672,121.11596883139065,248.93210385508328,148.85406081281639,177.35000610351562,124.79677777083461,249.79800481641536,73695900,10019000,29648100,33620300
2023-03-15,150.53663635253906,178.2100067138672,118.32077026367188,258.2527160644531,150.79246155107444,180.1300048828125,120.83922509421075,259.26456442561187,147.51586009545082,177.49000549316406,116.90934238977314,252.19139432118732,148.76549840164833,178.86000061035156,120.82999101320628,252.9405641280701,77167900,14546100,34280600,46028000
2023-03-16,153.3507843017578,178.57000732421875,120.6178207397461,268.72137451171875,153.9510028988609,179.64999389648438,121.72482660430684,269.0716125790634,149.20828955550553,177.8699951171875,116.25435842995631,256.15119488258745,149.71995500240442,179.50999450683594,118.09014585331869,258.0289293565625,76161100,10762200,24558500,54768800
2023-03-17,152.514404296875,183.77000427246094,116.06063079833984,271.8639221191406,154.2265068856699,184.80999755859375,118.52372338026191,275.65831665347815,151.80594908869074,180.77000427246094,115.72852763693783,268.8381452248547,153.5770871091514,181.02000427246094,118.43148110430431,270.7256186044692,98944600,24156300,38396000,69527400
2023-03-20,154.8759002685547,183.83999633789062,117.28756713867188,264.8589172363281,155.28917828804447,184.5399932861328,119.43701064586844,269.96676449553627,151.67801783277878,182.74000549316406,116.24513651602736,262.5433550615518,152.58327776546486,184.19000244140625,117.14918964833143,269.48030285180215,73641400,11845700,22875500,43466600
2023-03-21,156.72576904296875,180.3699951171875,120.43333435058594,266.36688232421875,156.84383990664745,182.72999572753906,121.5218862397595,267.5538496813645,154.02970254755692,179.89999389648438,120.10123114982464,262.2222204606799,154.79720820376127,182.64999389648438,120.47022845007287,267.43710366119547,73938300,10734500,17807800,34558700
2023-03-22,155.29901123046875,183.44000244140625,117.32445526123047,264.917236328125,159.53989288471735,183.94000244140625,120.5347831207978,273.43031336043435,155.27932775015748,180.27999877929688,117.2322059572907,264.81019934883693,156.7454392443716,180.39999389648438,120.4425267786873,265.9971667055635,75701800,11969600,17250200,34873300
2023-03-23,156.38134765625,185.74000549316406,117.01080322265625,270.141845703125,158.95934282613845,186.24000549316406,119.49234970190213,273.44977847868375,155.15139299961646,183.60000610351562,116.254347643155,267.7484630649204,156.28296029217628,183.91000366210938,117.98866558506346,270.41426299778846,67622100,11347100,16677600,36610900
2023-03-24,157.68020629882812,183.64999389648438,115.23037719726562,272.9730529785156,157.76875944157217,185.99000549316406,115.94070464118424,273.03142599171395,155.31869907440637,183.6199951171875,113.56986142967864,267.8262812456373,156.31249715364865,185.61000061035156,115.89457646612907,269.7332022897182,59196500,9245900,22311100,28172000
2023-03-27,155.74179077148438,181.9499969482422,118.532958984375,268.8965148925781,158.19186606543823,182.14999389648438,119.35398985556544,273.83895161321755,155.33836200567538,180.69000244140625,116.5034388565988,268.05978551317787,157.37517430078694,181.14999389648438,116.96469247134272,272.90495366822654,52390300,6925000,18853900,26840200
2023-03-28,155.12188720703125,183.44000244140625,118.89274597167969,267.77764892578125,155.94842821050446,183.6199951171875,119.31709144922273,268.6630125541161,153.47866946121147,182.1199951171875,117.84108116887145,264.68373074732534,155.43676283008696,182.30999755859375,118.73592141899253,268.32248351379377,45992200,6202600,10820500,21878600
2023-03-29,158.19186401367188,182.52999877929688,119.13258361816406,272.9146728515625,158.46737267599337,183.27000427246094,120.12889311989855,273.527619165426,156.7946372221569,182.24000549316406,117.86874617402837,270.8715283691032,156.8143056879684,182.49000549316406,120.0181967562647,271.4066242065595,51305700,4996500,14595300,25087000
2023-03-30,159.75634765625,184.17999267578125,118.7728042602539,276.3587951660156,159.86458426430409,184.44000244140625,120.03663464387499,276.7576972006701,158.68383082177425,182.5500030517578,117.7580477285773,273.8584053599599,158.93965597985908,182.75,119.87981010605174,276.53394388967973,49501700,6360300,12134700,25053400
2023-03-31,162.25564575195312,183.22000122070312,120.2119140625,280.49371337890625,162.35404815041076,184.4199981689453,120.23958815310226,281.43744995850153,159.31360321570477,182.8000030517578,118.86506139871327,275.33723290766795,159.83510289651463,184.11000061035156,119.61228999766035,276.0474774481902,68749800,8003300,13105200,32766000
2023-04-03,163.50526428222656,184.5399932861328,120.07355499267578,279.45269775390625,163.62333513475417,185.0399932861328,121.25436322479173,280.46451634607917,161.58653785817188,183.32000732421875,119.38167450934169,276.26151134425334,161.63573905142377,183.85000610351562,119.84292816489776,278.7619010121522,56976200,9206600,11775400,24883300
2023-04-04,162.97393798828125,187.97999572753906,118.46837615966797,279.4040832519531,164.16452584406122,188.22999572753906,120.47021514899892,282.5855611844231,162.4622725801105,184.66000366210938,117.53664892978881,277.93498937950386,163.92838412805693,184.72000122070312,120.38719287706124,279.4527472277195,46278300,13765400,11579900,25824300
2023-04-05,161.13388061523438,187.8300018310547,118.64501953125,276.6409912109375,162.40320212135714,188.86000061035156,119.14707668722164,279.3749031470758,159.20532028473036,186.77999877929688,117.57580902387382,275.2594568336865,162.09817579458004,188.33999633789062,117.89192670388562,278.11011480832366,51511700,11440800,9614700,22064800
2023-04-06,162.01947021484375,186.49000549316406,118.51486206054688,283.70440673828125,162.31466233453045,187.25999450683594,119.08200834987258,284.17139086476425,159.40212310856722,185.9499969482422,117.94771577122117,274.39352473015583,159.8252203026454,186.88999938964844,118.0778797956493,275.5415669627722,45390100,6648400,8760200,29770300
2023-04-10,159.431640625,185.11000061035156,118.90533447265625,281.55426025390625,159.431640625,185.36000061035156,119.22144502445312,281.75856581319096,157.5129143705151,184.19000244140625,117.35265879985272,277.00095709388467,158.8314221542027,185.17999267578125,117.65017753412289,281.3791115118309,47716900,6408100,9477300,23103000
2023-04-11,158.22140502929688,186.27999877929688,119.49109649658203,275.171875,159.75638637804428,186.50999450683594,119.88158856058351,278.2366070491665,157.93604707794614,185.63999938964844,118.5799412538381,274.01412362630157,159.74655214369014,185.91000366210938,119.28655100779827,278.0128240085293,47644200,6031500,10516300,27276600
2023-04-12,157.53262329101562,187.19000244140625,119.47249603271484,275.81396484375,159.46118408911326,187.66000366210938,121.26690103116188,279.2386732168352,157.2177476424543,185.97000122070312,119.06340506045575,274.32539366289427,158.6346580327857,187.5399932861328,120.10471721761407,277.07878271017614,50133100,10000900,11821000,27403400
2023-04-13,162.905029296875,189.72000122070312,119.9280776977539,281.99200439453125,163.14118599216286,190.41000366210938,119.9745537010394,282.0503774003979,158.8314201412513,188.99000549316406,117.919820654687,275.50262448189994,159.03805912639,189.75999450683594,119.43531289368853,275.9112355229667,68445600,14060100,12450200,24222700
2023-04-14,162.5606689453125,186.36000061035156,128.98382568359375,278.3922424316406,163.65286938363687,188.49000549316406,129.34642652580754,280.66887902365164,161.19295983913122,185.1699981689453,125.42289218861391,276.00856885442937,161.9506011686896,188.0800018310547,125.65532898969498,279.22894208294247,49386500,13272500,43931300,20987900
2023-04-17,162.580322265625,185.52999877929688,130.00656127929688,280.98016357421875,162.73776006518966,185.92999267578125,130.22039917713522,283.7043659155023,161.39956879707992,184.10000610351562,127.98901142423925,278.41166217437114,162.44256794452966,185.88999938964844,130.11812641089648,282.0795713658837,41516200,7468100,16050500,23836200
2023-04-18,163.80043029785156,186.25,131.46621704101562,280.5618591308594,164.72535853269454,186.99000549316406,131.8195254325071,283.86008303886325,162.99357289670127,185.0399932861328,129.26272124249093,279.2386978273748,163.4363685512365,185.24000549316406,130.41561260269637,283.67522525510293,49923000,8056900,13760100,20161800
2023-04-19,164.94186401367188,185.36000061035156,131.29888916015625,280.63970947265625,165.46336364998885,185.5800018310547,131.55921721829318,281.2234396408052,162.8853681685066,184.27999877929688,130.53648971360158,276.8355761901663,163.1412083770297,184.35000610351562,131.30818152408432,278.2462970182061,47720200,7373500,9158100,17150300
2023-04-20,163.97755432128906,186.08999633789062,130.9176788330078,278.3630065917969,165.17799130758831,187.02999877929688,131.49411745979074,281.2039550334732,162.9050374280842,185.77999877929688,130.01582306650377,277.3608970127179,163.4265370188754,186.13999938964844,130.0809121691736,277.52630699953454,52456400,5789900,10586200,23244400
2023-04-21,162.37371826171875,184.25,130.66665649414062,278.0224609375,163.78077935638615,185.67999267578125,131.19661917231718,278.51863143275347,161.85221862385353,183.22000122070312,129.03030663899233,275.3955571976247,162.4032359760057,184.97999572753906,129.92287013341033,277.2927687532292,58337300,10698700,11842500,21676400
2023-04-24,162.67874145507812,184.80999755859375,130.84332275390625,274.14056396484375,162.9444158925364,185.02999877929688,131.18733887353952,277.234482358,161.26183114076272,183.4600067138672,130.20179489998168,271.173160031667,162.35403159020615,184.07000732421875,130.5923012181402,274.45190651995864,41949600,8303400,7567500,26611000
2023-04-25,161.14376831054688,185.75,127.99828338623047,267.9624938964844,163.6430299514636,186.22000122070312,130.1274122203145,273.9751515427264,161.10440134757968,184.3000030517578,127.96109974389691,267.91382992661585,162.54099521393778,184.83999633789062,129.79270269205225,271.941745821894,48714100,8451900,10629300,45772200
2023-04-26,161.13388061523438,184.74000549316406,125.72969818115234,287.372314453125,162.6295095550799,186.64999389648438,128.128447436302,291.45860367890464,160.18928392676938,184.3000030517578,124.58611320390236,284.80381270160626,160.4451090686258,186.6300048828125,127.95179321485382,288.66631890750085,45498800,8203600,14416100,64599200
2023-04-27,165.70933532714844,184.75,127.42182922363281,296.576171875,165.85692388096987,184.99000549316406,128.22141221133293,296.9361784067996,162.54097091629146,183.3800048828125,126.12948146073748,287.2555804982626,162.54097091629146,183.89999389648438,126.44559203599226,287.95608640380885,64902300,9107400,9041100,46462600
2023-04-28,166.958984375,184.8000030517578,128.5282745361328,298.9403381347656,167.12627144742981,185.3800048828125,128.60265602410013,300.5651029592613,165.18786139778672,184.1699981689453,126.13881711569461,295.097280309873,165.7880799666726,184.7899932861328,126.96629166245583,295.7783383038111,55275900,6700400,9887300,36469600
2023-05-01,166.8704071044922,183.97000122070312,131.2802734375,297.286376953125,167.71661652166532,186.22000122070312,133.29782272315924,300.2440714597597,165.93564455408003,183.91000366210938,130.93627158760816,296.887474923344,166.56538074727197,186.0500030517578,132.26580298667045,298.65820207273595,52472900,7997700,20415800,21294100
2023-05-02,165.83729553222656,187.52000427246094,129.1604461669922,297.14044189453125,167.61828308693612,187.63999938964844,132.4052681693228,300.8083512230657,164.85333147539478,184.52000427246094,128.7048650486828,295.6810572722288,167.36244282313584,184.64999389648438,131.4662146588088,299.42681707438953,48425700,14680600,14113400,26404400
2023-05-03,164.76475524902344,189.11000061035156,126.42701721191406,296.15777587890625,168.17911124939818,189.2100067138672,128.92803938903776,300.25377368049993,164.47941231869004,186.92999267578125,126.22247169793857,295.85617210321027,166.78188428598025,187.61000061035156,128.71420151054193,298.31766627691815,65136000,11133800,12930900,22360800
2023-05-04,163.13134765625,190.44000244140625,124.69770812988281,297.14044189453125,164.36130237503923,191.36000061035156,126.18530954179678,299.42681707438953,161.67508547315035,188.80999755859375,122.54999405421066,295.1848569994441,162.24578626436005,188.86000061035156,125.47870667388781,297.9479549880525,81235400,14146800,17089200,22519900
2023-05-05,170.78660583496094,187.4600067138672,127.13359832763672,302.2385559082031,171.504895212846,187.5800018310547,128.19350924379185,303.5228215296377,168.02165491497223,185.77000427246094,126.36190668538514,296.03130176252597,168.23812815446027,186.55999755859375,126.85467141563547,297.4420521379096,113453200,12508100,11261400,28197100
2023-05-08,170.71771240234375,187.69000244140625,127.4404525756836,300.2928161621094,171.06210572406735,188.6699981689453,128.27721936166637,301.80086532064286,169.35000337616833,187.49000549316406,126.89189095834956,297.8021345115662,169.7140651629481,187.82000732421875,127.8309446882633,301.732753553407,55962800,6075400,7484900,21318600
2023-05-09,169.0154571533203,189.02000427246094,126.82677459716797,298.68743896484375,170.75706217667226,189.3300018310547,127.32883166736636,301.6451339704267,168.84818511789587,188.07000732421875,125.71108118476265,298.0161195443124,170.27492954930042,188.1199951171875,126.38048588275667,299.6603622188009,45326900,7098800,7343600,21340800
2023-05-10,170.77674865722656,188.75,126.89188385009766,303.8536376953125,171.23921282792068,189.63999938964844,128.36088601235872,304.52495706862396,169.14336520388548,187.82000732421875,125.39499040898734,299.33928955394174,170.24541483030967,188.97999572753906,128.25861326097296,300.2635487654328,53724500,9392100,8133400,30078000
2023-05-11,170.96371459960938,187.1300048828125,126.4920883178711,301.71319580078125,171.79024060925457,188.80999755859375,127.19869096486417,302.695857722587,169.40904995436452,186.86000061035156,125.42287070396287,297.9674652772338,171.06211698775132,188.44000244140625,125.51585108319455,301.7034867589505,49514700,8245500,7057300,31680200
2023-05-12,170.03749084472656,186.80999755859375,124.6791000366211,300.60400390625,171.50561502670146,187.9199981689453,127.36606876598572,302.23850733013506,168.4905238476374,186.5800018310547,123.7772441549865,298.2981812741171,171.0720697527437,187.42999267578125,127.2080134509426,302.1412090972546,45533100,7087500,9988600,19774700
2023-05-15,169.5448455810547,187.2100067138672,125.72969818115234,301.0807800292969,170.66811525184778,187.8800048828125,126.13878918096603,301.50886857686805,168.95364468701064,187.02999877929688,124.54892956156252,299.26141854774806,170.6188460048669,187.3000030517578,124.83714889684532,300.73054195833356,37266700,5518100,7639500,16336500
2023-05-16,169.5448455810547,184.8699951171875,124.88362884521484,303.299072265625,170.5991352991019,186.82000732421875,126.3898145056844,305.21573217875385,169.27880367524853,184.4600067138672,124.5489193443534,301.4407853698495,169.46601779285794,186.5800018310547,125.94353990014044,301.4407853698495,42110300,9519500,6477200,26730300
2023-05-17,170.15576171875,184.22999572753906,128.72348022460938,306.1656188964844,170.3922300756776,184.4499969482422,128.85364424817092,306.58488314394145,167.91906995533154,183.47999572753906,125.94354553851306,302.98694721654437,169.19014751327734,184.30999755859375,126.35262233626756,304.4982921698866,57951600,7474300,12711500,24315000
2023-05-18,172.48110961914062,181.83999633789062,129.69973754882812,310.5729064941406,172.6683237371227,182.27999877929688,129.91357543771105,311.07995152372933,170.04735615510018,181.33999633789062,128.08197227429838,305.8926785291236,170.46119076780954,182.10000610351562,128.55615243737296,306.6824666262682,65496700,8812600,10999600,27276000
2023-05-19,172.5894775390625,183.63999938964844,129.40219116210938,310.3974609375,173.80142270664055,184.33999633789062,130.6201717479733,310.79723506942764,172.37270490292832,181.80999755859375,128.42596808225812,308.47661095325554,173.80142270664055,182.25,129.9693374456531,308.8373747474863,55809500,8435000,13492200,27546700
2023-05-22,171.6436004638672,183.2100067138672,128.3330078125,313.16656494140625,172.14612580242743,183.83999633789062,131.6893958486409,314.5413890695808,170.9046067635048,182.91000366210938,127.98900588042339,310.0756729757329,171.42682777563832,183.22000122070312,131.09435819452145,310.65094892902596,43570900,4834300,11402500,24115700
2023-05-23,169.04234313964844,183.42999267578125,126.99413299560547,307.394287109375,170.83564173486545,183.75999450683594,129.26271783242626,314.66815212283035,168.7664533611328,182.47999572753906,126.87327553866224,307.3845270869392,170.58931050155752,182.77999877929688,127.87738976422008,312.04526511786804,50747300,6345000,9514900,30797200
2023-05-24,169.3181915283203,181.9499969482422,125.83197021484375,306.0194091796875,169.88968165407772,183.5399932861328,126.77102387365669,308.60328539686515,168.0175707525213,181.77000427246094,125.59024107397305,304.8103271006574,168.57919800904358,183.5399932861328,125.88775277144353,306.8774578305602,45143500,6732900,8578000,23384900
2023-05-25,170.45135498046875,180.1999969482422,126.13878631591797,317.7882995605469,171.34798918728478,181.30999755859375,126.69664024605038,318.7438294879401,169.17042964019168,180.10000610351562,125.12536539009835,312.0159906409768,169.87986475065702,181.17999267578125,125.34850979951426,315.1751430242443,56058300,6919200,8472500,43301700
2023-05-26,172.85552978515625,180.9199981689453,127.31957244873047,324.5843811035156,173.19055165787438,181.3000030517578,127.93320895067457,325.0816363269195,170.56958397024448,180.08999633789062,126.10160599557224,315.7991718307155,170.77650880236848,181.00999450683594,126.54788063934289,315.9356633458704,54835000,5823700,8579900,36630600
2023-05-30,174.69810485839844,182.0399932861328,127.80303192138672,322.9462585449219,176.36330631715728,182.39999389648438,128.04476103992013,327.36323325803346,173.9788219031772,181.1699981689453,126.46419393944916,322.27347175530826,174.36309800636275,181.72000122070312,127.18939548186306,326.86597805939425,55964400,4906100,7399900,29503100
2023-05-31,174.64883422851562,182.32000732421875,126.17599487304688,320.1966857910156,176.71802248155805,183.4499969482422,127.22659952969529,327.5583014347169,174.16601962684186,182.10000610351562,124.95801416158596,319.16310540886235,174.72766202276017,182.38999938964844,127.12432677336852,323.9993748636306,99625300,8497900,14219900,45950600
2023-06-01,177.4471435546875,183.75999450683594,127.91460418701172,324.2821350097656,177.47670209655325,184.2100067138672,128.51893411059226,325.2084444667975,174.33351350934285,182.72000122070312,125.93423837893494,316.6182558412687,175.09221783191245,182.80999755859375,126.92907455812555,317.7980580790412,68901800,7300500,12248100,26773900
2023-06-02,178.29454040527344,181.0500030517578,130.6015625,327.03173828125,179.11236188910445,183.55999755859375,131.54060186472486,329.07934907114736,176.62933889294345,180.9600067138672,129.55094384800705,324.2528400489723,178.37336820267623,183.52999877929688,129.7554893233829,325.9104368208326,61996900,8726100,12922500,25873800
2023-06-05,176.9446258544922,182.13999938964844,129.31851196289062,327.55828857421875,182.23581511366768,182.44000244140625,130.26685791287542,330.1129147289543,175.42721727327233,180.60000610351562,128.42596275204582,326.31022580563945,179.9498694414483,180.7899932861328,130.26685791287542,326.8562514071327,121946500,5748800,8511900,21307100
2023-06-06,176.58006286621094,182.33999633789062,129.5509796142578,325.3546447753906,177.4766970018392,182.64999389648438,130.25759661038836,327.0024814933911,174.82617090162998,181.52000427246094,128.5003748590288,323.8823396547661,177.328904296753,182.36000061035156,128.93734301871834,326.9634711655118,64848400,4967200,9329500,20396200
2023-06-07,175.21047973632812,180.14999389648438,130.80613708496094,315.3116760253906,178.55073052308683,183.0,131.34539216852002,326.1444673202271,174.71781728969785,180.14999389648438,129.07680670900132,314.45362725824225,175.82137635899298,181.94000244140625,129.74622583432867,323.37532887108034,61944600,9066500,9281400,40717100
2023-06-08,177.9201202392578,182.52999877929688,130.84332275390625,317.1448059082031,178.18614713091944,183.0399932861328,130.99208571446027,318.4903798108397,174.85575927069235,181.9600067138672,129.68113872485935,315.28245664141156,175.2892895872439,182.0,130.78754019040267,315.85773263123184,50214900,6394100,7368100,23277700
2023-06-09,178.30438232421875,182.0399932861328,131.10366821289062,318.63665771484375,179.55573399442156,182.7899932861328,131.83817656118904,321.7568004475304,177.9792233362159,181.72000122070312,130.35988168520126,316.3160335177299,178.83645110058313,182.36000061035156,130.49004574622876,316.881549531298,48900000,4379200,7249100,22529000
2023-06-12,181.0928192138672,181.8800048828125,131.09432983398438,323.5703430175781,181.1913576973854,181.94000244140625,131.39185569008666,323.81410551348466,178.31421139002148,181.0399932861328,129.94143842180847,317.0472562466259,178.60981180571443,181.8000030517578,131.15941893506186,320.3819105271756,54274900,4873600,7596600,24260300
2023-06-13,180.61988830566406,180.5399932861328,132.04270935058594,325.9494934082031,181.4475575367352,182.42999267578125,132.8329860065813,328.5723804542734,179.76266053311636,180.1699981689453,130.2947799684501,322.1468041193806,180.11737806569877,182.10000610351562,130.61089063084825,326.12499527780267,54929100,5126700,7701600,22951300
2023-06-14,181.25051879882812,180.63999938964844,131.54991149902344,328.92333984375,181.68406417583662,181.9600067138672,133.5209706496138,330.5809366273575,179.3488488908818,180.13999938964844,130.81540340563754,324.5063648507166,180.67902853230473,181.69000244140625,132.95382439764776,325.99819005349843,57462900,6807000,9068700,26003800
2023-06-15,183.2802734375,181.91000366210938,133.03753662109375,339.4150085449219,183.78279874291368,182.0500030517578,133.32575601175247,341.11158651077477,181.08300318978328,180.17999267578125,130.1925121771727,328.7869664402209,181.26036948430115,180.27999877929688,130.71316839085526,329.05997932847504,65433200,6739000,9343100,38899100
2023-06-16,182.20628356933594,181.6300048828125,133.19557189941406,333.7887878417969,184.245913383536,182.6199951171875,133.85569861958822,342.7007573741948,181.56582838117956,181.41000366210938,132.48896917108857,333.4182939097505,183.98971928038128,181.92999267578125,133.0003329420945,342.5545058541556,101256200,8779100,13813500,46552000
2023-06-20,182.29493713378906,179.75,132.51686096191406,329.61566162109375,183.36895259993452,180.08999633789062,132.95384326002164,333.54511218147553,181.7037512704965,179.22000122070312,131.13153259272033,327.48029960440283,181.7037512704965,180.05999755859375,132.5912424367851,330.84423422142726,49799100,7584200,8428600,26375400
2023-06-21,181.26036071777344,179.49000549316406,132.3216094970703,325.2376708984375,182.68907870149724,179.9499969482422,133.90217667494477,329.30364243212927,179.91045548906328,178.19000244140625,131.7358643045841,323.78485594149885,182.1865534203878,179.14999389648438,132.8608503119899,327.9775589781728,49515700,6702300,9926500,25117800
2023-06-22,184.2557373046875,177.7100067138672,129.7741241455078,331.2342224121094,184.3050065515812,178.99000549316406,132.5819648406862,331.63399647710884,180.97460392176268,177.6300048828125,129.1883788324124,325.0231587622799,181.0435838743865,178.36000061035156,132.31233019089228,325.7836965611128,51245300,7945000,10075200,23556800
2023-06-23,183.94044494628906,178.1999969482422,129.09539794921875,326.6612854003906,184.80753566864925,179.9499969482422,129.40220202550213,329.5279351767741,182.29495416898448,178.08999633789062,127.95179873580885,325.13047930366815,182.82703803401998,179.60000610351562,128.80716441468397,326.0177487407771,53117000,5419800,9919500,23146900
2023-06-26,182.55111694335938,178.50999450683594,129.41148376464844,320.4014587402344,185.2903184900679,179.0800018310547,130.1738689072679,327.72406452687306,182.51169553463515,178.4199981689453,128.0168633016688,320.29418775939905,184.08822111663613,179.0500030517578,129.11395792287587,325.39371033432894,48088700,3222100,8429700,21520600
2023-06-27,185.30018615722656,177.69000244140625,129.4207763671875,326.22247314453125,185.6253451571229,179.2899932861328,130.01581386502326,327.76303899280276,182.94526040179295,177.42999267578125,128.8071399575032,321.0839407974331,183.1620330683905,179.07000732421875,129.23482980914127,323.58006632131827,50730800,5036900,8154000,24354100
2023-06-28,186.47271728515625,177.27999877929688,128.85365295410156,327.4705505371094,187.11317238738192,177.69000244140625,129.43010582894865,329.5474118113246,184.84693738882143,176.6999969482422,128.26792190190724,325.48144019271336,185.17208134019785,177.22999572753906,129.3836156345039,326.3102386492254,51216800,5866700,7558600,20259500
2023-06-29,186.8077392578125,177.08999633789062,133.35360717773438,326.6904602050781,187.2807060224463,177.6300048828125,133.47447882912567,327.72401072843235,186.16728410364277,175.7899932861328,130.02512535776643,324.32109606698276,186.30522898461155,175.8300018310547,130.2296708354378,326.358946806659,46347300,6862500,15423200,16997000
2023-06-30,191.12344360351562,178.27000427246094,135.22239685058594,332.0435791015625,191.62595381515632,178.52999877929688,135.74305286566013,334.17894126353815,188.45320690668942,177.32000732421875,133.5674484368948,328.7869152430103,188.81778728912292,177.69000244140625,134.44141282797466,329.3231809112348,85213200,6420900,14212800,26832800
2023-07-03,189.6356201171875,178.47000122070312,136.31021118164062,329.55712890625,191.0347795474039,179.33999633789062,137.11908654933129,332.3945278816647,188.9458807202263,178.4600067138672,135.7430649319183,328.17257461621756,190.93624105216273,178.61000061035156,135.91971913562398,330.7272007694062,31458200,4085700,8021600,12508700
2023-07-05,188.5221710205078,177.83999633789062,135.40216064453125,329.7131042480469,190.14795071297073,179.4199981689453,136.14169879641477,333.12577875846375,187.82258388907837,177.8300018310547,135.14004477164264,326.3784503898892,188.75865435398987,179.41000366210938,135.68300316098157,326.7294540565752,46920300,5650600,8934900,18172400
2023-07-06,188.99514770507812,177.30999755859375,134.06350708007812,332.7553405761719,189.20207252866174,177.8000030517578,134.2320040302401,334.432427956872,186.42344937265386,176.66000366210938,132.40654898226205,327.1293121494876,187.05405664400223,177.50999450683594,133.8856396654107,328.88439044633213,45094300,5133000,9709500,28161200
2023-07-07,187.88172912597656,178.63999938964844,135.121337890625,328.8064270019531,189.84253092683244,179.64999389648438,136.52553639400776,333.26241352176123,187.4481988352347,178.35000610351562,133.86692398915542,328.5919147694236,188.60102706839623,178.3800048828125,134.71880784275996,330.8540383567949,46815000,5201100,8981500,21214800
2023-07-10,185.8421173095703,178.77999877929688,135.87957763671875,323.55084228515625,187.20187038994513,178.9199981689453,136.6659395090326,326.8660362322845,184.29515010539157,178.25999450683594,135.2710974449543,319.41663962980306,186.48257243692333,178.3699951171875,135.2710974449543,326.25174994494995,59922200,3320500,9100100,32791400
2023-07-11,185.31988525390625,179.4499969482422,138.00462341308594,324.17486572265625,186.5219826806886,179.7100067138672,138.37908490759793,324.55511973893175,183.86160879849567,179.1300048828125,136.40384516231424,318.84134117994995,186.384037813756,179.42999267578125,136.99359880427176,322.800041689948,46638100,2818800,11260900,26698200
2023-07-12,186.985107421875,181.8800048828125,138.68798828125,328.7868957519531,188.88677723101014,181.9499969482422,140.29813690742736,333.12585071299276,185.70418206587038,181.10000610351562,137.61144189846328,327.2950703339859,186.8964167558296,181.17999267578125,138.03269855763006,328.201859758283,60750200,7062000,11323200,29995300
2023-07-13,187.74375915527344,182.00999450683594,139.36199951171875,334.1106262207031,188.38422922243208,182.14999389648438,139.83006562336877,335.16366709536976,186.99491780606402,181.49000549316406,138.31353599258082,330.5614300476907,187.70435278315148,181.9600067138672,139.20285874786703,331.0879653631058,41342300,4527900,11234900,20567200
2023-07-14,187.8915557861328,181.42999267578125,140.2045135498047,336.626220703125,188.37435523171476,182.1699981689453,143.1252412336155,342.66178201390807,186.84711408565676,181.11000061035156,138.93137327763844,335.71943143019837,187.43829984175193,181.58999633789062,141.870827603696,338.91759393807007,41616200,5390000,27028400,28352700
2023-07-17,191.14317321777344,181.55999755859375,143.58396911621094,337.1040954589844,191.46833222271863,181.6300048828125,143.93033347784979,338.33263840062307,188.99515722491665,180.63999938964844,140.74748954065532,333.6621696566182,189.08383285312058,180.99000549316406,140.74748954065532,337.05532509830556,50520200,4152400,17262400,20363900
2023-07-18,190.886962890625,183.63999938964844,143.84608459472656,350.5207214355469,191.4781637647375,184.22999572753906,144.5388133160355,357.62884439822335,189.5961898515042,182.32000732421875,143.05973693495963,333.63287773911316,190.51254970289233,182.7899932861328,143.58396870813758,337.20153461943244,48288200,8238000,13491700,64738600
2023-07-19,192.2368927001953,183.6699981689453,144.39837646484375,346.22076416015625,195.32094939257118,183.83999633789062,145.2970695661583,353.4166384044317,189.8228346836756,182.8699951171875,142.49802944405877,343.6466474604791,190.26624291356026,183.4499969482422,142.9941783144563,352.72436118966306,80507300,3911600,12510000,39732900
2023-07-20,190.29580688476562,182.74000549316406,146.17706298828125,338.2156066894531,193.5867885139367,183.77000427246094,146.58896351409925,349.0386682151087,189.67504737311495,182.47000122070312,144.5482018161326,336.7530316118285,192.22703531122195,183.72999572753906,144.6605331289025,344.74845393864297,59581200,4972900,9935900,33778400
2023-07-21,189.12327575683594,182.17999267578125,145.05368041992188,335.1929016113281,192.10880919119532,182.4600067138672,146.16768001485138,341.55997642385313,188.42368841793873,181.67999267578125,144.81029119211755,331.35120253084744,191.25158128475522,182.05999755859375,145.84939849751257,340.4386749626526,71951700,3845400,10636400,69405400
2023-07-24,189.92137145996094,181.39999389648438,147.90890502929688,336.4994812011719,192.04967681854123,182.5399932861328,148.64844326937535,338.2643490243122,189.42870901778204,181.33999633789062,144.84774837498787,333.76935318489967,190.57168949200457,182.22000122070312,145.07242527179113,337.2210384138867,45377800,4370000,14381400,26678100
2023-07-25,190.77857971191406,182.41000366210938,146.80429077148438,342.22308349609375,191.58655325087184,182.47000122070312,147.64680422322078,343.11038262849917,190.08885537064708,181.10000610351562,145.99921633092092,336.4605340248674,190.49284214012596,181.72000122070312,147.253630326794,338.4496147386664,37283200,4090100,9944700,41637700
2023-07-26,191.64569091796875,183.3000030517578,147.6842498779297,329.34259033203125,192.76896069007793,183.63999938964844,148.14295991985267,336.0704583718103,190.48301476563847,182.30999755859375,146.29877785425592,324.7988542780453,190.82786945588313,182.66000366210938,146.70132223476946,332.92103651777114,47471900,6158400,8728600,58383700
2023-07-27,190.3844451904297,180.4199981689453,146.05538940429688,322.46856689453125,194.3060333990039,181.63999938964844,148.63910983379822,332.81383406452954,189.72427942670237,180.32000732421875,145.61540600838302,320.84022015182325,193.1433574364322,181.63999938964844,147.69362119802997,331.9850652931189,47460200,7592800,10778400,39635300
2023-07-28,192.95619201660156,181.86000061035156,146.8885040283203,329.9276428222656,193.74445500503793,182.27000427246094,147.5344375190384,331.52673900384514,191.29099040018204,181.25,146.44852076027303,324.85740099740747,191.81321143511212,181.47999572753906,147.2348683645196,325.3449259664994,48291400,3828800,9103800,28484900
2023-07-31,193.56703186035156,182.35000610351562,147.87144470214844,327.53887939453125,193.60645326737566,183.08999633789062,149.2007506770254,329.27446757680536,192.39449307660055,182.30999755859375,147.11316564135666,325.04272348309354,193.18275583360523,182.42999267578125,147.14124846387747,328.5139296038127,38824100,5494800,8892700,25446000
2023-08-01,192.73936462402344,180.4600067138672,147.14129638671875,327.94830322265625,193.8429234737508,181.3800048828125,147.90893187694957,330.0934250583603,192.4142056697584,180.19000244140625,146.17708107481772,325.37418677597503,193.36012399442592,180.85000610351562,147.3753295067772,326.827001708787,35175100,6239700,6853900,18311900
2023-08-02,189.75384521484375,179.60000610351562,145.4749298095703,319.328857421875,192.3156805851802,180.7899932861328,145.74641613115145,325.3059183538415,189.03456234552243,179.41000366210938,144.1081848752588,318.2172862001048,192.17773571935334,180.57000732421875,145.62471438118453,325.3059183538415,50389300,6339700,8299400,27761300
2023-08-03,188.36453247070312,179.5399932861328,146.36427307128906,318.50982666015625,189.54691917513858,179.9499969482422,146.89786098978126,321.64948875271074,187.89158079590146,179.27999877929688,144.4920086983106,317.8175495134228,188.7586713954234,179.44000244140625,145.10048890583116,317.86629010944046,61235200,4636300,6084000,18253700
2023-08-04,179.31927490234375,180.19000244140625,146.05538940429688,319.6018981933594,184.6301752435833,180.77000427246094,147.72170402889702,326.7782818997198,179.25029494609427,179.85000610351562,145.75582016271824,319.0753628445266,182.79747042079737,180.25,146.41111002336194,323.5996092744747,115956800,5326200,6209400,23741500
2023-08-07,176.22535705566406,179.77999877929688,146.74810791015625,321.8737487792969,180.44254624962392,180.14999389648438,147.62807463981366,322.8487988022052,174.74736976708382,179.27000427246094,146.59833758419595,319.3483727907042,179.4572213905704,180.14999389648438,146.59833758419595,320.17717126140934,97576100,4510400,7251800,17741500
2023-08-08,177.16139221191406,178.63999938964844,145.92428588867188,317.9150695800781,177.62449604499406,179.3300018310547,146.01789053426512,320.5477167225477,174.97397007455905,178.4600067138672,142.8444030785175,314.9411787114309,177.05300588853657,178.63999938964844,144.46392200237997,318.802368731708,67823000,6162900,8623400,22327600
2023-08-09,175.57501220703125,177.7899932861328,143.9677734375,314.1903381347656,178.27479228591488,178.9199981689453,145.58729252584976,318.94855662350545,174.41232123291388,177.77999877929688,143.66821854323672,313.039756644874,178.21567520898486,178.67999267578125,145.40006893140463,318.32454016439254,60378500,4644000,6277800,22373300
2023-08-10,175.3582305908203,177.60000610351562,143.75245666503906,314.87286376953125,178.09743193733033,178.6999969482422,145.51238975141104,320.0698965106326,174.99366527850802,177.5399932861328,143.31247339344608,313.1665264082013,176.8460654118823,178.22000122070312,144.520091916497,317.88576445394,54686900,5934600,5995100,20113700
2023-08-11,175.41744995117188,177.60000610351562,144.58563232421875,313.00079345703125,176.2363757071569,178.36000061035156,144.65116844231196,314.36585743355505,174.1940069392339,177.49000549316406,142.8818789489863,311.2456856962181,174.95373578240464,177.6999969482422,143.2563261590332,312.2695059957332,52036700,5289700,5180700,24355500
2023-08-14,177.06517028808594,177.05999755859375,144.8852081298828,315.9551696777344,177.2920967961584,177.5800018310547,145.02562226899528,315.97465996300735,174.9438523177461,176.5800018310547,143.15335756484984,312.09395075011946,175.59504844195268,176.86000061035156,143.7992911732594,313.37129346143496,43675600,9554500,5044300,18836100
2023-08-15,175.0819854736328,176.58999633789062,141.1968231201172,313.82958984375,177.08489459113486,177.42999267578125,143.48098800077395,316.9790121676308,174.68732936330193,176.3300018310547,140.63513807973655,312.89355014228914,176.49291042563854,176.75,143.0878141862051,314.9411611661193,43622600,7582700,10300300,16966300
2023-08-16,174.21372985839844,175.57000732421875,140.5977325439453,313.06744384765625,176.1574269074876,176.9499969482422,141.3185585176941,316.9954627703804,174.14465676238186,175.55999755859375,140.12029586070057,312.4811692512175,174.766254405872,176.6199951171875,140.98155027009378,313.4582836388938,46964900,6559400,6978200,20698900
2023-08-17,171.67803955078125,175.3000030517578,139.13735961914062,309.6280212402344,175.1411945839284,176.55999755859375,141.59937805479146,314.50381263909213,171.1649745274817,174.92999267578125,138.92203888799807,308.9733414603899,174.7761369036864,176.52999877929688,141.2436574651906,313.20426358487214,66062900,7937700,9953900,21257200
2023-08-18,172.1614990234375,175.3300018310547,139.45562744140625,309.2371520996094,172.76335939467492,176.05999755859375,139.95177640901298,311.0936633520083,169.6652621694116,175.10000610351562,138.0233461901272,304.4199558180871,170.0007213782545,175.8300018310547,138.21992597052116,307.29267431715726,61172200,6253000,8517500,24755000
2023-08-21,173.4934844970703,175.80999755859375,139.93304443359375,314.5135498046875,173.77962299820936,175.94000244140625,140.5134561406489,315.3831660095472,171.42151715942626,174.9600067138672,138.56629935066977,309.784320258957,172.7337706675176,175.89999389648438,140.09218520164686,310.65393646381676,46311900,4206400,8327000,24040000
2023-08-22,174.86492919921875,176.10000610351562,137.03102111816406,315.080322265625,175.30892111024494,176.25,140.0828066162515,318.61747186045255,173.89801113995804,175.30999755859375,136.5348722488115,314.1032077999083,174.69719959083847,175.8300018310547,139.72707184794504,318.0507585907704,42038900,5892200,9673300,16084600
2023-08-23,178.70303344726562,177.88999938964844,137.95777893066406,319.5164489746094,179.1273031269572,178.22000122070312,138.16372912931953,321.66611285256477,175.95027131734813,177.07000732421875,136.1697775285071,316.0574552143243,176.13773826499084,177.32000732421875,137.00293450152532,316.409231948521,52722800,7949100,7858000,21166400
2023-08-24,174.02627563476562,177.85000610351562,137.8267364501953,312.64727783203125,178.68329009610582,178.49000549316406,139.8675120243072,325.35954498918005,173.6612029173666,177.41000366210938,137.60207386958209,312.63749714645934,178.25902046647073,177.66000366210938,138.07949613762864,325.2325153533981,54945800,5526400,6534000,23281400
2023-08-25,176.2264862060547,177.6199951171875,137.6582489013672,315.58843994140625,176.759273390786,178.3800048828125,139.1279690919885,317.9139473148537,173.473724817143,176.6300048828125,136.53489306897146,311.5040788241883,175.0129045232152,177.5800018310547,137.8735553172173,314.11298756039173,51449600,6132800,6695500,21684100
2023-08-28,177.78546142578125,178.1300048828125,138.13568115234375,316.2919616699219,178.18011761364104,178.72999572753906,139.11862293308627,318.68587419815776,176.16734696728648,177.50999450683594,137.73315111613948,314.3572643100924,177.68678985123202,177.64999389648438,138.14505161734553,318.20709765634393,43820700,4740700,5094100,14808500
2023-08-29,181.6630096435547,179.8699951171875,139.25904846191406,320.8941650390625,182.43259974524452,179.8800048828125,139.34331123259852,321.45112744073015,177.10466595582741,177.89999389648438,137.7799575793808,314.5136087751781,177.30199404892278,178.02999877929688,138.27612088497915,314.5136087751781,53003900,7576600,6337000,19284600
2023-08-30,185.1458740234375,180.32000732421875,138.69732666015625,321.2654113769531,185.34321714142652,180.8800048828125,139.62408823908154,322.26205720426236,182.27471834075723,180.2899932861328,137.78927743740223,318.97896754783574,182.47204640358012,180.5800018310547,139.12793939995714,321.14816243481806,60813900,6593700,6277300,15222100
2023-08-31,185.36293029785156,180.02000427246094,136.9842071533203,320.259033203125,186.59624944883035,180.49000549316406,138.87519792928472,323.3369376753796,184.9781353249528,179.94000244140625,136.63784285929776,319.30145033255354,185.33333184264131,180.3699951171875,138.7909351871848,321.66608035944125,60794500,4795600,10933900,26411000
2023-09-01,186.9317626953125,180.11000061035156,137.4429473876953,321.1384582519531,187.3856158066575,181.1199951171875,138.62246891114418,324.3922364479654,185.7675013452281,179.50999450683594,136.3944695270514,319.30147820313266,186.96136115669725,180.8000030517578,136.75956054270785,323.7278057381443,45766500,4970700,7903500,14942000
2023-09-05,187.1685333251953,178.63999938964844,135.92640686035156,325.91650390625,187.44479564304942,179.44000244140625,138.7441742202353,327.18677054781415,185.1064270757959,178.63999938964844,135.74853943819002,321.13842988312655,185.7674844117445,179.3300018310547,137.76123245014202,321.47064520868975,45280000,7056800,7854700,18553900
2023-09-06,180.46913146972656,177.8300018310547,135.7017364501953,325.26190185546875,186.32986658571798,179.00999450683594,136.24468058187983,326.8057297509956,179.04834537431464,177.6999969482422,134.9060183286584,322.6236805967268,185.88585963952747,178.3300018310547,135.45833292470454,325.75045913900095,81755800,6427200,8629200,17535800
2023-09-07,175.1905517578125,178.02000427246094,134.54090881347656,322.3597717285156,175.8318868790433,178.3699951171875,135.99191644968522,325.45720725929107,171.22419235116297,177.89999389648438,134.2319835011811,321.49990640162497,172.84230680208358,178.30999755859375,134.92472640913843,323.7081941893977,112488800,3257200,8373700,18381000
2023-09-08,175.80226135253906,178.0800018310547,134.64389038085938,326.6199951171875,177.83478423163749,179.0500030517578,134.9153624223818,328.4667555070914,175.41746632815568,177.89999389648438,133.53924700348213,321.92007759322064,175.97000602806156,178.36000061035156,134.2132633018919,322.53566438985524,65551300,3292700,7107900,19530100
2023-09-11,176.96649169921875,178.41000366210938,135.23365783691406,330.2060852050781,177.89395007164453,179.07000732421875,135.785972381945,330.6751109123213,174.9734438173143,178.25999450683594,134.51283207562778,327.75351820340376,177.66702357259294,178.97000122070312,135.50512987768147,329.5220931094113,58953100,3689100,6854200,16583300
2023-09-12,173.9473419189453,177.49000549316406,136.9935760498047,324.1772155761719,177.72623373133553,177.6999969482422,137.91099584579266,329.08234867340195,172.487096210491,177.0500030517578,134.8498397012467,323.89387388585794,177.09477490699047,177.11000061035156,135.2710963138877,328.13454656577954,90370200,4445400,8363200,17565500
2023-09-13,171.88522338867188,177.0800018310547,137.05914306640625,328.3690490722656,174.93398459835862,177.75,138.26674753287986,329.1409777651763,171.6582818339781,177.0399932861328,136.50682839895887,323.59097536312447,174.15451849429098,177.52999877929688,137.9297393099169,323.7277558674077,84267900,3874800,8325900,16544400
2023-09-14,173.3948211669922,177.1699981689453,139.71774291992188,330.94866943359375,173.75001770449512,177.38999938964844,140.3262231887897,333.0592103619418,171.26364194197464,176.36000061035156,138.09823807360453,328.8674109262189,171.67803539320033,176.5,138.39779297567569,331.38835303568044,60895800,6184400,10034900,20267000
2023-09-15,172.67457580566406,178.33999633789062,139.3058319091797,322.6627502441406,174.1446979390041,179.11000061035156,140.16707182842225,329.6784251727831,171.50046839224674,178.33999633789062,138.83776580409716,322.10578782450574,174.1249606133089,178.5500030517578,139.4088070236676,329.2094292987057,109259500,5620900,19863400,37679800
2023-09-18,175.59506225585938,179.38999938964844,139.59603881835938,321.5292663574219,176.98624997924455,179.41000366210938,139.61476546325227,322.8385960925468,173.8190795297471,178.3800048828125,138.31354218596897,318.89104551464607,174.12494029407293,178.82000732421875,138.6973598429271,320.29809265490445,67257600,5049300,6512400,16834200
2023-09-19,176.6803741455078,179.22000122070312,139.4181671142578,321.1286315917969,177.23289871202428,179.64999389648438,140.15771958020997,321.8517165023023,174.7662604292434,179.02999877929688,137.80803280911252,317.0833936077872,175.1510553991506,179.5399932861328,139.95176934545702,318.7054070395551,51826900,4224700,7943400,16505900
2023-09-20,173.14817810058594,179.35000610351562,138.82839965820312,313.42901611328125,177.3019893003594,180.66000366210938,140.65385448013163,322.0471733986375,173.05936766417838,179.32000732421875,138.6786150871108,313.17498661327795,176.86785847407558,179.33999633789062,140.0921694806569,321.9690173569062,58436200,9328000,7332000,21436500
2023-09-21,171.6089630126953,178.0500030517578,137.74249267578125,312.21734619140625,173.94734650075085,178.49000549316406,139.34328503841164,317.9041588491349,171.53990496478352,177.69000244140625,137.26507039146745,307.79101939102566,172.22069958579337,177.86000061035156,138.15439313326482,311.9535360525413,63149100,7571900,8052400,35560400
2023-09-22,172.4574737548828,178.6199951171875,136.4225311279297,309.75506591796875,174.71692282922322,178.9499969482422,138.08884517442365,314.09345652566765,171.72735846610487,178.50999450683594,135.91702606345376,308.9147319725734,172.33907993619778,178.64999389648438,137.88289496335204,313.96642687422224,56725400,3634800,7071700,21447900
2023-09-25,173.7303009033203,177.6999969482422,137.0965576171875,310.2729187011719,174.60842368932387,178.7100067138672,137.1620937275213,310.39994834578414,171.82604797435675,177.63999938964844,134.5221940712428,307.7910397456029,171.8753837600089,178.41000366210938,136.06682076935587,309.34464808220946,46172700,5582100,7044700,17836000
2023-09-26,169.66525268554688,176.27999877929688,135.67364501953125,304.99652099609375,172.86200623492672,177.13999938964844,136.52552882591283,308.650919524038,169.36925308333926,176.16000366210938,135.0183552777935,302.92501329864484,172.48708745695123,176.8300018310547,135.36473393604743,307.918083681108,64588900,7181100,7468400,26297600
2023-09-27,168.1556854248047,174.10000610351562,136.46937561035156,305.6316223144531,170.7308568174817,175.32000732421875,136.75957435926273,307.1070447852302,166.79411110643792,173.6999969482422,135.2804835021302,302.6025617027996,170.31646332448594,175.27000427246094,135.91706094085959,305.1528159801847,66921800,10919600,6717800,19410100
2023-09-28,168.41221618652344,173.22999572753906,138.1637725830078,306.462158203125,169.7343308371659,174.13999938964844,139.3620208697306,308.26004502387354,165.38317681816312,172.32000732421875,136.68468172940547,302.36804670236813,167.08022534636603,173.91000366210938,136.9374414680217,303.87278132742597,56294400,10061900,8868100,19683600
2023-09-29,168.92527770996094,171.4499969482422,135.75790405273438,308.5238952636719,170.76045735672912,174.02999877929688,139.25902955568586,312.1587623008752,168.06687727418498,171.27000427246094,135.60811946323787,307.7715278533527,169.7244661753788,173.9199981689453,139.109259250434,310.4781242122937,51861100,10427400,11917800,24147300
2023-10-02,171.4313507080078,169.64999389648438,134.5877227783203,314.4353942871094,171.97401410977108,170.4600067138672,136.31955867978297,314.523360821819,168.64897565996583,169.5,133.520532702074,307.96690188868587,168.9351141150612,170.22999572753906,135.58002056869492,309.04173366618016,52164500,12706000,9170600,20570000
2023-10-03,170.0994110107422,169.16000366210938,133.59542846679688,306.21795654296875,171.31300817848214,170.0800018310547,134.41921506435102,314.034873285169,168.54050848834052,168.75,133.25842031372002,304.0878240681493,169.96127983577614,169.13999938964844,134.0541240888714,313.48766167957774,49594600,11459800,9431100,21033500
2023-10-04,171.3425750732422,169.13999938964844,134.19456481933594,311.6603698730469,171.88523853747708,169.41000366210938,134.3068961192718,312.7156700194833,168.68846972057472,168.5,132.86524444361987,306.81389127739357,168.80686354725646,169.2100067138672,134.044780229925,306.84320351373003,53020300,10034600,8128700,20720100
2023-10-05,172.575927734375,168.8300018310547,134.76039123535156,312.0512390136719,173.1087151128758,169.0,134.94901072046437,312.65707498694155,170.37567499430378,168.3000030517578,132.80830619332247,307.6933171593875,171.4708632688818,168.74000549316406,133.9493763741643,311.78742886180316,48527900,6970200,8576200,16965600
2023-10-06,175.1214599609375,169.6999969482422,136.83506774902344,319.7704772949219,175.61478762599208,170.22999572753906,137.57063757203986,321.65630098463043,170.86896284182788,168.5,134.0436638745079,309.06128169271835,171.48069938400815,169.1699981689453,134.76980848069118,309.3055602997531,57266700,9948400,10270600,25673600
2023-10-09,176.6014404296875,172.82000732421875,136.5238800048828,322.27191162109375,176.6606373398207,172.86000061035156,137.11798531189535,322.7409074969346,173.45400756283908,171.0800018310547,135.32621539355333,315.7838570263933,174.45052401213385,171.17999267578125,135.47710521963256,317.3179339483483,42390800,10201500,6964900,19891200
2023-10-10,176.00946044921875,172.52999877929688,137.35374450683594,320.8746032714844,177.32171396949087,172.8000030517578,138.40995889388373,323.52257487302114,175.57532965392068,171.89999389648438,137.004824376904,320.1710797301385,175.72333700059065,172.0800018310547,137.13684937657925,323.38576454759857,43698000,5844000,11288800,20557100
2023-10-11,177.40061950683594,173.7899932861328,137.82525634765625,324.8123779296875,177.4499552810768,174.1300048828125,138.84374102392985,325.20321772099476,175.22998093671887,173.25999450683594,136.75963119469503,321.60744393030456,175.8219650621156,173.60000610351562,138.16475123974746,323.6300480505899,47551100,7128000,8698200,20063200
2023-10-12,178.29847717285156,173.25999450683594,137.50462341308594,323.5812683105469,179.9067149957359,174.22999572753906,138.58912775754237,325.9947425190422,176.6507496538397,173.24000549316406,136.86336329119763,321.19710634672276,177.667018413921,174.05999755859375,137.96671807007812,323.00477428590006,56743100,5912700,10484400,19313100
2023-10-13,176.46331787109375,178.8300018310547,139.5698699951172,320.229736328125,179.50220314362676,179.10000610351562,144.38880324418298,326.19011074612195,175.7627859383901,176.72000122070312,139.41898019566213,318.8910644547027,178.9990143278533,176.88999938964844,140.04138982618178,324.7733126546174,51427100,18796500,29427000,21072400
2023-10-16,176.33506774902344,177.9600067138672,139.42843627929688,325.02740478515625,176.6902643223361,178.3300018310547,141.00331097441395,328.4473057791793,174.15455252434904,177.5399932861328,138.36279673046786,323.034082713558,174.3913552582801,177.83999633789062,140.93729128323395,323.47376637843024,52517000,8385400,12663500,22158000
2023-10-17,174.78599548339844,178.2899932861328,139.1266632080078,324.46063232421875,176.03905203817294,179.1300048828125,140.80527293299247,325.828586634413,172.467364361049,177.97999572753906,138.428808562367,319.9170559493173,174.29266779074965,178.3699951171875,139.164392858932,322.0471583622745,57549400,8231900,11482700,18338500
2023-10-18,173.4934844970703,180.8699951171875,137.5989227294922,322.5552062988281,175.21027033840411,182.02000427246094,139.07948753982038,327.909803713785,172.77323025982977,179.75,137.08967324569366,320.78663169696983,173.23695950912395,180.88999938964844,138.2401828028462,324.88074324116036,54764400,13920800,9620300,23153600
2023-10-19,173.11856079101562,183.08999633789062,137.01426696777344,323.7374572753906,175.46679037407037,183.42999267578125,138.64573642948045,329.17020939505096,172.85215962113486,180.82000732421875,136.62763152732992,323.33683690803986,173.69080766680926,181.0399932861328,137.19344685926188,324.54844887426214,59302900,13406600,11143600,25052100
2023-10-20,170.57298278808594,183.58999633789062,134.80752563476562,319.1939697265625,173.07908076842247,185.22999572753906,136.87278493216152,324.32382025517603,170.33618008275127,183.08999633789062,134.02480093728053,318.0018889823848,172.97054807703984,183.42999267578125,136.3352597722285,324.1283854502297,64244000,12785700,13332900,25027700
2023-10-23,170.6913604736328,182.97000122070312,132.96859741210938,321.7832946777344,171.6878768692555,183.55999755859375,135.49593689560837,325.1152580837002,167.662321590194,182.7100067138672,132.71397266456037,316.96612824184217,168.62925458750877,183.50999450683594,134.79809672849134,318.0213985858915,55980100,9479800,10133400,24374700
2023-10-24,171.12550354003906,182.9499969482422,133.12893676757812,322.96563720703125,171.35243005141567,183.39999389648438,133.6570367926189,324.24565474799095,169.1620540054936,181.67999267578125,132.36507677495513,320.1026990318568,170.74070856198063,182.07000732421875,133.1478015940857,323.71800459686386,43816600,6594000,8881400,31153600
2023-10-25,168.81675720214844,183.72000122070312,132.4027862548828,332.87359619140625,170.7505934954682,184.3000030517578,133.13835617043748,338.2770379621599,168.37275019582236,182.0399932861328,131.5634813825373,329.89337919706037,169.58634726553433,183.4199981689453,132.5631156887243,337.1240202368528,57157000,10087000,8242600,55053800
2023-10-26,164.6629180908203,184.00999450683594,132.74227905273438,320.38604736328125,169.0930062294273,184.49000549316406,133.6004487370822,333.8115893601042,163.459197305812,182.8699951171875,131.48803437322115,319.45777677753637,168.0964746462511,183.39999389648438,131.7992392386323,332.7465382675552,70625300,7671400,9109400,37828500
2023-10-27,165.97515869140625,186.14999389648438,127.96106719970703,322.2620849609375,166.70528904611524,186.36000061035156,131.17683623137796,329.0139487725961,164.60370840247674,183.47000122070312,127.489547320212,320.8843501338627,164.68264263448572,183.75999450683594,131.03537163374259,322.867891093588,58499100,14102800,17434700,29856500
2023-10-30,168.0175323486328,185.10000610351562,129.592529296875,329.5904541015625,168.8857938712959,185.6999969482422,130.17720937589277,331.6814932194884,166.61648356307745,184.72999572753906,128.29112975104002,324.23585648353105,166.76449089816728,185.5399932861328,128.6683543097979,325.77971392594014,51131000,8756400,9855500,22828100
2023-10-31,168.49114990234375,184.08999633789062,131.1391143798828,330.37213134765625,168.61940486913602,186.2100067138672,131.30886902920932,331.241777466002,165.65943861592592,183.5,129.63968452745254,327.0304168400943,167.09010101577766,185.0800018310547,129.86601926333935,331.0952162716641,44846000,10104600,9672500,20265300
2023-11-01,171.6484375,183.50999450683594,131.02593994140625,338.1499938964844,171.90496247869652,185.0,132.52536963058716,339.46910432501784,167.849808268541,182.6699981689453,130.5827101254128,331.8769062105877,168.71806981976965,183.91000366210938,131.3182799499032,332.01371654234873,56934900,9048600,9432000,28158800
2023-11-02,175.20037841796875,184.1199951171875,133.36468505859375,340.3484802246094,175.40756758774253,184.27999877929688,133.42126514351625,340.8467882699962,173.11853525669227,183.5,131.29942562105097,336.87970636333785,173.17773216234193,184.1300048828125,132.1104404141124,339.29318001958046,77334800,7343700,10186200,24348100
2023-11-03,174.2926788330078,184.7899932861328,134.85470581054688,344.7258605957031,174.46042350768224,185.47000122070312,135.58085056324327,346.2794983368796,171.0367278993792,184.35000610351562,133.77021568051663,339.3810449961828,171.91485064572058,184.47999572753906,134.0908457932642,341.62842543530695,79829200,8530400,9538700,23637700
2023-11-06,176.83824157714844,183.35000610351562,135.87318420410156,348.37060546875,177.0355696443862,184.22999572753906,135.9769191638664,349.3575005821622,173.85855313497558,183.33999633789062,134.65665473143704,345.2633887474612,174.02628274488598,184.13999938964844,135.01501448146942,345.36110615399525,63841300,8274700,7625100,23828300
2023-11-07,179.39370727539062,182.58999633789062,135.80714416503906,352.2790222167969,180.00542885763969,182.64999389648438,136.0429040937685,354.164845685057,176.5817331247381,181.75,134.68493899158793,349.44539667177366,176.78892234542403,182.25,135.33562430758016,351.17487827159056,70530000,6795800,6297900,25833900
2023-11-08,180.4493865966797,180.77000427246094,136.4767303466797,354.8879699707031,181.00191115396063,182.07000732421875,136.58989052573705,355.54261993465985,179.1667317000403,180.57000732421875,135.43938073983261,352.2985928972702,179.91659936077735,182.00999450683594,135.90147545372747,353.4027369651116,49340300,6738300,7618200,26767800
2023-11-09,179.97581481933594,181.49000549316406,136.0712127685547,352.4354553222656,181.6629871195562,182.27999877929688,137.35374753206762,356.4416310081341,179.3838155582821,180.88999938964844,135.51482271407195,352.1129908166349,180.51847829944086,180.97999572753906,137.15571722301596,354.00859546088725,53763500,6486300,7992500,24847300
2023-11-10,184.15484619140625,179.50999450683594,138.08929443359375,361.2099304199219,184.32281184408907,180.58999633789062,138.13644929586334,361.63008249841977,181.3194195461175,179.25,135.87315980335984,352.8067397541227,181.75412225306079,180.50999450683594,136.68417450960825,353.2171111454846,66133400,7606600,7983300,28042100
2023-11-13,182.57412719726562,180.50999450683594,137.47633361816406,358.28826904296875,183.78930789371245,180.72999572753906,137.91956345188186,360.0373120121586,181.99123723697815,179.11000061035156,136.89165357778936,357.52612107178936,183.58184574005094,179.39999389648438,137.40088871139884,359.7930334339709,43627500,5385900,6676300,19986500
2023-11-14,185.1823272705078,182.1199951171875,139.9848175048828,361.7961120605469,185.84425545326624,182.75,140.7486773711874,363.43768679672274,184.0560589323069,181.6199951171875,138.17418298003085,358.94295491704753,185.4391901985185,181.6999969482422,138.32505839820212,362.51919694143055,60108400,6831600,9927700,27683900
2023-11-15,185.74545288085938,181.63999938964844,141.21080017089844,361.94305419921875,187.21751156501972,182.17999267578125,141.60687520316353,365.3307238214912,185.5182274044454,181.30999755859375,140.00371024695332,359.4365366374243,185.5873915048758,182.02999877929688,140.00371024695332,363.51938712911283,53790500,4909400,8365300,26860100
2023-11-16,187.4250030517578,183.69000244140625,142.8233642578125,368.3071594238281,188.65994715340477,184.32000732421875,142.8988091629842,368.48338982170065,186.37775779056014,182.8000030517578,141.5408296491821,362.4423444484434,187.28668991537342,182.85000610351562,141.5408296491821,363.2060393855787,54412900,8253300,8126200,27182300
2023-11-17,187.4052734375,183.6699981689453,144.11532592773438,362.1192626953125,188.08696511623896,184.1300048828125,144.1530411822149,366.54477320500723,186.29876814737526,183.4499969482422,142.90822193971096,359.32882848725313,187.95852608256234,183.9600067138672,143.53063156096295,365.80064944827456,50922700,4871100,7812400,40157000
2023-11-20,189.14401245117188,183.3699951171875,144.55856323242188,369.5506286621094,189.59847845797387,183.47999572753906,144.99236786773022,370.95073116555085,187.5929306882813,182.22999572753906,143.26660332342516,363.24523724780994,187.60280481288592,182.32000732421875,143.41749314350156,363.4606399313925,46505100,5389300,7019000,52465100
2023-11-21,188.3437957763672,185.35000610351562,144.25680541992188,365.27197265625,189.21320125507725,186.1199951171875,144.87921516759508,368.3561243217149,187.45464204586924,185.07000732421875,143.87959523992686,363.3627202596963,189.10452557023848,185.57000732421875,144.47370055393674,367.8176325584251,38134500,7322400,7083500,28423100
2023-11-22,189.0056915283203,184.55999755859375,144.59629821777344,369.9520568847656,190.60617399815436,185.72000122070312,145.11497299989654,371.8515087359404,188.53147729188777,184.27000427246094,144.19078361006055,367.13225084262217,189.18353128885676,185.47000122070312,144.6717431305955,370.0989155578587,39617700,4337700,5174500,23345300
2023-11-24,187.68186950683594,185.52000427246094,144.7943115234375,369.5408630371094,188.60066069963858,185.75,145.64305590080474,370.0695841976168,186.97054048498805,185.16000366210938,144.54912637778605,367.29875066400086,188.57102324664504,185.47000122070312,144.84146638712082,369.44294728446835,24048300,2445100,3496900,10176600
2023-11-27,187.50399780273438,186.77000427246094,144.4642791748047,370.6961364746094,188.3734031425855,186.8000030517578,144.7849092752855,372.683733332582,186.6247183385664,185.92999267578125,144.0116240688526,368.336537498751,187.63243679384846,186.55999755859375,144.69059953295755,368.9044009726802,40552600,6320400,6259100,22179200
2023-11-28,188.10665893554688,189.25999450683594,144.7943115234375,374.70068359375,188.77847629228074,189.39999389648438,145.1055163561744,374.994400937648,187.1187037624085,187.52000427246094,144.02102643967882,370.25557188472965,187.49413155220094,187.89999389648438,144.4925462972237,370.44160282909473,38415400,10901900,6582700,20453100
2023-11-29,187.08908081054688,189.5399932861328,145.52992248535156,370.93115234375,189.77632029571453,189.99000549316406,146.76530243681577,376.26721663239306,186.69390474066958,189.02000427246094,145.22814281403222,369.55062106548934,188.6006511365786,189.16000366210938,145.3884578683031,375.7385254123956,43014200,8407300,9126100,28963400
2023-11-30,187.66209411621094,188.75,147.1896514892578,370.9898681640625,188.02764780463457,189.24000549316406,147.2368063564752,372.1451961390215,185.92329832735996,188.27999877929688,145.5864867313831,367.6217700935787,187.55341843722022,188.88999938964844,146.08629666666795,370.5786340328009,48794400,7558100,9869800,30554400
2023-12-01,188.93655395507812,192.00999450683594,147.90635681152344,366.681884765625,189.2526917735191,192.39999389648438,148.86826142383205,370.2555853515813,186.95075439627809,188.69000244140625,146.94446658886,363.5487602115402,188.0375111237308,188.80999755859375,146.94446658886,368.884854564053,45704800,16727600,8916000,33040500
2023-12-04,187.1483154296875,187.86000061035156,148.9908447265625,361.424072265625,187.76085780364798,190.3800048828125,149.04742480521057,361.7961042236622,185.19216867735597,187.25999450683594,147.00103041945783,355.31448343294096,187.69169371505666,189.60000610351562,147.1330553995179,361.3848999985792,43389500,18460500,9607500,32063300
2023-12-05,191.09030151367188,187.14999389648438,148.9720001220703,364.7333984375,192.05849343193452,187.8800048828125,149.47181007082003,365.2816906598943,187.8893210956394,186.3000030517578,148.02896031089793,357.9776315061035,187.91897362196437,187.5500030517578,148.3024355246939,358.7902991826528,66628400,7027700,9135600,23065000
2023-12-06,190.00355529785156,187.83999633789062,147.4065399169922,361.0912170410156,192.4141533735728,188.4600067138672,150.1507890224694,366.3587674073999,189.79607806848605,187.5,147.11419989902313,360.33732257448145,192.10788966712872,188.32000732421875,149.79242931546503,365.7321604216408,41089700,5778600,9366000,21182100
2023-12-07,191.93006896972656,188.14999389648438,147.85919189453125,363.1962585449219,192.6512720749557,188.58999633789062,148.34957657978003,363.68580733396766,191.2582515665674,187.25999450683594,147.25564704716516,358.6630319776083,191.29777821822415,188.4499969482422,147.76489655598155,360.5331119373255,47477700,5802000,8130900,23118900
2023-12-08,193.35272216796875,185.63999938964844,149.49066162109375,366.40771484375,193.62934842275146,186.77999877929688,149.73584676995327,366.6328881744278,191.33728508312288,184.89999389648438,148.0383723826528,360.53312909562084,191.86090014217592,185.92999267578125,148.3024223551613,361.4828549867559,53406400,7883200,7369400,20154400
2023-12-11,190.8531951904297,183.58999633789062,150.0376434326172,363.53887939453125,191.15947399253523,184.52999877929688,150.22624852159782,363.83262656393555,189.11439931154695,183.14999389648438,149.14174407807883,358.44759046804216,190.78404615931,184.5,149.4906786018212,360.7778472321054,60943700,8519500,8093900,27708800
2023-12-12,192.36477661132812,183.49000549316406,151.37677001953125,366.55462646484375,192.3746507369947,183.97999572753906,151.49935542257748,366.5937987418029,189.4107849369075,183.25999450683594,149.83018514642347,362.7165500745458,190.75440470261375,183.83999633789062,150.16024048034427,363.0984125455893,52696900,5056900,10223000,24838300
2023-12-13,195.5756378173828,187.6300048828125,151.88600158691406,366.5447692871094,195.6151493963814,187.66000366210938,152.800751426603,369.7464376106383,192.50309623143957,183.3800048828125,150.66948646661925,363.0200118977458,192.74019585543422,183.82000732421875,151.3767663804212,368.16027437565873,70404200,10635500,12379100,30955500
2023-12-14,195.7238006591797,188.72999572753906,154.64910888671875,358.28125,197.2156075489979,189.82000732421875,155.45068411871856,365.94760248987683,193.79729107961322,188.0800018310547,152.49897919789595,356.51888591572833,195.63488831127654,188.86000061035156,152.61213937426155,365.50699652896213,66831600,9107200,13643000,43277500
2023-12-15,195.19033813476562,187.0,155.81845092773438,362.9808654785156,196.01032777733312,188.9600067138672,155.8656057922749,364.6159417445296,194.62719637119332,186.82000732421875,153.14022154170772,358.6238691889497,195.1508114803035,188.52000427246094,153.79092125929148,359.1819619943408,128538400,8324800,20309300,78502300
2023-12-18,193.53054809570312,187.85000610351562,156.7615203857422,364.8607482910156,194.26164038796966,188.49000549316406,157.61026493948086,365.20343845853677,192.0486152607036,187.24000549316406,156.19570507289683,360.9737292655857,193.72813612536964,187.5,156.46918031565835,361.7276536100702,55751900,5358000,8469600,21802900
2023-12-19,194.5679168701172,189.1300048828125,158.85504150390625,365.4579772949219,194.5777909959987,189.72000122070312,158.87390632782794,365.4579772949219,193.53056080250687,188.1300048828125,156.12023201068527,362.1094503782396,193.79731295132126,188.22999572753906,156.5445970162341,363.7249554315047,40714100,6025600,10345700,20603700
2023-12-20,192.48333740234375,188.10000610351562,157.0632781982422,362.8731689453125,195.2990010280865,188.9600067138672,159.76037254396365,368.1700908565403,192.48333740234375,188.08999633789062,156.9689684644074,362.78505374172363,194.5283970820936,188.69000244140625,158.42125778345093,367.1616214647713,52242800,6002400,10734700,26316700
2023-12-21,192.33509826660156,189.42999267578125,157.95916748046875,365.7321472167969,194.7061996333918,189.6199951171875,158.5155575124074,366.58395739776404,191.16931844438724,188.75,156.24282812678547,362.30530541678434,193.73800782299358,189.2100067138672,157.3367577550905,364.77262075610525,46482500,4620000,7601700,17708000
2023-12-22,191.2681427001953,190.27000427246094,157.86488342285156,366.7503662109375,193.0563392932213,191.8800048828125,158.6476083157881,367.33783074743565,190.64572606781581,190.07000732421875,157.70456835653653,364.9194584779402,192.82909873139974,191.60000610351562,157.95919317463583,365.8691843460341,37149600,7176300,6576300,17107500
2023-12-26,190.7247772216797,191.72000122070312,158.7985076904297,366.8287048339844,191.55465607108982,191.74000549316406,159.15686750113358,369.0610461329153,190.50742584564344,190.39999389648438,157.6574229398271,365.69294804965995,191.2780297879531,190.97000122070312,157.92148738273693,367.1615944273694,28919300,4502700,4683600,12673100
2023-12-27,190.82357788085938,192.58999633789062,159.75094604492188,366.2510681152344,191.1693682979628,193.17999267578125,159.8169657419524,367.2203652351963,188.78839218591511,191.5399932861328,158.03462098752954,365.01739550459973,190.1715387793259,191.77000427246094,158.27980617011522,365.87900622442777,48087700,5813300,6428600,14905400
2023-12-28,191.2483673095703,191.47000122070312,160.59970092773438,367.43572998046875,192.3153607227681,192.88999938964844,160.9391958738307,368.59105792655595,190.8433020640508,191.44000244140625,159.37374615629497,366.3391454974242,191.80161980345068,192.33999633789062,159.70381588348346,367.5238451750327,34049900,6171500,6320100,14327000
2023-12-29,190.21104431152344,191.1699981689453,160.41110229492188,368.17987060546875,192.05851601127358,191.63999938964844,160.9674924155278,369.2764551389083,189.42067700828724,190.74000549316406,159.9678723643652,365.67338313483896,191.56453833112627,190.99000549316406,160.31679254344897,368.140698335078,42672100,4612300,6435100,18730800
2024-01-02,183.40399169921875,190.72000122070312,162.27828979492188,363.1178894042969,186.1702691079172,191.88999938964844,162.3631599230326,368.04274869324354,181.6750702031571,190.5,159.2888553688662,359.1035836301592,184.89579853453512,191.44000244140625,159.45859562508764,366.045381402949,82488700,6025600,9977400,25258600
2024-01-03,182.03076171875,189.1300048828125,161.57101440429688,362.8536071777344,183.6411336613478,189.86000061035156,162.24056461960868,365.4580105992302,181.22063114701328,188.16000366210938,160.6656898438769,360.8072966064926,182.00112426612563,188.77000427246094,162.07082435870566,361.29684544783345,58414500,8661600,9852300,23083500
2024-01-04,179.7189483642578,189.32000732421875,162.64321899414062,360.2491455078125,180.88472835710988,189.75,164.4839997839759,365.3012923191343,178.70135563320858,188.69000244140625,161.81770540051127,359.49525117073273,179.95604798314233,189.0800018310547,161.91259668017605,362.92209250603474,71983600,4416700,11972500,20901500
2024-01-05,178.9977264404297,189.35000610351562,163.45924377441406,360.0631408691406,180.55869755734878,191.25999450683594,164.5124733318374,364.2830491168241,177.99989705667167,189.0800018310547,162.70015693042274,358.8392688743441,179.79798286255345,189.67999267578125,162.70015693042274,361.25764113124956,62379700,7481900,10066000,21004600
2024-01-08,183.324951171875,187.8699951171875,163.2220458984375,366.85809326171875,183.3644778190013,188.74000549316406,163.54465313300418,367.35744261436474,179.3138557634904,187.11000061035156,160.82144383692776,361.2968258961624,179.89674567111302,187.2100067138672,163.2220458984375,361.58074269539895,59144500,6215000,11229900,23134000
2024-01-09,182.91000366210938,187.92999267578125,161.93157958984375,367.93511962890625,182.91987778595075,188.77999877929688,163.00377577413855,368.13092123395006,180.52902829149605,187.72999572753906,161.40022316605578,363.4312643972459,181.70469725354155,188.67999267578125,162.8424721796584,364.23413165308716,42841800,4437300,9923600,20830000
2024-01-10,183.9473876953125,187.5,162.27316284179688,374.7691955566406,184.1548498527509,188.44000244140625,162.33009181707794,376.1399561660862,181.70472508990332,187.2100067138672,160.309026324343,368.45403366179033,182.12955368013527,188.13999938964844,161.3053268268902,368.50297659226095,46792900,4504700,9670200,25514200
2024-01-11,183.35459899902344,187.8699951171875,161.58999633789062,376.5903015136719,184.7970202008086,188.5500030517578,161.6469253167498,382.5138298348758,181.40832608034748,186.55999755859375,160.01489369036094,372.42913685903,184.293153408918,188.02000427246094,161.6184608273202,377.93166039806545,49128400,6831100,11919500,27850800
2024-01-12,183.68064880371094,189.7100067138672,160.4039306640625,380.35003662109375,184.49077939116623,191.0800018310547,167.29261232317756,380.55563874578314,182.95944565085554,189.16000366210938,160.26159373589286,376.6098767088899,183.81896194364214,190.6699981689453,164.91099163359718,377.4323150873344,40477800,6833700,19436500,21661200
2024-01-16,181.41824340820312,187.91000366210938,159.39813232421875,382.1124572753906,182.04064501968628,189.25999450683594,159.49300912270533,385.7938742722587,178.75075193755313,187.5399932861328,155.8968555922771,379.51785428757296,179.96594785640553,189.14999389648438,156.43769533094127,385.4316128958056,65603000,6548100,17206400,27202300
2024-01-17,180.4796600341797,185.83999633789062,158.54415893554688,381.3291320800781,180.72664884969066,187.4199981689453,160.42290202843512,381.9557389879291,178.12833676151584,185.4499969482422,157.97485469273727,376.7665338147622,179.08665457169852,187.30999755859375,158.78137265631167,379.87028626114164,47317400,8643200,11107500,22234100
2024-01-18,186.3579864501953,187.3699951171875,158.85728454589844,385.63720703125,186.86183815424235,187.39999389648438,158.9616591633274,385.75469397471676,183.59170899023258,186.3000030517578,156.788787827513,381.9655906494616,183.84857190455077,186.36000061035156,158.57262518214884,383.53215294829613,78005800,4685200,9382300,23392100
2024-01-19,189.252685546875,187.92999267578125,161.5994873046875,390.33685302734375,189.6379874512041,188.3000030517578,161.84619886256158,390.33685302734375,186.54569809210085,187.44000244140625,158.53468981159222,385.2749052923237,187.04954979006996,188.25999450683594,158.98065280488078,387.48767542805655,68903000,5719700,13115700,29331100
2024-01-22,191.55467224121094,187.22000122070312,161.4097137451172,388.22198486328125,192.9773304317233,187.75999450683594,163.18406784238965,392.24606151114637,189.94430011236668,186.85000610351562,161.030177562061,385.3630068278654,189.98382677043816,187.22999572753906,161.74181876407434,391.6585969965062,60133900,4397500,12837500,27016900
2024-01-23,192.82907104492188,187.9499969482422,160.34701538085938,390.56201171875,193.39221269336167,188.14999389648438,161.06813998536694,391.0319893054533,191.4953406920358,187.27999877929688,159.82514222308083,385.69589563777015,192.67100968439368,187.4499969482422,160.9922298462011,387.4778603727062,42355600,5040800,8360800,20525900
2024-01-24,192.1573028564453,186.39999389648438,161.77976989746094,394.1455078125,194.01466361551059,188.3699951171875,162.26368071250425,397.1513444657461,191.99922639290756,186.32000732421875,160.2236483497231,392.07962632176026,193.06621990928542,188.3300018310547,160.69807582742826,393.1468390669837,53631300,6085400,9967100,24867000
2024-01-25,191.83128356933594,187.13999938964844,164.094970703125,396.4072265625,193.90599578100486,187.63999938964844,164.142416344373,398.5025096949156,190.78405333725613,186.4600067138672,162.1687963911467,394.11614184479663,192.86863967517039,187.33999633789062,163.49718747582935,395.8687348533506,54822100,4651000,8873500,21021200
2024-01-26,190.10235595703125,187.00999450683594,163.46873474121094,395.48687744140625,192.41416772814074,187.3800048828125,164.20884046709205,397.68007633393063,189.6281416366758,186.75999450683594,162.99430725137032,394.01823107466254,191.93007928184088,187.27000427246094,163.7818586219111,395.917682766026,44594000,5064800,7443000,17803300
2024-01-29,189.42063903808594,188.3300018310547,163.8957061767578,401.1558837890625,189.8849791703456,188.5399932861328,164.00008079702863,401.41045873539736,187.2965414692382,187.19000244140625,162.5388505916141,395.8785331996652,189.6972652775173,188.30999755859375,163.43077653240536,397.57238286313674,47145600,5629700,6971200,24510200
2024-01-30,185.77508544921875,188.58999633789062,167.25466918945312,400.0494689941406,189.48980657471878,189.8300018310547,167.71959885740603,404.41623575131524,185.21195883551243,187.97999572753906,163.99060578443397,397.9542157503529,188.64016451675863,189.6999969482422,163.99060578443397,403.64277019124665,55859400,4976500,10822100,33477600
2024-01-31,182.17893981933594,188.4499969482422,165.44235229492188,389.2696228027344,184.846431021382,190.4600067138672,169.1808431739778,406.6388350866889,182.12955411744667,188.1300048828125,165.42337114167398,388.907361460185,184.7871410441138,189.3699951171875,167.18824195590526,398.45356335794276,55467800,7886100,11521800,47871100
2024-02-01,184.6093292236328,190.41000366210938,164.84454345703125,395.34002685546875,184.69824158324056,191.36000061035156,165.89777288401743,399.4718199134869,181.6059517240919,188.99000549316406,162.6621744802231,393.40140285508346,181.77390231724044,189.7100067138672,164.7591499982318,393.4307745878308,64885400,10278100,9354800,30657700
2024-02-02,183.61148071289062,188.61000061035156,165.79339599609375,402.6245422363281,185.07365019396582,188.8699951171875,166.82765873693674,404.02464472350925,177.09097033579843,187.85000610351562,164.398578274706,395.12465055102524,177.6936236133024,188.07000732421875,164.4365405747899,395.36942496681314,102551700,7337600,8607600,28256700
2024-02-05,185.41943359375,187.57000732421875,165.57516479492188,397.1709899902344,186.97053056814926,187.82000732421875,166.134985659533,402.56582806837224,183.60159955655655,186.6999969482422,164.07597245364303,395.5456841655395,185.88377376602236,186.8800048828125,164.96789829400674,401.3321553615057,69668800,5436100,7820200,25352300
2024-02-06,187.01991271972656,188.5500030517578,166.1444854736328,397.0142822265625,187.02978684421677,188.85000610351562,166.87509326368186,399.4424550677267,184.5203873987695,187.74000549316406,164.87300900590824,394.4882235276778,184.60929974417922,187.94000244140625,165.6795413976579,397.39614463854895,43490800,4866100,6764800,18382600
2024-02-07,187.1286163330078,188.5,166.4575958251953,405.3953552246094,188.74886241631054,189.38999938964844,166.87509426680478,405.64012962816963,186.33824908078662,188.27999877929688,165.0627925456374,398.88436206584436,188.3437971267345,188.4499969482422,166.70430734707855,398.9235343367266,53439000,6276900,7225500,22340500
2024-02-08,186.05172729492188,188.3300018310547,165.85983276367188,405.4541015625,187.25701874915856,188.52999877929688,166.34374353104843,406.8738050650789,185.09340956143063,187.82000732421875,164.69274533742478,403.90714046810643,187.10883150171134,187.91000366210938,166.04960084038564,405.3953580956046,40962000,3873300,6060300,21225300
2024-02-09,186.8134307861328,187.60000610351562,166.05909729003906,411.7594909667969,187.94113632063826,187.77000427246094,166.14450523792445,412.0238664464446,185.97259122428568,187.13999938964844,164.78763514943896,406.41362634312986,186.61557552858977,187.55999755859375,166.04961395288615,406.5702855474464,45155200,4412600,6296700,22032800
2024-02-12,185.1317596435547,187.11000061035156,166.7991943359375,406.5801086425781,186.63537211912902,187.27000427246094,167.76703037532326,411.9455447595813,184.7756412965565,186.36000061035156,164.81609109548293,406.0807592685953,186.38806813077576,186.60000610351562,165.84085611158963,411.7693143498308,41781900,4706300,8539300,21202900
2024-02-13,183.04449462890625,184.52999877929688,165.34747314453125,397.8269958496094,184.20189045877694,185.3800048828125,167.21671872127277,401.49861232810986,181.53099558275042,184.3300018310547,163.791351466665,394.95824667886694,183.76663306878044,185.35000610351562,166.35327164321185,396.4758362047706,56529500,9525800,8397600,27824900
2024-02-14,182.1641082763672,184.4199981689453,167.02691650390625,401.67205810546875,183.5292310959524,184.8800048828125,167.09334329239704,402.0153819358465,180.472557481369,183.77999877929688,165.49925963075256,396.84600689910087,183.3215042025078,184.27000427246094,166.11602396443158,400.2791853329973,54630500,7031600,7056700,20401200
2024-02-15,181.8772430419922,185.66000366210938,170.67054748535156,398.79803466796875,182.50045391335385,186.02000427246094,170.99316919509747,401.3189759217452,179.39431647047905,185.10000610351562,167.14080565948487,396.5713838346197,181.57058851615943,185.60000610351562,167.14080565948487,400.34788638470263,65434500,6228900,8723400,21825500
2024-02-16,180.34396362304688,186.33999633789062,169.8734893798828,396.3457946777344,182.8565806751117,186.6699981689453,170.77489862748652,400.49504745207923,179.71086599707365,184.83999633789062,169.04799026069725,395.73763633762957,181.44199396902647,185.0800018310547,170.42382695213206,400.17133095818804,49752500,6518500,8152600,22296500
2024-02-20,179.60205078125,187.47000122070312,170.5376739501953,395.10003662109375,180.46266385305907,188.02999877929688,171.23034839812226,396.76756266074034,178.0588762686663,187.39999389648438,169.28519310769673,390.4112964520626,179.82956623009554,187.9600067138672,170.02529871425853,395.5414273661721,53665600,5531200,9668000,24307900
2024-02-21,180.35386657714844,187.47999572753906,171.64784240722656,394.5016784667969,180.91771184255438,188.0399932861328,171.73325035019496,394.60959394201785,178.71176441081158,187.10000610351562,169.38957763277347,389.63638185870155,179.97795967071906,187.8800048828125,170.7464331647667,392.53007321174096,41371400,5789200,7024000,18518900
2024-02-22,182.38172912597656,187.55999755859375,173.7068634033203,403.7908935546875,182.9653779737103,187.63999938964844,174.03895391200567,404.9483581581281,180.49233824441416,187.0500030517578,171.97045729976963,400.7697091781749,181.50132758611662,187.55999755859375,172.52079484720994,402.3587758261095,52292200,4550800,9296500,27009900
2024-02-23,180.55169677734375,188.6199951171875,174.579833984375,402.5058898925781,183.04451006700117,189.17999267578125,175.72794040887263,407.92049268532105,180.2648157032703,187.4600067138672,173.8207471003428,401.1620503723916,183.0148347964746,187.55999755859375,174.40903255823818,407.7341476569605,45119700,6827300,7105800,16295900
2024-02-26,179.2063446044922,188.1999969482422,173.9820098876953,399.7593078613281,180.78908088671756,188.36000061035156,175.0257559181345,404.29109863437077,178.70183486744935,187.52999877929688,173.14701306334396,399.58272164729414,180.2746995194681,187.7899932861328,174.35206266605564,403.60445096908654,40867400,4491900,7145400,16193500
2024-02-27,180.6605224609375,188.0,174.06744384765625,399.70050048828125,181.93660445629962,188.72000122070312,174.15283732137044,400.5244598178457,177.6236221032545,187.8800048828125,172.91933742537933,396.13979878680874,179.1470231922399,188.5800018310547,173.9346047290859,400.2007433350152,54318900,5165400,5717100,14835800
2024-02-28,179.4635467529297,188.33999633789062,174.9498748779297,399.9358825683594,181.14521076395337,188.52000427246094,175.7279283839972,401.48570431449235,178.1874648834917,188.02999877929688,173.60250262820136,397.5817089338175,180.54178846123017,188.33999633789062,174.04845112073724,400.38709194736896,48953900,2824100,6131600,13183100
2024-02-29,178.80075073242188,189.30999755859375,176.5439453125,405.74285888671875,180.6011306821249,189.9199981689453,176.89501700223315,406.2921650523384,177.59390628342499,189.22999572753906,174.44698403277337,398.1702468207432,179.31514716008485,189.63999938964844,176.1644091332413,400.8383181687279,136682600,6848600,9643000,31947300
2024-03-01,177.72251892089844,192.88999938964844,175.81332397460938,407.5673828125,178.5831318593588,193.39999389648438,176.90451583340356,407.93031407980567,175.46710804516843,189.44000244140625,175.6330536993716,403.0355914321904,177.61370457626955,190.27000427246094,176.20235797152844,403.41813008815376,73563100,13411000,6311800,17823400
2024-03-04,173.21170043945312,196.00999450683594,177.13223266601562,406.9984436035156,174.9922768844708,196.3300018310547,177.99569413338153,409.38204334564557,171.91581500377694,193.8800048828125,174.84550327171607,404.4480762959748,174.25036500096815,194.14999389648438,175.26300176048102,405.54668869062186,81510100,12216300,7063600,17596000
2024-03-05,168.28538513183594,197.19000244140625,178.9065704345703,394.9626770019531,170.18467763470022,198.13999938964844,179.61821151467728,406.3412180011649,167.7907772375202,196.64999389648438,176.82857616411795,392.991071894389,168.9184826327907,197.44000244140625,176.82857616411795,406.0567462440755,95132400,9672200,6617800,26919200
2024-03-06,167.29620361328125,198.80999755859375,179.83645629882812,394.41339111328125,169.39335177885377,199.3000030517578,180.3488460192698,397.4247865981622,166.8609461620447,197.44000244140625,178.0336378978686,390.784048581795,169.2152850514215,198.0800018310547,179.570778102442,395.27659515513125,68587700,10459300,7572900,22344100
2024-03-07,167.17747497558594,199.94000244140625,178.26138305664062,401.32879638671875,168.88881413208614,200.11000061035156,180.75687632347888,401.9565620702222,166.67298033709926,198.91000366210938,177.08481213046088,394.56050584072034,167.32585131213037,199.5399932861328,180.19705535193344,398.3664344564578,71765100,8403700,7618300,18718500
2024-03-08,168.88880920410156,201.6300048828125,178.59347534179688,398.4645690917969,171.82678133583968,203.3000030517578,180.71891558839314,402.5843959078717,167.11811956465033,200.4499969482422,178.3088159683026,396.61063804407956,167.17747009753631,200.88999938964844,178.80222458380084,400.17133994719717,76267000,13540100,6172200,18002200
2024-03-11,170.88705444335938,202.0,178.65988159179688,396.7969970703125,172.49948126334272,202.41000366210938,178.8022185128998,397.93485423983793,170.1946063009313,201.4600067138672,176.69575949029132,393.5992565104688,171.07500788792643,201.7100067138672,177.70154336122792,396.0515271512708,60139500,7329600,5762600,16120800
2024-03-12,171.3618927001953,199.7899932861328,180.13059997558594,407.3515930175781,172.15326856174514,200.6300048828125,180.43424047505954,407.6360648031442,169.16583185415817,199.16000366210938,178.2993170776544,399.02369122398767,171.28275360461643,200.4199981689453,179.28611974419184,399.8378319323999,59825400,9436600,5708400,22457000
2024-03-13,169.28451538085938,201.19000244140625,181.59185791015625,407.17498779296875,171.32229764254458,201.86000061035156,181.92394844272968,410.1961717884516,168.91849524765144,200.35000610351562,180.1306132360268,403.5946789555971,170.90682879160028,200.44000244140625,180.62402184480607,410.11771230614136,52488700,5930000,7795500,17115900
2024-03-14,171.13433837890625,200.35000610351562,178.3562469482422,417.1017761230469,172.43020869953008,200.47000122070312,181.82905916695464,419.6521433696343,170.1945863604126,199.33999633789062,177.53074786350967,410.009799228429,171.04531257693264,200.3699951171875,181.25974046676782,412.21684262615895,72913500,6865000,10310900,34157300
2024-03-15,170.75843811035156,199.7100067138672,180.56707763671875,408.4698486328125,170.75843811035156,200.6300048828125,181.17434415077483,414.53185475986993,168.4535633292171,199.57000732421875,176.94244522461395,404.9091467039747,169.32407812222547,199.94000244140625,176.94244522461395,411.28505067232237,121752700,4556700,17214200,45079900
2024-03-18,171.84658813476562,200.02999877929688,182.80638122558594,409.35260009765625,175.79356502758816,200.14999389648438,182.84432904958828,412.6975005120342,171.64874797271588,199.50999450683594,180.17804920335632,405.8801768330178,173.67664359575858,199.66000366210938,180.88020701359716,406.3412048651448,75604200,7206800,9013800,20106000
2024-03-19,174.18115234375,199.8000030517578,183.8785858154297,413.36456298828125,174.7054356079408,199.80999755859375,184.01142492310007,413.6196087209555,171.1640405724947,198.94000244140625,182.54071140188407,407.6164248857175,172.45991109697533,199.6199951171875,182.85383525818784,409.8528945727863,55215200,4657500,8478700,19837900
2024-03-20,176.74322509765625,202.17999267578125,186.28866577148438,417.1116027832031,176.74322509765625,202.66000366210938,186.5068983228866,417.8276466076136,173.2018299224136,199.1199951171875,183.7077795412809,412.62884514501485,173.82504084734046,199.16000366210938,184.2581170660835,413.94325853489937,53423100,9593800,9367000,17860100
2024-03-21,169.52194213867188,201.97000122070312,188.87905883789062,421.1725158691406,175.57595436020992,203.9199981689453,189.23013052665834,422.59484462108253,168.9976588629672,200.60000610351562,186.2886889495495,419.00471729967956,175.14069690243886,203.8800048828125,186.46897370163362,421.6237252238155,106181300,7396500,11203800,21296200
2024-03-22,170.422119140625,200.35000610351562,186.56387329101562,420.55462646484375,171.18381963278856,201.86000061035156,190.2264543237517,421.6532390012991,168.22605856941686,199.72000122070312,186.4879631504267,417.9356179957843,169.90772263085663,201.32000732421875,188.8316362569857,421.4963200117596,71160100,6918500,8108800,17648500
2024-03-25,169.00755310058594,200.99000549316406,184.85594177246094,414.786865234375,170.085794876263,201.9499969482422,186.86750977989115,419.25001591585095,167.6226416976105,200.97000122070312,184.41946209318417,413.56072987159786,168.73057383883838,201.19000244140625,186.5449025482049,417.1214317546939,54288300,4034800,8620000,18060500
2024-03-26,167.8798370361328,201.63999938964844,185.7193603515625,413.59991455078125,169.57138777241732,202.75999450683594,186.60180291274617,417.85705232022457,167.7512341389727,201.07000732421875,184.13477445009167,413.3056540804049,168.16670300567833,202.64999389648438,184.63766637481814,417.48430243445387,57388400,5752700,5961500,16725600
2024-03-27,171.44102478027344,203.10000610351562,189.31549072265625,413.3840637207031,171.7279058767874,203.22000122070312,189.39140083482798,416.34642512838883,168.27553655784754,202.32000732421875,186.33608759218936,411.01028305268915,168.57230438056465,202.32000732421875,186.44994552126025,416.3366064689131,60273300,6041000,8725800,16705000
2024-03-28,169.6307373046875,205.72000122070312,190.05564880371094,412.6877136230469,170.37264922530974,206.0500030517578,190.4541661440958,413.81575210575176,168.67119667981044,203.8699951171875,188.38565483061902,411.11825446083225,169.89782982249778,204.5399932861328,189.28707861308453,412.9231220201488,65672700,9194500,8628300,21871200
2024-04-01,168.19638061523438,207.82000732421875,188.76522827148438,416.4642333984375,169.40322523760474,208.72999572753906,190.6629383946868,419.7208560550212,167.65230884379906,206.2899932861328,188.4141565317733,414.15909296576694,169.3438746978549,208.67999267578125,189.7615289818415,415.85607505767865,46240500,13677100,7309000,16316000
2024-04-02,167.01922607421875,210.88999938964844,188.6892547607422,413.3940124511719,167.51383407497934,211.02999877929688,189.56219938684464,414.3160686838876,166.4158037095213,208.36000061035156,187.94914921951673,409.8627364466167,167.2566433485096,209.07000732421875,188.2432918732891,412.0893875977787,49329500,13421100,7014700,17912000
2024-04-03,167.82049560546875,212.74000549316406,188.15792846679688,412.4228210449219,168.83938692190523,212.8300018310547,189.353480421599,415.17917040060684,166.76204228878962,210.3000030517578,187.5886097387711,411.0887704678448,166.9697692049817,210.57000732421875,188.8600718225351,411.7165660182198,47691700,11416200,9353400,16502300
2024-04-04,166.9994354248047,211.52000427246094,186.72633361816406,409.9019775390625,170.06599565718972,213.4499969482422,190.5725228336972,420.4859867966176,166.9994354248047,211.02000427246094,186.63090338860295,409.5978983516999,168.4535689105981,212.0,190.06669747224808,416.8762213933396,53704400,12307300,9243800,19370900
2024-04-05,167.7512664794922,215.13999938964844,188.44424438476562,417.39605712890625,168.5525290979156,215.74000549316406,189.08368373972885,418.36717662742586,167.12805551216746,212.22000122070312,186.21097596961084,410.33353586981326,167.76115320647332,212.49000549316406,187.21308807266684,411.9912731648726,42104800,13382700,6532300,16554800
2024-04-08,166.6334228515625,216.47999572753906,189.42724609375,416.4838562011719,167.37533481002382,216.80999755859375,189.90444089970362,419.1225019527215,166.4256959559663,214.61000061035156,188.60647044499663,415.2184760981184,167.20716991074772,215.97999572753906,188.60647044499663,417.052799785157,37425500,10331400,8001000,14272400
2024-04-09,167.8402557373047,217.6699981689453,188.15789794921875,418.1416015625,168.2458378687617,218.86000061035156,189.8090023909844,419.57371934199267,166.53449863101693,216.4499969482422,186.02007463207437,413.57056515417355,166.88071513080217,217.80999755859375,189.03594916913636,418.2985504874364,42373800,13069900,7351500,12496900
2024-04-10,165.97064208984375,215.61000061035156,186.55455017089844,415.1792297363281,167.2665125006067,217.77999877929688,188.0815794697576,415.93451830181,165.30786924976792,214.67999267578125,185.32337934002095,411.68719880938414,166.97964653177021,215.3699951171875,186.63090309212447,414.1296507389469,49709300,13317500,7681400,16216600
2024-04-11,173.15235900878906,219.8000030517578,186.51637268066406,419.7600402832031,173.56784300454478,219.83999633789062,187.60439092248092,421.1725504908495,166.3465633103838,215.88999938964844,184.42627146372058,414.2963744060529,166.5246149420751,216.85000610351562,187.0603818015725,417.69033834286756,91070300,11415200,10137700,17966400
2024-04-12,174.64605712890625,216.88999938964844,174.452880859375,413.84515380859375,176.43653535919364,225.08999633789062,180.31283283345405,417.06253143112855,172.33129571828837,216.02000427246094,174.21428344257563,411.75581460240056,172.3807444342083,221.8699951171875,179.730669116781,415.95410040174403,101670900,30898800,31532300,19253800
2024-04-15,170.8276824951172,220.9499969482422,174.54833984375,405.74285888671875,174.72519524382946,221.02999877929688,178.90990796764004,418.6712210349568,170.6397290741028,215.16000366210938,173.8898085897857,405.53684662340567,173.46888692512982,217.94000244140625,176.08490791538944,418.45542004596757,73531800,13239000,14766600,20273500
2024-04-16,167.55340576171875,221.22000122070312,172.55364990234375,406.6649169921875,171.88616144450353,221.99000549316406,174.8060100362722,410.4119935798852,166.45537543168857,218.77999877929688,171.45609307815093,405.8311689524943,169.89784277952464,220.17999267578125,174.55785940954902,406.65512826574127,73711200,10746100,16451800,16765600
2024-04-17,166.18829345703125,219.58999633789062,171.86647033691406,403.97723388671875,168.8097099054139,221.75999450683594,174.09973836837415,410.8828360715611,166.18829345703125,218.52000427246094,171.02660288050362,402.4960529094379,167.78093187309736,221.0500030517578,173.09762643748962,409.2839508985917,50901200,11521100,9017100,15855500
2024-04-18,165.23861694335938,220.33999633789062,172.98312377929688,396.5517578125,166.8213684176903,221.4600067138672,174.99688652001322,404.02630364117994,164.75391081370103,219.30999755859375,171.7615061943233,396.23788993068626,166.21794611620325,221.30999755859375,172.83997115716338,402.7903496970384,43122900,6496900,9557700,21029900
2024-04-19,163.2206268310547,221.02999877929688,177.32559204101562,391.5001220703125,164.60552308162337,222.36000061035156,177.40194495717884,397.73871452270663,162.31054999578998,220.0800018310547,173.1358222453055,390.1758898574742,164.41758473594675,220.49000549316406,174.08065863681227,396.31638549133476,68149400,8689000,13402300,30565800
2024-04-22,164.0515594482422,215.57000732421875,180.7709503173828,393.30499267578125,165.45624419964858,216.9600067138672,181.45811204263342,395.1589237744009,162.99310629576294,215.13999938964844,177.49738618697634,388.1944686964581,163.73501821268977,216.35000610351562,177.5069394038577,392.4417885622407,48116400,13404300,11529700,20286900
2024-04-23,165.1001434326172,215.0399932861328,183.3764190673828,399.7887878417969,165.24853488832454,215.86000061035156,183.46231063719642,400.40676483693346,163.14149999003314,213.8699951171875,181.83031255941904,395.3648819975192,163.56687071664174,213.9600067138672,182.41249080398302,396.52234656320184,49537800,10730300,9144400,15734500
2024-04-24,167.19728088378906,214.63999938964844,184.27357482910156,401.25030517578125,167.47426013692973,216.35000610351562,184.41672746658654,404.5952057239604,164.41758653276062,214.36000061035156,181.49629715923766,399.01383568119996,164.74401450706145,214.75999450683594,181.8398780520335,401.7407592748994,48251800,5741100,6964900,15065300
2024-04-25,168.05789184570312,215.9199981689453,184.5503387451172,391.421630859375,168.77012851479734,217.0500030517578,185.094347885253,392.25540884693,166.33665071301928,214.33999633789062,182.46022289146978,380.6218216022703,167.70177351115603,214.47000122070312,183.48142690000614,386.507271018032,50558300,6606500,9802300,40586500
2024-04-26,167.47425842285156,216.6199951171875,184.6648712158203,398.5626220703125,169.49225225997063,217.07000732421875,185.9819191199223,405.1150815807432,167.35554224826544,215.52999877929688,184.25447606565834,398.01331587991365,168.04800546826704,216.77000427246094,184.74122414056745,404.30094095620495,44838400,6268500,6413700,29694700
2024-04-29,171.6289520263672,216.17999267578125,184.4644317626953,394.57037353515625,174.1316669492416,217.22000122070312,185.3997295490782,398.5626776003093,171.2332717193323,215.25,183.65319472901302,391.5687964569437,171.50034913417457,216.02000427246094,184.65530678155278,397.51309850869376,68169400,6409900,5387800,19582100
2024-04-30,168.49317932128906,211.8699951171875,182.99468994140625,381.8969421386719,173.10292994793707,214.1300048828125,186.0964565277787,394.4820099813431,168.16673619853609,211.8000030517578,182.8992451443853,381.7400231834723,171.46082760714557,213.3800048828125,184.01587936793962,393.8247883748175,65934800,11248600,8153700,28781400
2024-05-01,167.47425842285156,213.7899932861328,183.10919189453125,387.3998718261719,170.84748833564953,215.5,185.5906107156563,394.05042796595137,167.28630498280754,212.41000366210938,182.08798801756038,382.85826224732904,167.75123767315736,212.9600067138672,183.50049513128624,385.11433904555116,50383100,10373900,7445300,23562500
2024-05-02,171.1640167236328,213.1300048828125,182.9183349609375,390.2445068359375,171.5498103000238,213.7100067138672,184.67440852887157,392.29460134045365,169.04709541575278,211.49000549316406,180.87594156798932,387.11540734616494,170.64962025703286,211.89999389648438,184.26402794452196,390.0679505478797,94214900,6287000,6501700,17709400
2024-05-03,181.40240478515625,212.9600067138672,181.82077026367188,398.8961486816406,184.98336128032037,213.22999572753906,183.74864146909349,399.37678414031285,180.69016817589636,210.7100067138672,179.86428309609008,394.1877711661832,184.63712970012278,212.88999938964844,183.2428161104816,394.59976579857647,163224100,8679900,8922800,17446700
2024-05-06,179.75042724609375,215.1999969482422,183.24281311035156,405.644775390625,182.21356516877455,215.91000366210938,183.43368812810877,406.0273140130064,178.47433028646978,214.47000122070312,181.16225065998637,398.6116505989638,180.38352481626606,215.13999938964844,182.98512382682264,400.95603550783153,78569700,6840500,7911100,16996600
2024-05-07,180.43296813964844,214.2100067138672,183.00421142578125,401.52490234375,182.9060078076493,214.92999267578125,184.13038419824304,406.7531590756513,179.36462828599997,213.8800048828125,182.90876663771533,401.27967532834964,181.47164781905605,214.52000427246094,182.9564890317483,406.743340415855,77305800,5660700,7688800,20018200
2024-05-08,180.7693328857422,213.5800018310547,186.72633361816406,402.7020568847656,181.09577596912635,214.8000030517578,187.6807232907595,404.3597941214035,179.49323582394607,213.5,182.28842746572758,398.9451617518151,180.87814724687024,213.6199951171875,182.28842746572758,400.3773092630151,45057100,4462700,9227600,11792300
2024-05-09,182.57957458496094,216.9499969482422,188.49195861816406,404.4480895996094,182.6686003878229,216.9499969482422,188.57785019283477,404.84044690561177,180.14609698041687,214.44000244140625,186.20142924996162,401.28956389363333,180.59124108896245,214.47999572753906,186.268228953762,402.73150019277335,48983000,7732500,7977300,14689700
2024-05-10,181.32154846191406,218.7100067138672,189.7040252685547,406.82183837890625,183.3422790564332,219.60000610351562,190.24801976902737,407.4496339664975,180.41023740048718,218.0800018310547,189.2268304675511,403.93796601015913,183.15407071820343,219.22000122070312,189.4845051748557,405.0562156749531,50759500,8700900,7529800,13402300
2024-05-13,184.52105712890625,216.25999450683594,189.66587829589844,405.8213195800781,185.33332156582821,217.30999755859375,190.7348047600813,410.36292908810583,182.87672798687535,215.8000030517578,189.0073470128049,402.9766919421273,183.68899242379732,217.05999755859375,189.73269257114907,410.0294239104783,72044800,4896300,7049200,15440200
2024-05-14,185.6602020263672,218.08999633789062,192.31906127929688,408.60711669921875,186.52199740854093,218.3800048828125,192.385875547787,409.51935413927424,184.53096697721375,216.97999572753906,189.121864553999,403.69275704643184,185.73944844741243,217.30999755859375,189.9235483988948,404.15378509704203,52393600,4662700,8596200,15109300
2024-05-15,187.92857360839844,220.88999938964844,192.89169311523438,415.75115966796875,188.84978484549154,221.19000244140625,193.44524086083933,416.46852499785643,185.6007573941714,217.64999389648438,190.65842482501571,410.0418061194269,186.13566691836786,219.05999755859375,192.79624832491854,410.6608977071615,70400000,9297700,8370000,22239500
2024-05-16,188.04745483398438,220.02999877929688,193.2352752685547,413.6973571777344,189.29556710780693,220.58999633789062,195.1535932389949,418.0506409370668,187.86916171755817,219.41000366210938,192.77717231019278,413.06845922359344,188.67151097089564,220.13999938964844,192.9966778539951,414.493323488297,52845200,4301700,8497900,17530100
2024-05-17,188.0771484375,223.66000366210938,195.44944763183594,412.930908203125,189.00827490956243,223.85000610351562,195.69759825802052,415.5939858480529,187.39366134142406,221.6699981689453,193.55976022547813,410.7886784280323,187.72054713149117,222.17999267578125,194.51414986383685,415.2205635959117,41282900,10481900,9260500,15352200
2024-05-20,189.2361297607422,224.55999755859375,186.65951538085938,417.9720458984375,190.10782534306233,225.66000366210938,196.4897309451442,419.37726753163014,187.22529890901677,223.02000427246094,186.48771768417754,412.7147152549324,187.54228461702792,223.7899932861328,195.06768523154884,412.9309055053418,44361300,5990900,17373300,16272100
2024-05-21,190.53378295898438,224.22999572753906,190.41983032226562,421.60791015625,190.91018461353585,225.2100067138672,190.78248849278148,425.46982504988637,189.11727756366656,223.6999969482422,187.6330142438508,417.4904895481765,189.28567056183377,224.77000427246094,188.01476428528767,419.4361715614018,42309400,4002600,14420800,21453300
2024-05-22,189.09742736816406,220.11000061035156,189.2650146484375,423.0622863769531,190.999311136132,223.24000549316406,191.77506416081215,424.91956115828395,188.47338639917342,219.74000549316406,188.6732977083887,419.7310254046841,190.45450146899057,223.08999633789062,189.92354585608186,422.6397422694005,34648500,8903100,9425300,18073700
2024-05-23,185.1154022216797,215.72000122070312,187.9384002685547,419.6033020019531,189.1964945447871,219.22999572753906,189.25546259056458,426.0889796466093,184.86776283091424,215.66000366210938,187.12717783768824,418.0506847119264,189.17667916140735,218.77999877929688,188.78780643900882,425.4698880093599,51005900,9537900,8069400,17211700
2024-05-24,188.18614196777344,215.9199981689453,191.55552673339844,422.70855712890625,188.78048261582597,217.2100067138672,191.6032345590776,423.59296088139126,186.26445766907554,215.74000549316406,188.5491910113652,417.05816150216543,187.03710655742805,216.9600067138672,188.73052734999675,419.7900037534496,36327000,4212400,7356200,11855300
2024-05-28,188.19606018066406,218.19000244140625,190.40072631835938,422.86578369140625,191.17763337385156,218.58999633789062,191.2692243545398,423.35712243524114,187.31446444482384,217.2100067138672,189.59904254472963,419.2102222377172,189.70169698060212,218.42999267578125,190.74430715889065,422.1877338257991,52280100,3809700,6910200,15718000
2024-05-29,188.4932098388672,216.16000366210938,189.0741424560547,421.7356872558594,190.43470949642946,217.16000366210938,189.91401004508248,423.4750155168305,187.72057607583483,216.1199951171875,187.90978586684102,418.31595899186647,187.81963788738682,216.9199981689453,188.9691590074262,418.31595899186647,53068000,4185000,6120000,15517100
2024-05-30,189.4837646484375,216.57000732421875,190.23849487304688,407.48687744140625,190.36536034504638,217.50999450683594,190.7347815795727,416.95003623481153,188.83000809203267,216.41000366210938,189.35090490632123,407.0643033400361,188.9587703074631,216.69000244140625,189.5036107487647,416.95003623481153,49889100,3068800,6829100,28394500
2024-05-31,190.43472290039062,215.3000030517578,193.38800048828125,407.93896484375,190.7517086279001,217.9600067138672,194.0274398758393,409.5308977885728,188.11682144814546,214.64999389648438,189.3032135067126,397.50293332640854,189.6323735603605,217.77000427246094,190.20988086032972,409.5308977885728,75158300,5617200,14417900,47995300
2024-06-03,192.19790649414062,217.22000122070312,192.61492919921875,406.35675048828125,193.14884852262287,217.82000732421875,193.18755426057615,409.2163453409128,190.7021698304424,215.5399932861328,190.10487971991847,401.83645840787784,191.07857147290113,215.9199981689453,193.0825708149027,408.3319416725267,50080500,6172600,6444300,17484700
2024-06-04,192.51490783691406,215.27000427246094,190.0762481689453,408.86260986328125,193.47575007895594,216.24000549316406,192.7676194373073,409.226195718034,191.20736433094334,214.1999969482422,189.2363806080914,402.58328662384173,192.80216293853442,216.24000549316406,191.0306378288864,405.2856495851976,47471400,5509400,6848300,14348900
2024-06-05,194.02053833007812,217.82000732421875,188.2628936767578,416.6651306152344,195.04081158591265,218.0800018310547,190.70614336889636,416.73389525429343,193.02998059705732,215.92999267578125,187.93840469676562,409.0886648755249,193.55497498638144,216.69000244140625,190.6488677581653,410.5725176189358,54156800,5479200,8351600,16988000
2024-06-06,192.6436309814453,219.42999267578125,187.9288787841797,417.1662292480469,194.64456149457678,219.97000122070312,188.98825193066074,417.9425528471417,192.3365605546928,218.10000610351562,186.42094131495605,413.29447761268017,193.8422122853953,218.36000061035156,188.26290644052494,416.66508413024746,41181800,5283900,7640300,14861300
2024-06-07,195.03089904785156,211.60000610351562,190.83021545410156,416.5078430175781,195.08042995429523,215.19000244140625,191.75597461770602,418.8957420228007,192.3068654552658,211.5399932861328,188.024307437637,415.67256118761725,192.8120444256859,215.07000732421875,188.42514935958465,418.81714102196315,53103900,12195100,6964500,13621700
2024-06-10,191.29649353027344,213.5399932861328,190.50572204589844,420.4582214355469,195.43703247512377,214.02000427246094,191.6796172589224,420.66457531575907,190.33565137548777,212.75999450683594,189.38908788285167,416.5471841383872,195.04080033594326,213.1300048828125,190.15260252915212,417.34315052242914,97010200,4215300,6070800,13982900
2024-06-11,205.1940155029297,214.14999389648438,185.4951934814453,425.1849060058594,205.2039307530545,214.3800048828125,188.91191055404266,425.3224952545953,191.80168667352532,213.24000549316406,184.7698625098068,417.88361916349896,191.82148694435384,213.9499969482422,188.88328002640114,418.1096457911631,172373300,4004100,9235300,14551100
2024-06-12,211.05813598632812,214.72000122070312,182.79425048828125,433.4197692871094,218.12080209568063,216.5500030517578,187.747535155726,435.7192312163597,204.94638168818946,214.1999969482422,182.58428359797037,425.74505981738713,205.41194501546696,216.47000122070312,187.06037343522323,427.7792095971262,198134300,5911900,12751300,22366200
2024-06-13,212.21707153320312,212.97000122070312,184.82713317871094,433.9307556152344,214.70336573665497,214.9600067138672,185.70517005199585,435.7094296372952,209.60200000148347,212.25999450683594,182.1739306851581,431.7590465451533,212.71235034689784,214.44000244140625,183.5482543347633,433.2134201697404,97862700,5861100,8587800,15960600
2024-06-14,210.48361206054688,215.72999572753906,184.94161987304688,434.903564453125,213.13829945342002,216.0399932861328,185.97236241283088,435.4636977946633,209.30484597389386,214.97999572753906,182.6892597815552,429.15489539650804,211.8307711431916,215.33999633789062,182.71789030520225,430.68786981308114,70122700,7076500,6874000,13582000
2024-06-17,214.62411499023438,214.61000061035156,186.08689880371094,440.6031494140625,216.88258512602053,215.24000549316406,186.65953844630556,443.12863803595843,210.71141546378874,213.60000610351562,183.85363041068777,433.0856717940259,211.35527186274084,214.89999389648438,184.6553142600554,434.9232741023748,93728300,3877700,8725400,20790000
2024-06-18,212.26657104492188,215.47000122070312,188.01475524902344,438.60821533203125,216.56560230529576,215.8300018310547,188.93097569239987,442.342407345055,210.9887584540523,214.0399932861328,185.2756616981407,437.1833511336776,215.5354139875743,214.3800048828125,185.7242259848272,441.9198332828194,79943300,4921400,9023000,17112500
2024-06-20,207.70010375976562,218.16000366210938,189.60861206054688,437.97930908203125,212.21705896960654,218.74000549316406,190.3530349090619,438.7949180914818,206.87795427864972,216.14999389648438,187.16537660256606,433.6260256081604,211.90997342693947,216.32000732421875,187.43260457060572,438.568891503835,86172500,7290500,8731100,19877400
2024-06-21,205.53079223632812,214.77999877929688,187.34669494628906,441.9886779785156,209.88923942625428,217.89999389648438,188.17700929825324,442.774807970896,205.15437552925596,214.25999450683594,185.36156268713378,438.77533339876635,208.40340309586463,217.8300018310547,187.73799820567726,439.63025801243765,241805100,8865600,20972100,34187100
2024-06-24,206.17466735839844,215.6300048828125,189.8090057373047,439.915283203125,210.69160779538842,215.94000244140625,190.14303335508282,444.9072720890794,204.63929998769706,215.1999969482422,188.11019343734003,438.67709986214254,205.75863496180304,215.5500030517578,188.78780188897784,442.0083612472025,80727000,4626900,9785900,15913700
2024-06-25,207.09588623046875,214.55999755859375,189.0359649658203,443.138427734375,209.38407188516823,215.30999755859375,190.94474426582192,443.60028735592437,206.64022308060072,214.1199951171875,188.72101463378038,439.01117026568124,207.1751175381149,214.9600067138672,189.05504227358247,440.4851865060809,55549700,3820900,6862500,16413400
2024-06-26,211.23643493652344,212.5800018310547,188.42514038085938,444.3274841308594,212.83123347896796,213.11000061035156,188.91188841939731,445.7425422004591,208.65107866870252,212.1199951171875,187.3275981156472,440.4262530619795,209.5029589171147,212.38999938964844,188.44423225132738,441.222219477512,66213200,4690300,7758600,16507000
2024-06-27,212.07839965820312,214.99000549316406,190.08580017089844,445.0054931640625,213.70291360533915,215.5,190.74433141255324,448.267989524247,210.34492376459474,214.4499969482422,187.91933141310852,443.9441847148766,212.66282504623206,214.7100067138672,188.43471002085207,444.3470860716105,49772700,4977800,7913500,14806300
2024-06-28,208.63124084472656,215.00999450683594,193.03485107421875,439.207763671875,214.0297919592074,215.80999755859375,193.35935463256504,447.4917286115272,208.31427026634478,214.82000732421875,190.20986578187188,438.6771093729576,213.7326216506115,215.63999938964844,190.88747429822308,445.2217457631377,82542700,3955100,15307600,28362300
2024-07-01,214.703369140625,215.57000732421875,196.07936096191406,448.8183288574219,215.4561875080808,216.0,197.6445594874765,449.4472268960843,209.91897391071575,214.49000549316406,193.416620106431,437.9400811658245,210.0873668962765,215.25,193.58840326228037,440.88811382009334,60402900,3797900,10205800,17662800
2024-07-02,218.1901397705078,215.55999755859375,199.30519104003906,451.3240966796875,218.29910171758146,216.0800018310547,199.33382156432344,451.6287242891569,213.068958487467,214.6199951171875,195.43037141669657,445.2609636362825,214.10903193760322,215.3300018310547,195.92664354617938,445.3494309967801,58046200,4921700,7802900,13979800
2024-07-03,219.45806884765625,217.99000549316406,199.1715850830078,452.7882995605469,219.45806884765625,218.74000549316406,200.78450597577336,453.03396893483153,216.96185912748342,217.3300018310547,198.17901165846095,449.94837718806366,217.92270133801432,217.33999633789062,199.9923607921085,450.25300481306164,37369800,5055300,5560900,9932800
2024-07-05,224.20281982421875,220.92999267578125,196.53245544433594,459.46063232421875,224.3117817727132,221.27999877929688,199.00842649532183,460.2369558495132,219.55710192478037,219.5800018310547,196.27335292204722,451.01943724833905,219.55710192478037,219.5800018310547,198.64375880499992,451.64833517582963,60412400,5950600,8093100,16000300
2024-07-08,225.66883850097656,218.19000244140625,196.89712524414062,458.1635437011719,225.69855401964364,220.0399932861328,198.55736401431693,459.598274429734,221.14198303770854,217.41000366210938,195.74551462114852,456.4143789671548,224.94572057418634,219.63999938964844,196.7723624234459,458.46817132419625,59085900,5790800,8707000,12962300
2024-07-09,226.5207061767578,218.55999755859375,199.25796508789062,451.57965087890625,227.23390886254342,219.2899932861328,201.30206944737745,459.23468742094946,224.23252052432466,217.27000427246094,197.16585925201633,450.0663190511327,225.77778797195694,218.57000732421875,197.33860892161442,458.9104170237532,48076100,3901500,9058900,17207200
2024-07-10,230.78012084960938,219.36000061035156,199.4210968017578,458.17340087890625,230.87918266211804,220.7100067138672,199.58424030901233,458.3797547644369,227.08534498663496,219.16000366210938,197.29061041180532,450.9113994976311,227.1348758928893,220.13999938964844,197.8280277635907,453.2305340754163,62627700,5556200,8328500,18196100
2024-07-11,225.4212188720703,223.25,199.085205078125,446.823486328125,230.19569903805672,224.14999389648438,199.70900458588088,456.72886266734906,223.63821202212716,221.47999572753906,197.09867916383936,443.7280281074878,229.2051413563895,222.64999389648438,197.89521368869632,454.9600551032178,64710600,9322000,10658100,23111200
2024-07-12,228.36314392089844,223.11000061035156,196.67642211914062,445.6933898925781,230.44332094014862,223.6199951171875,199.08520875553353,448.4547114032981,226.5207061684713,221.86000061035156,193.95093996868792,442.8436310012122,226.7584454352943,222.02999877929688,195.77432240821722,446.45987718044813,53046500,5179300,15443400,16324300
2024-07-15,232.1866912841797,223.8300018310547,201.58038330078125,446.09625244140625,234.98997105632398,225.58999633789062,203.07747876015205,449.33910606074033,230.88906326950251,223.02000427246094,198.38465354242032,443.61007966105154,234.24705286947437,223.38999938964844,198.83570341075963,445.4476817175394,62631300,5719300,10719700,14429400
2024-07-16,232.60275268554688,228.2899932861328,205.00640869140625,441.7331848144531,234.03905824310993,228.2899932861328,205.12158000845062,446.43038212668165,230.1362587163494,225.3000030517578,199.6897990400412,438.92274152217504,232.781045805997,225.4499969482422,201.5323790339862,446.3517811207802,43234300,11070700,11557000,17175700
2024-07-17,226.71885681152344,227.22999572753906,208.12538146972656,435.83709716796875,229.27449755440023,229.64999389648438,208.78756169090065,437.1440749862863,224.50000206743292,226.6699981689453,204.6705491521375,431.5722805813875,227.28346685481674,228.7899932861328,205.1791773653675,434.92321432561624,57345900,8620500,11572500,21778000
2024-07-18,222.0631866455078,225.77999877929688,201.51316833496094,432.74169921875,228.2640866473074,228.32000732421875,207.90462688521032,436.9475578488645,220.1712331922365,225.57000732421875,200.8030160361709,426.8751131633182,228.10559381010606,227.7100067138672,206.93535744424173,436.6429302135875,66034600,5485500,12415100,20794800
2024-07-19,222.19198608398438,221.72999572753906,201.3212432861328,429.53814697265625,224.65848009632384,222.67999267578125,203.78762269683403,433.49836608097274,221.1717129043359,221.41000366210938,200.49591964655664,424.51667935003445,222.6971801635164,221.52000427246094,202.68398424570762,425.5976305961669,49151500,8666000,8095900,20940400
2024-07-22,221.8452911376953,221.8000030517578,201.80111694335938,435.2671813964844,225.62921338494564,221.9199981689453,203.61490803175306,436.898429671943,220.98349573063444,220.39999389648438,201.2541080213492,431.306992206013,224.86647978572938,221.5800018310547,201.9738666221963,434.1371082507153,48201800,5334100,7663200,15808800
2024-07-23,222.88539123535156,222.5800018310547,201.8490753173828,437.1440734863281,224.7971755297642,222.75,202.95269915898984,440.6227600869156,220.577389891536,221.86000061035156,200.9085949784075,435.4243879336588,222.2514348874799,222.33999633789062,202.5112554797567,436.21051790501895,39960300,4435700,5557300,13107100
2024-07-24,216.47645568847656,221.8000030517578,200.1792449951172,421.47039794921875,222.67735606492835,224.8800048828125,203.4805398970385,433.83249840274334,215.0797809310421,221.74000549316406,199.6802229423339,420.18309274942834,221.88490694575157,223.47000122070312,201.10054238495405,432.82034171919196,61777600,6838800,7119000,26805800
2024-07-25,215.43637084960938,218.3300018310547,200.25601196289062,411.1521911621094,218.7646448818125,219.25999450683594,201.71472666285024,422.35470678866045,212.59346035218633,217.52000427246094,199.66101627259542,410.27762392778754,216.86276105080302,219.02000427246094,200.23681430218042,421.3720294531922,51391200,9777100,6403800,29943800
2024-07-26,215.9019775390625,220.6300048828125,203.68206787109375,417.9031982421875,217.41752971334827,221.0399932861328,204.56496989068702,421.48999466729276,213.9703778017031,219.6999969482422,200.20802348732903,410.0417792088543,216.63498061320394,219.9600067138672,200.8030338162583,410.9556919630689,41601300,6328800,8027800,23583800
2024-07-29,216.1793212890625,220.32000732421875,202.34812927246094,419.3379821777344,217.2293100492215,221.5500030517578,204.99683550482567,424.66407745687695,213.71282713597697,219.0500030517578,202.06022291940437,417.34314804369717,214.91140862229943,221.25999450683594,204.07553810374966,424.10394408211863,36311800,4665100,6533600,15125800
2024-07-30,216.73399353027344,222.52000427246094,206.51312255859375,415.593994140625,218.24954536257854,222.9199981689453,207.08892060425245,421.6177822082065,214.0792914541732,220.36000061035156,204.37304460068856,410.13027948455533,217.12031036763145,221.41000366210938,204.63214713164874,420.31083428857175,41643800,4939500,8850700,32687600
2024-07-31,219.9830322265625,226.5500030517578,204.21949768066406,411.1031188964844,221.70660788092644,226.60000610351562,207.66473846208044,414.47369536650564,218.5467267386139,223.63999938964844,204.09473484474648,405.0694649339739,219.34907597117163,223.72999572753906,206.11965617262393,413.21586942488864,50036300,7316600,9071600,42891400
2024-08-01,216.2981719970703,225.77000427246094,199.5746612548828,409.88458251953125,222.36038006072013,227.57000732421875,205.20796693510616,420.05530026736574,214.97082835556836,225.0500030517578,198.05836812142135,405.9342299111822,222.25141811315143,226.74000549316406,204.6033650548551,413.5008583778063,62501000,7217200,10918600,30296400
2024-08-02,217.7840118408203,225.33999633789062,191.1102752685547,401.4139404296875,223.46981835778237,228.75999450683594,196.41729340747878,407.8111808388244,215.6543188775265,222.8699951171875,188.95099978059565,397.335834619087,217.0807092384795,227.9499969482422,195.6591542348571,405.34465060644726,105568600,11109400,18041700,29437900
2024-08-05,207.2940216064453,222.47999572753906,187.04127502441406,388.3050231933594,211.48407659683002,223.10000610351562,188.26007043665874,394.09300828762184,194.14931622004067,220.24000549316406,183.2025622305336,378.90079195613237,197.210135996183,220.55999755859375,186.22555734183078,382.4286307082766,119548600,8939000,13927000,40709200
2024-08-06,205.2732696533203,220.6999969482422,192.2618865966797,392.687744140625,208.00721860156926,222.13999938964844,194.4307682439227,398.6427974223072,199.17144565753833,220.11000061035156,186.1775316040648,391.59698650264767,203.36150053141452,221.5,187.52107494379788,393.07100276300895,69660500,14362300,10605800,24946500
2024-08-07,207.83880615234375,220.5500030517578,192.31948852539062,391.5282287597656,211.62272838414273,222.30999755859375,197.4537723017031,402.9764167958112,204.441185671316,220.35000610351562,192.1275558309593,390.58486666117705,204.9463646139573,221.94000244140625,195.30408805090468,401.5613886423986,63516400,5287800,9204400,20650900
2024-08-08,211.29583740234375,224.00999450683594,195.83189392089844,395.71441650390625,212.1774330540979,224.25,196.64762609323657,398.82948747665125,206.85814362500793,222.52000427246094,193.65342072084405,393.01205329948556,211.0977289070064,222.72999572753906,194.30600938741946,395.4687471216862,47161100,6327100,7761200,20203000
2024-08-09,214.1981964111328,224.55999755859375,197.50173950195312,398.98675537109375,214.7330909034816,225.27999877929688,198.14472201831654,400.98158973460994,209.96851092003678,223.82000732421875,194.71866445703174,395.29190792260925,210.09728825409005,224.82000732421875,195.26568795748204,397.0312365091721,42201600,4441000,5540200,19276700
2024-08-12,215.7254180908203,228.41000366210938,197.87603759765625,399.7630310058594,217.68898821235913,228.5399932861328,198.78772889996102,401.6792641246606,213.81143620679725,225.97000122070312,195.44805308023797,397.23754263585204,214.27753840147545,226.13999938964844,198.0871679594775,400.008700380632,38028100,5561300,6936000,16762900
2024-08-13,219.43438720703125,228.05999755859375,199.55543518066406,406.8383483886719,220.04923895369578,228.8699951171875,199.69938101569318,407.762067699129,217.19312608520667,227.58999633789062,197.1178449883329,402.4752575998139,217.19312608520667,228.07000732421875,199.3538963680999,402.49490035510087,44155300,6740200,6387800,19414300
2024-08-14,219.88064575195312,226.1999969482422,201.76272583007812,409.6389465332031,221.1797757696837,227.47999572753906,202.26174789086065,410.48406481515934,217.87739912826086,225.35000610351562,198.76852024775556,405.3053649551057,218.7401920302427,226.5500030517578,199.36353061795853,407.61463319199424,41960600,5462500,6999800,18267000
2024-08-15,222.85577392578125,226.91000366210938,203.0198974609375,414.482421875,223.48055242779947,227.5,205.26554061728052,414.56116454959863,220.9120269929499,225.1199951171875,202.58804526064463,411.16483466760724,222.73677426147512,226.50999450683594,204.41142772567014,413.27153919674845,46414000,5273300,7001000,20752100
2024-08-16,224.17474365234375,231.99000549316406,205.34230041503906,411.96221923828125,224.94827173921567,232.02000427246094,205.45745708775618,414.787581998409,221.7946444270254,229.00999450683594,203.0582621159896,410.81040112271256,222.0624088054674,229.99000549316406,203.15423577226989,414.05909962624725,44340200,11924500,7931200,22775600
2024-08-19,224.01605224609375,231.61000061035156,206.7626495361328,414.974609375,224.11522871504155,231.77999877929688,206.83942554351694,415.19118926465836,221.18968933533225,229.74000549316406,205.19838414670022,409.9834478562735,223.84746435464618,230.14999389648438,205.37111918066995,412.44456931012445,40687800,5164800,6090800,15234000
2024-08-20,224.63092041015625,232.4600067138672,205.87013244628906,418.1938171386719,225.28544883578485,234.00999450683594,207.290451812223,419.2373304106215,223.57971634413767,231.1300048828125,205.0639917823852,415.08298552534507,223.8970689622142,233.7100067138672,206.33077379457382,415.14205004692775,30299000,9073600,5640000,16387600
2024-08-21,224.52183532714844,232.14999389648438,205.9468994140625,417.5440979003906,226.08872985229075,232.8699951171875,206.33076474687974,419.76893159636126,223.1830436738614,230.47999572753906,204.25785680520957,415.1617187597954,224.64085012661386,231.69000244140625,205.7837412719152,417.48500333716095,34765500,5337400,5202300,16067300
2024-08-22,222.6673583984375,229.3699951171875,207.89508056640625,409.0876770019531,226.44574924370923,230.3800048828125,208.05822409330662,420.1529016775488,222.04257986640772,228.25999450683594,205.6974094210733,408.1622927487291,225.90030886909642,230.35000610351562,205.92773744679954,417.76066831830366,43695300,5765400,5247100,19361900
2024-08-23,224.95816040039062,232.02000427246094,209.50729370117188,410.308349609375,226.32671693712516,232.72999572753906,210.35181499430405,412.73993890763575,222.46898849072514,230.52000427246094,207.7702789315898,405.68142906839694,223.78795679469894,231.0399932861328,208.825930548005,410.4953972510095,38677300,5418200,7214000,18493800
2024-08-26,225.2953643798828,232.75999450683594,210.3326416015625,407.0596923828125,225.39454085782168,233.5,210.82207214735465,410.7907614506505,222.0326640536948,232.05999755859375,209.25780684522277,404.94313363943934,224.87885041051024,233.4499969482422,210.17908959536388,409.89490950861074,30602200,3151400,5105200,13152800
2024-08-27,226.1383056640625,233.38999938964844,211.30191040039062,407.40423583984375,226.95151036486342,233.47000122070312,211.5322384088343,407.91613833509496,223.02435510684418,231.57000732421875,210.3518384830516,403.8700687036349,224.12514736512034,231.69000244140625,210.6589278507846,406.43946532338146,35934600,4435600,5185200,13492900
2024-08-28,224.61106872558594,231.75,212.3671417236328,404.21466064453125,227.95310672511408,232.02000427246094,213.25005838467985,408.54622911327857,223.8077756875659,230.72999572753906,210.35182667608916,400.975815861933,226.0291983356657,232.0,210.40940501408693,408.42810007077503,38052200,4961500,6506400,14882700
2024-08-29,227.8837127685547,232.9499969482422,213.25006103515625,406.6954345703125,230.98775191089825,233.61000061035156,213.98900257334432,415.48655408743093,226.9812734022471,231.9199981689453,210.1119097835547,404.2146347079457,228.1911537968638,231.9499969482422,213.19246805291826,408.4871383812944,51906300,5524200,6416100,17045200
2024-08-30,227.10025024414062,231.2899932861328,215.73561096191406,410.6529541015625,228.4886300006117,232.86000061035156,216.3881849537637,410.9974871196902,225.59285569982603,230.5500030517578,212.98132522560212,405.72085639315753,228.28038060324323,232.52999877929688,213.52834869835,409.1368946584357,52990800,5743000,8574100,24308300
2024-09-03,220.92193603515625,230.2899932861328,211.4170684814453,403.0726623535156,227.10024860517055,230.5399932861328,215.06384784728323,413.3503087826454,219.33520335446548,228.52000427246094,210.39981213405102,400.7001374742272,226.65398476754012,230.3800048828125,213.336424500989,411.41094371784055,50190600,6417900,8956100,20313600
2024-09-04,219.0178680419922,230.42999267578125,210.48617553710938,402.54107666015625,219.94014563997789,231.05999755859375,213.11569850429112,404.8446830658677,215.67581475954933,229.3800048828125,208.4516628819831,398.0815251485243,219.82114598403248,229.7899932861328,212.12721670145393,399.59758459335677,43840200,4696000,7389500,15135800
2024-09-05,220.5352020263672,232.35000610351562,208.85475158691406,402.03900146484375,223.60947620664672,232.88999938964844,211.89692943579365,406.67574622741506,219.68233574260833,231.3300018310547,207.31926075481468,399.8141378862011,219.79142381839864,232.72000122070312,211.2731298787107,401.28095677141835,36615400,4838100,8067900,14195500
2024-09-06,218.9881134033203,230.6300048828125,203.89321899414062,395.4530334472656,223.37144384512357,232.75999450683594,209.91999639189612,404.26383081056673,217.9468210396507,229.6199951171875,202.57845001745773,394.5670056307313,222.0921370424939,231.8300018310547,208.82596392525963,402.6985610672717,48423000,6315800,7777000,19609500
2024-09-09,219.077392578125,231.60000610351562,208.0677947998047,399.4105224609375,219.4344067184307,231.6199951171875,209.35375986693387,402.2949499033103,214.91223769602945,230.38999938964844,205.54383685302398,395.89603343829765,218.98814282610013,231.25999450683594,206.51312105129102,400.9068736495872,67180000,3548800,8935100,15295100
2024-09-10,218.2840118408203,232.6199951171875,197.2714080810547,407.7586364746094,219.6426417511051,232.74000549316406,209.82399812562028,409.8554868302287,214.9320468059923,231.1199951171875,192.52100489184315,401.3597203496137,217.10388142289187,232.38999938964844,209.78561744862617,401.8519446669211,51591000,4378300,28406900,19594300
2024-09-11,220.8128662109375,232.25,198.8740997314453,416.4611511230469,221.2392917639212,232.8699951171875,199.32514963525801,417.3963592828998,216.08243282408242,231.08999633789062,193.69184355782366,403.21045111442425,219.6228241682371,231.72000122070312,196.97394108692092,409.03840014283475,44587100,4637300,13658700,19266900
2024-09-12,220.92193603515625,236.3300018310547,198.2694854736328,420.359619140625,221.69546405563682,236.4499969482422,200.36157653556083,420.7238603737511,217.99641184157417,234.4199981689453,196.6284296106188,413.22236565404535,220.65417167969628,234.6300048828125,199.27713568329062,416.7270008247058,37455600,9930200,9054400,17395700
2024-09-13,220.65415954589844,238.67999267578125,196.0814208984375,423.8937683105469,222.18137718301287,238.97999572753906,199.46908315177689,425.11447510259467,220.0690577657977,237.75999450683594,194.83383653849526,418.84354159900835,221.72520177663733,238.1300048828125,198.51899663631963,419.20778281644255,36766600,7455100,10226700,15874600
2024-09-16,214.5254669189453,238.66000366210938,199.47869873046875,424.632080078125,215.4179946756504,239.27999877929688,199.8145919368192,426.7880250402565,212.14536768072225,238.0500030517578,197.30022525287094,421.5606050753592,214.74362792854853,238.72999572753906,197.53055327809923,423.9035976857479,59357400,4713500,8634900,13834700
2024-09-17,214.9915313720703,237.33999633789062,200.8126220703125,428.38287353515625,215.10061943149995,238.60000610351562,201.4651960832742,434.9786922694464,212.7205355758407,236.61000061035156,199.28673756042474,425.54765628869114,213.96016573653907,238.0800018310547,199.35390740598294,433.3838900790578,45519300,5257100,7573300,18874200
2024-09-18,218.85919189453125,235.50999450683594,199.1619873046875,424.11029052734375,220.86243852013078,240.2899932861328,202.81835838288768,429.2491133188561,215.7353147340035,235.3000030517578,198.36545275492742,423.71651710377296,215.745241460142,238.19000244140625,200.58230673818105,428.23513248274287,59894900,11081100,8259900,18898000
2024-09-19,226.9713134765625,239.1699981689453,201.99305725097656,431.8677673339844,227.9134444812765,239.52000427246094,203.36540464959074,434.63406555161,222.76649775953877,237.38999938964844,198.97966838098475,430.10559589287107,223.12351184232415,238.24000549316406,201.32128546025103,434.3682752397946,66781300,6108200,11635200,21706600
2024-09-20,226.30691528320312,242.2100067138672,202.57843017578125,428.5009460449219,231.15634864169297,242.6300048828125,202.89512568030523,432.409208323067,225.73172498083707,240.47000122070312,201.05254563504943,427.4672869965637,228.06223610833695,241.11000061035156,201.46520015567114,430.4206328981448,318679900,7737400,20885000,55167100
2024-09-23,224.59127807617188,242.67999267578125,202.91433715820312,426.7683410644531,227.54655270637463,243.4600067138672,203.25982185543435,429.6724465370328,223.93674959465505,242.58999633789062,201.52280686007273,423.6968661035608,225.45405599040325,242.97000122070312,202.49207645675105,427.52635570448473,54146000,5426200,7223500,15128900
2024-09-24,225.48377990722656,246.07000732421875,203.05828857421875,422.4958190917969,227.44736512534206,246.19000244140625,204.36345139466172,426.6108070315339,223.85738561877668,243.14999389648438,201.88748010395994,419.4735546779715,226.75316007712865,243.38999938964844,202.63602786120398,426.26624401276456,43556100,8386300,7323200,17015800
2024-09-25,224.4920654296875,245.72999572753906,201.7147216796875,425.3901062011719,225.40443143928672,246.47000122070312,203.68206451343198,426.384408985251,222.16156973744518,244.7899932861328,200.19842867858037,421.9051794925785,223.06400902085235,246.19000244140625,203.14463253149498,423.14556440453987,42308700,7393400,8976500,13396400
2024-09-26,225.63253784179688,246.97999572753906,201.3212432861328,424.6025390625,226.60440369502516,247.3699951171875,203.16382323049552,428.53047950890726,223.54004142995942,245.19000244140625,200.58228714937277,422.45644824495844,225.41436171300208,246.44000244140625,202.61681440246963,428.3237537072511,36636700,7041100,7807500,14492000
2024-09-27,225.90028381347656,245.02000427246094,202.01223754882812,421.3637390136719,227.61594290444046,246.75,203.87401538274102,425.1341945131492,225.41435845997736,244.19000244140625,200.88941594295318,420.82230422369577,226.56473891662026,246.30999755859375,202.1561834046356,424.8093096047705,34026000,8329600,7032500,14896100
2024-09-30,231.06707763671875,243.05999755859375,202.3577117919922,423.6082763671875,231.06707763671875,244.0800018310547,202.45368545325593,423.7264354508624,227.74486252768645,242.5,196.98350891876606,418.75495134014767,228.13162655878588,243.97000122070312,197.99117378793656,421.55078212730024,54541900,6916700,8663800,16807300
2024-10-01,224.33340454101562,245.61000061035156,198.6917266845703,414.1477355957031,227.74485413807125,246.97999572753906,200.6590695133516,421.81659955830685,221.88389405688537,245.05999755859375,197.87600917065313,412.2969671899716,227.615942887257,245.1999969482422,200.47672835038065,421.78706729834266,63285000,10605500,8540100,19092900
2024-10-02,224.89866638183594,245.66000366210938,198.93167114257812,410.6430969238281,225.48376819979168,246.07000732421875,200.52474033695253,416.24461251055664,221.16986421787885,243.99000549316406,197.39619493599187,410.22961524498584,224.01605029183685,245.61000061035156,198.73014693766058,416.00832438993655,32880600,6798800,5810900,16582300
2024-10-03,223.79786682128906,245.49000549316406,196.95472717285156,410.0622863769531,224.92840891217833,245.91000366210938,198.16393091884422,413.0254566537122,221.4673712198949,243.69000244140625,196.10061427209934,407.84727671300476,223.27226484855484,244.72000122070312,197.8568269060444,411.1353318978847,34044200,5674500,7251300,13686400
2024-10-04,224.91851806640625,245.0,203.94537353515625,409.5897521972656,226.10856009308668,246.69000244140625,204.37987213930614,413.22237055628017,222.27066963907552,244.0500030517578,199.78381659479555,408.51670664481577,226.00938361911108,245.0,202.09150201972523,411.73584330216534,37245100,5947800,10211700,19169700
2024-10-07,219.8509063720703,244.1699981689453,203.66534423828125,403.17108154296875,223.81772316941647,244.82000732421875,205.98269458084312,410.62333449191044,219.49389225502094,243.80999755859375,202.46806055788844,402.63947089552033,222.63759275105315,244.5800018310547,203.76190602752735,409.5306109841967,39505400,3849000,6718900,20919800
2024-10-08,223.8970489501953,242.3699951171875,203.49156188964844,408.2607116699219,224.10529834651464,244.0399932861328,204.0515878849043,409.19594995144206,221.39795026893304,240.6300048828125,201.20319174460775,401.82243880752753,222.4392426471427,243.7899932861328,203.32741862551052,404.5099645290717,31855700,7669800,6021800,19229300
2024-10-09,227.6357879638672,241.0500030517578,206.06959533691406,410.9679260253906,227.84405251552317,241.83999633789062,206.86136077091666,413.84252930935924,222.96486939830248,240.63999938964844,202.16874354804747,407.8570646785986,223.36154504729694,241.16000366210938,202.47771475974207,409.3928021729279,33591100,4120500,7024000,14974300
2024-10-10,227.1399383544922,242.82000732421875,205.50955200195312,409.3730773925781,227.59612897487835,243.02000427246094,207.41170420678253,410.85960430218415,225.28545621996582,241.50999450683594,204.18674102834692,406.72490841573625,225.89039642732237,241.77000427246094,207.41170420678253,408.77257820362894,28183500,4792700,7927100,13848400
2024-10-11,225.6622772216797,245.47000122070312,214.6341094970703,409.845703125,227.50684750397573,245.9199981689453,216.89352881613823,410.64310419410805,225.45401269675094,244.47000122070312,207.74968365741609,406.82343830885475,227.39775944467098,244.5,208.2421134569088,409.66850956364067,31759200,5789500,18320700,14144900
2024-10-14,229.38116455078125,245.07000732421875,213.8520050048828,412.6217956542969,229.80759005626183,245.86000061035156,215.99554718168815,417.4455877275933,226.703566469934,244.25999450683594,211.34156042358927,411.0269637053987,226.80272780199272,245.16000366210938,215.51276767760157,411.2730758524341,39882100,3922900,9048900,16653100
2024-10-15,231.91001892089844,245.9199981689453,214.73065185546875,412.22802734375,235.51982138099225,246.5500030517578,217.68525985149523,415.9098858066577,230.44228590022638,244.52999877929688,214.18029092153253,408.80216519233556,231.672004479983,244.99000549316406,215.95691583331498,415.61453317923247,64751400,5640800,9235800,18900200
2024-10-16,229.857177734375,247.14999389648438,215.93760681152344,409.6487731933594,230.1943535005289,248.08999633789062,215.97622268757254,409.8850312589263,227.93326933706737,246.36000061035156,213.42714760377535,404.09649835161355,229.67867825777722,247.6199951171875,214.6727269219523,408.71356498849764,34082200,5431900,6382500,15508900
2024-10-17,230.22413635253906,248.6300048828125,216.69073486328125,410.2394714355469,231.91004568892726,249.05999755859375,218.0714918044211,415.9295838303706,228.6076687095473,247.6199951171875,215.61896385393163,409.127039576057,231.49351658619665,247.75,216.54590691604216,415.7917465890575,32993800,5176200,6470200,14820000
2024-10-18,233.0504913330078,251.27000427246094,217.60801696777344,411.6571044921875,234.2206950473064,251.3699951171875,218.13907733966104,413.12392355721715,232.0686987091599,249.89999389648438,215.4162087479307,409.78665782313783,234.2206950473064,250.0,217.2507648690765,410.65297755440105,46431500,7833600,7000500,17145300
2024-10-21,234.51820373535156,251.22000122070312,215.3196563720703,412.2674560546875,234.88514457730523,253.13999938964844,217.92666271781536,412.4446496235521,232.5050454306036,250.72999572753906,215.22309457904748,407.3156799270225,232.5050454306036,252.74000549316406,217.46319852448005,409.6488187127166,36254500,9258600,5870000,14206100
2024-10-22,233.90335083007812,253.92999267578125,216.4010772705078,420.8616638183594,234.26036494372266,253.94000244140625,217.52112924082374,423.8838984262341,230.67040061866737,252.52000427246094,213.48509971320877,411.53893363879695,231.94969236544068,253.05999755859375,215.33897121583806,411.9819175179694,38846600,5756300,9586800,25482200
2024-10-23,228.84564208984375,250.8699951171875,215.7155303955078,417.9969177246094,233.18931106897517,253.17999267578125,217.05765675812557,424.37612597688815,225.87052966736016,250.1999969482422,214.86583379761672,415.95910173602493,232.1381071008503,253.0800018310547,215.95692013506684,424.1595460644349,52287000,8081000,6180500,19654400
2024-10-24,228.65725708007812,252.8000030517578,217.23146057128906,418.1248779296875,228.9051831435476,253.32000732421875,217.3087070595921,419.3554387186423,226.51517225997247,251.39999389648438,214.02581233964898,415.8310957950025,228.0721400698136,253.27000427246094,214.18995560232,418.71552307399537,31109500,5962200,6002200,13581600
2024-10-25,229.4902801513672,253.32000732421875,214.65341186523438,421.4917297363281,231.28526239164006,253.5500030517578,217.84940969268465,425.7937660019832,227.6655479946858,251.77000427246094,213.2726696126605,419.9363139175779,227.83413589840254,252.0,217.25076784703845,420.12336158504047,38802300,4424500,6369700,16899100
2024-10-28,231.46376037597656,253.3300018310547,217.73355102539062,419.95599365234375,232.78272881287972,253.6300048828125,217.868728693903,425.222800536086,230.62082086290692,252.9499969482422,215.27137266803004,419.67049509941035,231.38443735420992,253.00999450683594,215.65760510182318,424.9471560845272,36087100,4029100,6843000,14882400
2024-10-29,231.7315216064453,256.0899963378906,215.22308349609375,425.2326354980469,232.38605001867157,256.2900085449219,218.9404913371286,426.4336641349943,230.3927299983884,254.22999572753906,215.1361867268046,419.1782518516455,231.1662580738538,254.49000549316406,217.45353704067085,421.34405104712135,35417200,8875500,6580000,17644100
2024-10-30,228.1911163330078,257.5,216.68109130859375,425.8035888671875,231.5331542618632,257.7099914550781,218.5156474524891,431.68074872313076,227.64567605904836,255.91000366210938,213.94855766414204,425.3802831426112,230.68028814227299,256.760009765625,214.87548602178538,430.6372355196224,47070900,6386200,7110900,29749100
2024-10-31,224.035888671875,253.50999450683594,214.27685546875,400.03070068359375,227.92336713292326,255.60000610351562,217.91701709128074,409.6881391925744,223.5003599556127,252.1999969482422,214.18030840692387,399.981460227055,227.43742665071557,255.52000427246094,216.96110835965536,408.90056227484143,64370100,9930800,7829900,53971000
2024-11-01,221.06077575683594,252.47000122070312,215.26173400878906,403.98822021484375,223.4805363045207,254.86000061035156,218.3611702661073,409.0384470027673,218.44267740554844,252.44000244140625,215.02999453599656,401.162857168779,219.1368672842602,254.3300018310547,215.86037589692594,402.6493843637014,65276700,6473000,6923500,24230400
2024-11-04,220.168212890625,252.8300018310547,212.2105712890625,402.10791015625,220.94174084677013,253.5800018310547,216.0534922634922,404.0374512515174,217.88730565861934,252.27000427246094,211.6215796668568,399.26286901744754,219.15668564471403,253.32000732421875,214.9817211061429,403.42706781751014,44944500,4581400,8229600,19672300
2024-11-05,221.59629821777344,253.39999389648438,213.8616485595703,405.0612487792969,222.09215031274817,253.99000549316406,214.3154624265246,408.4477546696806,219.3054639601429,252.41000366210938,212.42296047781522,401.73380740675793,219.9599923572388,253.77999877929688,212.45192606649232,402.019305938334,28111300,6029900,5600700,17626000
2024-11-06,220.87234497070312,245.6999969482422,238.55099487304688,413.6456298828125,224.19455985797964,247.35000610351562,239.45862265494782,413.91145024796907,219.3550388628842,244.9499969482422,226.68428170878914,404.1358522419557,220.76325691115125,245.63999938964844,226.90635614480942,406.00632872643234,54561100,14600200,23987800,26681800
2024-11-07,225.5928497314453,249.64999389648438,228.23883056640625,418.8139953613281,225.98954046008802,250.24000549316406,236.14676076756385,420.2119257079772,222.70700223311508,248.1199951171875,227.11877864228583,413.35031719618456,222.76650205936048,248.2899932861328,236.07916456872846,414.7285393416903,42137700,8821400,16451100,19901800
2024-11-08,225.3248291015625,247.9600067138672,228.81817626953125,415.9689636230469,227.01257809039103,249.35000610351562,231.09689618425554,419.8673720771894,224.77878865400953,247.77999877929688,227.65950837276299,415.2207729945687,225.53330763226646,249.07000732421875,231.09689618425554,418.7057298172818,38328800,6267900,9502100,16891400
2024-11-11,222.61447143554688,242.13999938964844,231.048583984375,411.5094299316406,224.07388164377818,242.72999572753906,233.76181688441483,418.20366938728347,219.90414468405433,241.05999755859375,230.76857838445073,409.5306783384117,223.37892800863307,242.72999572753906,231.734137289825,415.94927334689254,42005600,11653800,9017100,24503300
2024-11-12,222.61447143554688,240.0500030517578,231.309326171875,416.4512939453125,223.96467356190874,241.66000366210938,233.14389722674903,417.8393700894335,221.75074442821315,239.38999938964844,230.53687597683657,410.71197177263014,222.9321731823864,241.2899932861328,232.26523494572703,411.7456307950881,40398300,10145500,6861000,19401200
2024-11-13,223.49807739257812,237.6300048828125,232.85418701171875,418.58758544921875,225.0170530189228,241.47000122070312,235.68326750644812,422.65333320998997,221.15507983350162,237.58999633789062,232.03345605640476,411.70626883397995,222.39607398240116,241.30999755859375,232.29416108376773,415.0829505962656,48566200,8431700,11472600,21502200
2024-11-14,226.5757598876953,237.00999450683594,233.5397491455078,420.2513122558594,227.22107081675753,237.99000549316406,235.87640014281013,421.51140536702854,223.37895759377815,236.1300048828125,232.7479984317867,413.4684464166278,223.39881774279925,236.57000732421875,234.07080953881766,418.39068982634956,44923900,8262400,10172200,30246900
2024-11-15,223.37892150878906,236.58999633789062,236.8612823486328,408.54620361328125,225.28508648780175,237.8800048828125,237.93305345699474,416.2248913266483,222.65418524957263,236.3300018310547,233.14388893789499,407.2073678244848,224.76882873863602,237.57000732421875,233.14388893789499,413.2912534776132,47923700,7299500,11518800,28247600
2024-11-18,226.377197265625,241.08999633789062,236.5908966064453,409.2944030761719,228.08480645929455,241.5,239.3910115292734,411.8933320342017,223.5477244921184,240.4499969482422,234.3218272931725,405.6913172118432,223.6271499370396,240.4600067138672,239.2268682839051,408.4182293083614,44633700,6323400,9051400,24727000
2024-11-19,226.63528442382812,243.25,234.7177276611328,411.2928161621094,228.5017442258817,243.30999755859375,236.70677679200912,411.4404774532615,225.02696106605572,242.02999877929688,233.2307733224933,405.149836063281,225.34464764897942,242.75,233.90666165823853,406.6855735772408,36211800,6579100,6792700,18133500
2024-11-20,227.35011291503906,244.6199951171875,232.48728942871094,409.028564453125,228.27340522879027,245.2100067138672,236.1853820806055,410.8005900683197,224.26251907255318,243.50999450683594,230.42099380614764,404.19491792354364,226.4168829534927,243.74000549316406,235.9826082126915,410.3871084118776,35169600,6630700,9015300,19191700
2024-11-21,226.8736114501953,246.66000366210938,236.3302001953125,407.26287841796875,228.50179531746866,246.80999755859375,237.0350688275059,414.0790385036892,224.08385877049426,245.69000244140625,233.77147490470944,404.71793020151534,227.23101840393122,246.22999572753906,234.85289619986844,413.80284233986384,42108300,7646400,8783500,20780200
2024-11-22,228.21385192871094,249.83999633789062,239.98968505859375,411.3367919921875,229.05773399756174,250.38999938964844,240.5690116009233,411.73135363774225,226.41689485035167,247.86000061035156,234.65979541625032,405.4774597411712,226.41689485035167,248.1999969482422,235.219821387118,405.7832472742104,38168300,7503000,7997300,24814600
2024-11-25,231.19224548339844,242.47999572753906,241.66976928710938,413.10247802734375,231.56951255942457,244.39999389648438,245.5513208118169,415.36135617252853,228.08480637706975,241.47999572753906,240.48213577529464,409.2159842267064,229.79241557012372,244.27000427246094,240.9938808955588,412.69804256956826,90152800,10733100,10295400,27691100
2024-11-26,233.366455078125,242.9499969482422,241.3607940673828,422.17755126953125,233.87279036398945,243.08999633789062,242.3553186985206,423.21330950979313,231.6489234928732,241.5800018310547,239.78692811975665,413.161695275106,231.6489234928732,242.7100067138672,241.86288889278865,413.891635863064,45986200,4945900,6212100,23458900
2024-11-27,233.2373809814453,243.49000549316406,241.1869659423828,417.2454833984375,233.99191506726265,245.17999267578125,242.53875732525523,421.4279216336492,232.12545514826604,243.1999969482422,240.20210641192003,416.28865548862075,232.78070364946953,244.85000610351562,240.76213237626226,419.33668746447955,33498400,6930600,5472300,18332400
2024-11-29,235.62010192871094,245.58999633789062,241.119384765625,417.7090759277344,236.0966394139658,245.80999755859375,243.09878358106323,419.10980447039015,232.28430923421996,244.72999572753906,240.8586797210085,412.1259395107062,233.11825362062933,245.25,241.25456243074825,414.384847961252,28481400,2708500,5494800,16271900
2024-12-02,237.8638153076172,243.44000244140625,237.76890563964844,425.126953125,239.0551666028684,244.5800018310547,241.63114167034325,427.1195090506518,235.45133007089746,243.13999938964844,236.59092247162565,415.58826631722377,235.5605381566453,244.4600067138672,240.9552533116239,415.84474493949193,48137100,4765000,8899700,20207200
2024-12-03,240.90176391601562,243.92999267578125,236.38816833496094,425.3439636230469,241.01097200063165,245.17999267578125,240.46281387900356,426.5967051479557,237.17878168890522,243.3000030517578,236.20470976229734,421.93093157664276,238.08222901174219,244.9600067138672,239.68071342355267,424.00241788094525,38861000,3557800,6657700,18302000
2024-12-04,241.25918579101562,244.6699981689453,235.0170440673828,431.4794921875,242.35126670496282,245.33999633789062,236.89989581875426,433.698935348809,239.5118714775545,244.3699951171875,233.8873418565162,426.754535872994,241.12019505186365,244.92999267578125,236.2722736572103,427.1490975254907,44383900,4608600,7346300,26009400
2024-12-05,241.28895568847656,242.86000061035156,237.02542114257812,436.6088562011719,242.77814859306412,244.3800048828125,238.66686850941545,438.6211597736825,240.38552350615552,242.14999389648438,236.19503980642355,430.2464705000807,242.2321233137982,244.16000366210938,236.93852436784667,431.97270407918,40033900,4806200,6572500,21697800
2024-12-06,241.0903778076172,242.9499969482422,238.84068298339844,437.54595947265625,242.86748966267425,243.86000061035156,239.20760013056864,440.04159877439776,240.33585892461636,242.44000244140625,236.40747009501496,435.7703869006791,241.1598807416467,242.7899932861328,237.2378514526948,436.2931878578621,36870600,3540700,5519700,18821000
2024-12-09,244.9722442626953,245.36000061035156,235.41293334960938,439.96270751953125,245.4587194212017,247.11000061035156,239.3331004642951,442.2413336019405,240.00826768189094,245.25999450683594,235.36465245379455,434.51768404131514,240.08769312504634,246.27999877929688,238.61859624597477,436.5891705079944,44649200,4711500,7076500,19144400
2024-12-10,245.9849090576172,248.58999633789062,234.4956512451172,437.3092346191406,246.4217414371147,248.86000061035156,239.42000786865495,443.5138201555157,243.57240847043047,247.8300018310547,233.87769409575165,435.60274857576576,245.11124429862218,247.86000061035156,235.49017580217017,438.3548667232301,36914800,4642000,9108300,18469500
2024-12-11,244.71408081054688,250.9600067138672,235.142578125,442.8923645019531,248.9930254628331,251.25999450683594,235.85709707692163,444.23391032066826,244.48572701996216,248.97000122070312,233.8390676036829,438.0194510528632,246.1734908859981,249.35000610351562,235.59639202600604,438.0194510528632,45205800,11033800,7884400,19200200
2024-12-12,246.1735382080078,247.27999877929688,233.21145629882812,443.45458984375,246.94791735826738,248.24000549316406,235.692949917877,449.96496224230685,243.90995090472455,246.8699951171875,232.73832710066324,443.0106891858234,245.11123992691697,247.80999755859375,234.63082916006218,443.0106891858234,32777500,10149600,6113800,20834800
2024-12-13,246.34228515625,244.2899932861328,231.6762237548828,441.1956787109375,247.49391610940148,245.94000244140625,234.3604765375674,445.2991859531554,244.46590277835176,244.27000427246094,230.9037736251097,439.5286279530639,246.0345210589055,245.6699981689453,233.7328690945859,442.34980235220513,33155300,6602600,10392700,20177800
2024-12-16,249.2313232421875,244.8800048828125,231.32861328125,445.45703125,249.56888515433104,245.5399932861328,232.38106899290696,446.039014950384,245.86574781090837,244.2899932861328,229.33956421642742,439.23272866925197,246.2033097230519,245.41000366210938,232.32313781366128,441.19569319284585,51694800,3310000,9032000,23598800
2024-12-17,251.6537322998047,243.94000244140625,230.15065002441406,448.2880554199219,252.0012166921119,244.5500030517578,230.78792251755053,449.1068002031095,247.98039295462073,243.22999572753906,228.4802370347638,443.4644812477741,248.2782345553336,243.8000030517578,230.43065565931622,444.8849272856994,51356400,4421300,8083600,22733500
2024-12-18,246.26287841796875,239.25999450683594,222.43582153320312,431.4499206542969,252.4479889260113,243.7100067138672,230.83619659782678,446.50265760588917,245.95511429725673,238.82000732421875,221.6247555113085,431.08492025325205,250.34326772719038,243.57000732421875,230.76860039603835,445.1907332778121,56774100,8015800,11322400,24444500
2024-12-19,247.9903106689453,239.60000610351562,224.93661499023438,431.09478759765625,250.18439476471843,240.0500030517578,228.21950946148152,437.1612597390131,245.30976661195103,238.72999572753906,224.27037697069503,430.39443838506674,245.71681628677703,239.6699981689453,224.27037697069503,435.6224481744677,60882300,8111400,11790800,22963700
2024-12-20,252.65647888183594,242.10000610351562,229.4168243408203,430.6706848144531,253.16279902630112,242.9600067138672,230.97137492047273,437.71370316583733,243.919877297432,241.1699981689453,223.61380532033132,422.80892156271733,246.2529371403228,241.41000366210938,223.93244155838863,427.22806088809443,147495300,9527800,32348400,64263700
2024-12-23,253.4308624267578,240.9600067138672,230.17962646484375,429.3389892578125,253.80811434244586,241.6699981689453,230.40170092597464,431.70638949616176,251.6239676953758,240.64999389648438,226.79051942786361,426.9518413679703,252.93446477293034,241.60000610351562,227.939537080267,430.80874434392524,40858800,5835500,8611500,19152500
2024-12-24,256.33978271484375,241.44000244140625,233.96458435058594,433.3634948730469,256.34969006633503,241.66000366210938,234.13839262104892,433.629847299066,253.4507293352449,240.82000732421875,230.836182814854,428.29331629516184,253.64930053302467,241.49000549316406,231.1837698892596,428.7470606574343,23234700,2421000,3729100,7164500
2024-12-26,257.1538391113281,243.07000732421875,234.76600646972656,432.16009521484375,258.2260750496306,243.55999755859375,234.88186883103566,434.9516783695283,255.77386933789322,242.1999969482422,232.4969370056862,430.7002140852734,256.32983230675023,242.38999938964844,233.11489415476902,433.1169230295789,27237100,4645100,4451800,8194200
2024-12-27,253.74855041503906,241.39999389648438,232.86386108398438,424.68304443359375,256.8361595932908,241.9499969482422,235.0074032318014,429.30935275325726,251.23677948504655,241.0500030517578,231.77277470486047,420.5598195240772,255.9724022209019,241.1999969482422,234.3604804730654,428.69777768381334,42355300,4728100,5730200,18117700
2024-12-30,250.38296508789062,240.6300048828125,231.07757568359375,419.06048583984375,251.67360197393796,241.0800018310547,232.54521468407714,421.7435474622816,248.9434149702759,239.5800018310547,228.94368391501692,416.17028459927946,250.4127477342041,241.0800018310547,230.54651531283838,420.2737923808389,35557500,3522500,5723800,13158700
2024-12-31,248.6157989501953,242.1300048828125,231.4541473388672,415.7757263183594,251.4551941340452,242.52000427246094,233.12456023279114,420.93470998738326,247.63292614272083,241.0500030517578,230.79755957752477,414.9471377359365,250.6212497119267,241.0500030517578,231.78243385290807,420.31326102478425,39480700,2522100,4871000,13246500
2025-01-02,242.09315490722656,245.4199981689453,231.7341766357422,412.8953552246094,247.305330553937,245.52999877929688,234.90120920443636,420.2836558558519,240.07778153574023,244.0800018310547,231.20311620096618,409.21603069875914,247.13654201152733,244.22000122070312,232.62248921152107,419.7509810335182,55740700,6241900,9220900,16896500
2025-01-03,241.60665893554688,243.49000549316406,234.9011993408203,417.6005554199219,242.42074318433572,244.82000732421875,236.446099680159,418.2713132207811,240.14724866814672,243.36000061035156,231.98520694861776,413.8423008464514,241.60665893554688,244.55999755859375,235.49019093770127,415.36136467137544,40244100,4872100,9491100,16662900
2025-01-06,243.23484802246094,243.19000244140625,233.75596618652344,422.0394592285156,245.54806288478193,243.7899932861328,238.4534043913479,428.4215926337743,241.4478134561986,242.0500030517578,233.49391466904717,419.7016505493917,242.5498168429892,242.3300018310547,236.52201288218131,422.1874160873605,45045600,3758900,9917800,20573600
2025-01-07,240.4649658203125,244.55999755859375,236.00759887695312,416.6338806152344,243.78089861816605,245.77000427246094,238.03603585964578,424.801430542522,239.61116122247878,243.80999755859375,233.8044559653357,415.0851952170159,241.22940732447114,245.52000427246094,235.00793797890452,423.1738448521772,40856000,5090300,8753400,18139100
2025-01-08,240.951416015625,245.86000061035156,235.96881103515625,418.79412841796875,241.9541489627904,246.4499969482422,237.05581761953607,421.171402275518,238.32051453305579,244.50999450683594,233.41627077788505,415.81515330470927,240.17703689438372,245.72000122070312,235.59999888287567,417.70906128958796,37628900,6303300,8675300,15054600
2025-01-10,235.14353942871094,248.2100067138672,232.80479431152344,413.2603454589844,238.4296889806259,249.0399932861328,236.62874677173156,418.9420997125399,231.32127200767005,247.5500030517578,231.70808773150114,409.383695034764,238.2807606174901,248.00999450683594,235.9299526770056,418.8631994200863,61710900,12380100,10256800,20201100
2025-01-13,232.71121215820312,245.74000549316406,237.01698303222656,411.5242614746094,232.9792711307645,246.7899932861328,237.3372500960213,412.81646832203865,228.06493742769467,245.14999389648438,231.96043318189513,406.69081302742603,231.84748509521594,246.33999633789062,232.61069705427852,409.6007318390263,49630700,8448600,10005300,17604800
2025-01-14,231.5992889404297,247.02999877929688,240.18096923828125,410.02490234375,234.41882398797216,247.0399932861328,240.4236056871978,414.03960580749714,230.79512716232853,245.52000427246094,235.0564886219116,405.1421150215387,233.05869925952226,245.6199951171875,235.51264633062303,412.1358238822972,39435300,4914800,12407400,16935900
2025-01-15,236.15621948242188,248.8800048828125,244.91722106933594,420.5203552246094,237.2383779015073,248.89999389648438,246.19833373301464,422.3353628905166,232.74100113522098,247.00999450683594,236.50257655181815,412.58953664498,232.94949481929564,248.2100067138672,243.0246450469622,413.43787278736687,39832000,6345000,18448500,19637800
2025-01-16,226.6154327392578,250.60000610351562,246.7806854248047,418.8138427734375,236.29518618874627,251.38999938964844,249.46910144518222,423.6571645662551,226.38709407905125,250.27000427246094,244.89782419787434,418.6264508238549,235.63995285298606,250.55999755859375,246.51863391142942,422.8779150872359,71759100,9236000,15292300,15300000
2025-01-17,228.32305908203125,249.27000427246094,251.5266571044922,423.20343017578125,230.6164138035219,250.80999755859375,252.9436457019137,428.57942688248704,226.833866130533,249.14999389648438,244.71342133292043,422.3551241092644,230.44764042021458,249.6999969482422,246.65451296396108,428.1947089431654,68488300,8312900,17678100,26197500
2025-01-21,221.0359649658203,253.1300048828125,255.28262329101562,422.6806335449219,222.80313954764958,253.36000061035156,256.4666901787651,425.0480336398343,217.79945744885498,251.8300018310547,251.85659830232555,419.82002384260585,222.3861673018213,251.9499969482422,252.409816435987,424.3575582513444,98070400,7668100,13712100,26085700
2025-01-22,222.21737670898438,254.42999267578125,255.09825134277344,440.1402893066406,222.5052806842356,254.67999267578125,255.62235436148842,441.1957350447454,218.2064751614249,253.77999877929688,252.5845413063042,430.0788007344463,218.2064751614249,254.2899932861328,255.1564817205521,431.61761238386987,64126500,5213800,9021900,27803800
2025-01-23,222.048583984375,254.07000732421875,258.11663818359375,440.643310546875,225.39429904989126,254.5399932861328,258.99980869731013,440.68277574358376,220.69838187044374,252.82000732421875,256.03965618936724,435.50407496539947,223.12080464680741,253.19000244140625,256.8937411358266,435.9972845633218,60234800,6511500,10749700,18389300
2025-01-24,221.17494201660156,255.64999389648438,257.0393371582031,438.0293273925781,224.00441476166836,257.07000732421875,259.2327800677332,440.5841496239721,219.8148172645265,255.61000061035156,255.26325143834285,435.40544858930485,223.16053267311034,255.9600067138672,255.92321545084891,439.11439458237174,54697900,7341300,7666300,15549500
2025-01-27,228.2039337158203,252.99000549316406,258.01959228515625,428.6583251953125,230.47742834163907,254.25999450683594,258.13605303558734,429.28964793288844,222.36629236472388,251.9199981689453,254.535336614133,417.74853125025015,222.40601266103107,253.86000061035156,256.3890825417096,418.2516146753107,94863400,5799800,7522300,35647800
2025-01-28,236.5433807373047,255.17999267578125,259.2716064453125,441.1266784667969,238.4594833656038,255.25,259.4559828890109,442.29064589853647,229.14705946957608,253.88999938964844,257.02961850864546,425.52151949148305,229.1867797612423,254.22999572753906,258.0195941318063,428.69779052094407,75707600,5332000,7375400,23491700
2025-01-29,237.63546752929688,254.1999969482422,258.72808837890625,436.3227844238281,238.1318651456976,254.82000732421875,262.7073321141327,440.81100977301065,232.3240069742682,253.3000030517578,257.7866577607091,434.41900262341227,232.43321505583046,254.5500030517578,259.3395369767374,440.6235877197962,45486100,5671800,7684900,23581400
2025-01-30,235.87823486328125,258.04998779296875,260.32952880859375,409.3540954589844,239.05517683623282,258.2900085449219,261.75623241914985,417.1172097708342,235.50098294542886,256.45001220703125,258.76693455955166,407.54896156269734,236.95045561956258,257.20001220703125,260.71774123201044,413.0827588425547,55658300,12981200,8753500,54586300
2025-01-31,234.29966735839844,258.55999755859375,259.4268493652344,409.42315673828125,245.40904807772534,259.989990234375,262.8431891272981,414.976701732093,231.7581140684966,257.8599853515625,259.09686738707205,409.27519987674,245.40904807772534,259.0799865722656,261.3000250446993,413.2899333042713,100959800,8961100,7193800,34161900
2025-02-03,226.3672332763672,259.94000244140625,258.9512939453125,405.33941650390625,230.15971829856622,261.3900146484375,260.2712514893426,409.7684293585694,224.0738787357251,259.5199890136719,253.99181967172157,403.11009933813943,228.33297872450572,259.75,254.11796573208338,406.0101743775102,73063300,11521100,8381400,25679100
2025-02-04,231.12274169921875,262.5,260.0480041503906,406.7696838378906,231.45036595591674,262.5400085449219,261.8920349639185,408.29865167160733,225.01704170433482,261.3500061035156,258.97068307584,404.1753965052981,225.61272492539547,261.8299865722656,261.8920349639185,407.0853452090854,45067300,9850400,5626000,20532100
2025-02-05,230.79510498046875,264.1300048828125,262.4646911621094,407.6771545410156,230.99366099381652,265.989990234375,262.66852710369653,408.2097991758985,226.62536810475493,263.8900146484375,260.4265390771867,404.8263889185779,226.88348940722173,264.45001220703125,260.98947222246505,406.7499181872424,39620300,12681100,5704400,16316700
2025-02-06,231.53973388671875,263.42999267578125,268.7441101074219,410.1728210449219,232.11555701043588,263.7200012207031,268.8217703532776,412.5205034548323,228.7698263631288,261.489990234375,263.20230221236784,408.37753095462284,229.62363097431557,263.6600036621094,264.4251993255983,408.37753095462284,29925300,8731400,7264400,16309800
2025-02-07,225.989990234375,263.8999938964844,267.6764831542969,404.1852722167969,232.31409120281862,266.3500061035156,270.3454837389774,412.96439718513943,225.62264568638093,263.260009765625,266.61859193134063,402.5576865372201,230.9241838961893,265.2200012207031,269.10318646976515,410.82388435232116,39707200,9154000,6857900,22886800
2025-02-10,226.25833129882812,268.3699951171875,263.0567321777344,406.6217346191406,229.1803610121675,268.6600036621094,268.0453220031556,409.81772327895646,225.81108525741098,267.239990234375,261.64942897239877,405.3394016663598,228.16660736242451,268.0,268.01620681498275,408.0914896331453,33115600,13250300,8627400,20817900
2025-02-11,231.19793701171875,267.3900146484375,266.8903503417969,405.85235595703125,233.7919821040532,268.3599853515625,268.0841322055861,406.8880841725034,226.7353950927951,266.7099914550781,261.7173548361182,403.74140422239867,226.8049592810601,267.70001220703125,262.29968817500816,404.0768132724711,53718400,7169500,7196400,18140600
2025-02-12,235.42198181152344,267.6700134277344,267.3368225097656,403.4848937988281,235.5114431570428,268.42999267578125,268.3073682010428,405.17166210079324,229.2698195612854,266.3500061035156,265.20161014147436,398.87830316572246,229.7866449882993,267.1499938964844,266.0071500330046,401.6797299133385,45243300,9328600,6683900,19121700
2025-02-13,240.05349731445312,270.30999755859375,268.1811828613281,404.9645080566406,240.85854326211725,270.3900146484375,268.812031614192,405.41825241635894,234.12993999243653,268.2200012207031,265.74510378599365,400.8412533167097,235.46174477414044,268.3999938964844,267.3853283146615,401.4725759938153,53614100,8347500,8398700,23891700
2025-02-14,243.10470581054688,266.2900085449219,268.4432373046875,402.8831787109375,244.04889519264196,270.2099914550781,271.0054922240324,403.3566707547541,239.51677402617887,265.45001220703125,268.30737630553097,400.3678218416371,239.77517912233392,270.07000732421875,269.20026178200214,402.25188608897315,40896200,11546700,5688600,22758500
2025-02-18,242.97552490234375,270.70001220703125,271.7043151855469,404.0767822265625,243.6811760890431,271.010009765625,271.7237154392855,405.0237362453633,240.3615975750387,269.6000061035156,267.8900475882826,400.9794114377888,242.65747382373942,269.67999267578125,268.6082716385242,402.4590402622825,48822500,8185900,7919800,21423100
2025-02-19,243.37306213378906,270.8500061035156,271.02490234375,409.1370849609375,244.50609250836237,271.3299865722656,271.9954480996811,409.8473079963777,241.6735241546838,269.239990234375,269.0546956439582,402.11378500109834,243.16435439309654,270.67999267578125,270.18053227508295,402.34067225656025,32204200,9342500,7007200,24114200
2025-02-20,244.3271942138672,270.989990234375,258.94158935546875,411.3017272949219,245.27138364211797,271.8399963378906,270.52990776080935,414.4448231183109,242.7966000469895,270.1700134277344,257.9128132494212,407.75338500421714,243.4426355672204,270.2300109863281,270.47167738640707,410.4714772753562,32316900,7356900,13846700,23508700
2025-02-21,244.04891967773438,270.739990234375,256.45703125,403.4736022949219,247.16972378813352,271.510009765625,261.2709600914064,413.1994268757111,243.72093519653038,269.510009765625,255.09827295553427,403.1573381232245,244.44646835255205,270.79998779296875,260.41687498668233,412.49767332735263,53197400,8917400,12835600,27524800
2025-02-24,245.58944702148438,272.2099914550781,253.64239501953125,399.31243896484375,247.33868242018207,272.32000732421875,259.13568691818347,404.62012670611466,242.92582237394555,270.3800048828125,250.99279474898321,394.6867476536957,243.43269920852308,271.45001220703125,257.6701535179273,403.77011965609864,51326400,5374400,10372800,26443700
2025-02-25,245.52978515625,268.6199951171875,249.81845092773438,393.2831726074219,248.4716967182176,271.67999267578125,255.25351263379156,397.2565479767241,243.41281661275679,266.45001220703125,245.88775278979048,392.0971142682963,246.48392314447185,271.4599914550781,254.50620312645628,396.4460551720573,48013300,10079800,9608400,29387400
2025-02-26,238.89064025878906,269.0299987792969,251.1675567626953,395.09197998046875,243.48239258336395,269.0799865722656,253.22510912697214,398.9170718958632,237.66816369812489,266.6600036621094,249.36232616658907,389.6755530638089,242.83637220684057,267.0799865722656,249.58556236411243,393.3919357776839,44433600,7276000,5943600,19619000
2025-02-27,235.84934997558594,264.92999267578125,251.41983032226562,387.97552490234375,240.9778097055873,266.6700134277344,255.87466077027509,401.03224256641477,235.61081167459415,264.45001220703125,250.26487866814492,387.6197164134029,237.94645181292123,266.489990234375,252.51655160884258,396.61410618114576,41153600,9374600,8204400,21127400
2025-02-28,240.36158752441406,263.2699890136719,256.8549499511719,392.38372802734375,240.61005923211764,263.3999938964844,257.0102408394051,393.01631660620876,228.7927454203557,261.25,250.2940802308907,382.0846478468725,235.5014815283524,262.55999755859375,253.05042685493686,388.10398215130573,56833400,11504500,10467100,32845700
2025-03-03,236.5748748779297,266.739990234375,252.94366455078125,383.98236083984375,242.5381957053339,266.8800048828125,258.4757879589732,394.1925192721913,234.66661403302143,265.07000732421875,250.2261479123034,381.67940898205217,240.31188380351972,265.07000732421875,256.2241143906859,394.1925192721913,47184000,7725600,9058300,23007700
2025-03-04,234.48770141601562,269.05999755859375,242.87905883789062,384.10101318359375,238.60240725621293,269.3999938964844,249.6534784144641,388.02495119005715,233.24534293735957,267.5199890136719,238.70570941047404,376.57932513123166,236.25683384188991,269.010009765625,247.76090247214182,378.9514723277071,53798100,8481300,13465600,29342900
2025-03-05,234.2988739013672,269.6199951171875,244.12136840820312,396.36700439453125,235.1039197629907,270.260009765625,245.59660207726964,397.00948665687173,227.82866128733946,267.9599914550781,240.5303521377995,384.29868393839774,233.98082285378285,267.9700012207031,243.84961678618464,384.82253320835395,47227600,6990400,7861400,23433100
2025-03-06,233.89138793945312,268.25,239.27833557128906,392.284912109375,236.4059203890797,269.510009765625,242.015281613365,397.4838599812305,231.73465535282332,268.1600036621094,236.66758002130527,388.12373889118527,233.00682927336524,268.25,240.80209946195242,389.7051801734712,45170400,6136400,9983200,23304600
2025-03-07,237.60853576660156,268.3900146484375,235.14381408691406,388.7464599609375,239.89446338205195,270.3399963378906,239.4530394207747,390.2191619837315,233.32487071745646,267.6400146484375,232.36805275623323,381.0666253730808,233.67273718007357,269.0899963378906,238.00692097749285,387.76795648683793,46273600,10431200,20498700,22034100
2025-03-10,226.08937072753906,266.0400085449219,225.38014221191406,375.7490539550781,234.71631625547707,268.44000244140625,230.5143228718976,381.91664235119805,222.84930513729455,265.6400146484375,221.96381691976234,372.8431639999478,234.10009611136832,267.6199951171875,229.25262520540508,381.3631423753148,72071200,7593900,18887200,32840100
2025-03-11,219.48997497558594,269.1600036621094,222.39085388183594,376.0356750488281,224.45940937640347,269.7300109863281,226.44774284176466,381.5212666884101,216.12069905845206,268.44000244140625,220.01301974210133,372.5367409966354,222.44182022291236,268.4700012207031,224.9239788967364,374.6024872406928,76137400,8436600,18143000,30380200
2025-03-12,215.653564453125,270.3299865722656,221.18734741210938,378.8229675292969,220.39440897367027,271.2300109863281,227.41826350891142,380.75035405096787,213.5962265598192,268.3599853515625,220.56619878932352,374.55311473502826,218.7942505386503,268.4700012207031,227.1076817928428,378.5067033632867,62547500,7236200,16054000,24253600
2025-03-13,208.39817810058594,275.1300048828125,218.55718994140625,374.3751220703125,215.5144112677834,275.3500061035156,222.7402395654928,380.84914053983084,207.14588618522245,271.54998779296875,217.62545954737027,373.07046095024094,214.6298526174969,271.57000732421875,222.5461333861297,378.7141993931464,61368300,13741500,16467900,20473000
2025-03-14,212.1848907470703,275.239990234375,225.59365844726562,384.05157470703125,212.64207016591416,276.29998779296875,226.27303751626079,385.7022111357248,208.29878985935505,274.6600036621094,220.87680546916633,375.10659301872727,209.95857893569573,276.2699890136719,221.40089366257604,375.3734493768336,60107600,13365000,11962100,19952800
2025-03-17,212.6917724609375,276.7300109863281,227.03976440429688,384.18994140625,213.904315554563,276.7900085449219,228.72851937201781,388.1533930243756,208.6864099217596,275.3900146484375,223.67198421387434,381.09625384575537,212.00598815128762,275.5400085449219,224.37076354224342,382.2131473268013,48073400,8583400,9586000,22474300
2025-03-18,211.3897705078125,279.9599914550781,228.0491180419922,379.0700378417969,213.8347233648863,280.2099914550781,229.21376988809178,382.87537263830677,210.1971094678613,278.9700012207031,226.64182977756553,376.67813379609476,212.8507852105428,279.8999938964844,227.4182692780825,382.57886557924786,42432400,9596500,10344900,19486900
2025-03-19,213.92420959472656,281.1099853515625,232.06719970703125,383.3202209472656,217.4226803637017,281.4800109863281,235.19235827185224,385.15862531644393,212.443312738742,279.05999755859375,227.9714953720013,379.5445362897292,212.91044076829724,279.8500061035156,228.79646520042016,381.056782844969,54385400,8822200,10120600,19185500
2025-03-20,212.7911834716797,280.75,231.9701385498047,382.35150146484375,216.16045933121794,280.8999938964844,234.6391394103261,387.24407880313566,210.92267131595005,279.42999267578125,229.24290731273203,378.83281046953476,212.6818553101102,279.489990234375,229.5923043813926,381.26425870483627,48862900,5863300,8328500,18470500
2025-03-21,216.93568420410156,278.489990234375,234.51296997070312,386.72027587890625,217.5021918152461,279.4599914550781,235.16323383404452,387.19468720298374,209.9884097524224,276.5899963378906,229.53406562636874,378.35841433019584,210.26669685360034,279.4599914550781,230.8054781658387,378.7735544022507,94127800,9359300,19326900,39675900
2025-03-24,219.38063049316406,277.25,240.7535858154297,388.51910400390625,220.1260455978378,279.0899963378906,241.36503440089746,390.81219242783766,217.24377992596973,276.8599853515625,237.21109961277028,385.2870564688155,219.64898417718916,278.9100036621094,238.24957590512537,390.81219242783766,44299500,7870100,9422700,21004500
2025-03-25,222.38217163085938,278.4700012207031,243.73313903808594,390.5750427246094,222.7300380772677,279.9599914550781,244.40281792040972,391.76110127123206,218.73460889257407,278.2699890136719,240.32651425571743,388.08429262956173,219.42039321145907,278.7799987792969,241.96673880880573,389.3494398440526,34493600,5090200,9287700,15775000
2025-03-26,220.17575073242188,278.239990234375,243.63609313964844,385.4452209472656,223.64442126802376,279.0199890136719,247.16887900045046,390.72325787798576,219.12223310716143,277.7799987792969,242.42291097853027,384.0614710304359,222.1436424317859,278.92999267578125,245.1598570425021,390.4168571879551,34466100,3717500,12779300,16108400
2025-03-27,222.48158264160156,281.9700012207031,240.81179809570312,386.0481262207031,223.61461307047793,282.07000732421875,243.25757744441526,387.6888690270636,219.21168633594712,279.5899963378906,239.89948275399726,382.9050306805178,220.03661426059983,280.54998779296875,242.1802711082619,385.60336562359333,37094800,8476300,8022500,13766800
2025-03-28,216.56793212890625,284.05999755859375,235.69703674316406,374.4048156738281,222.44180687800483,284.6400146484375,242.16086005777964,384.6149747790714,216.34927581514728,282.8599853515625,234.00828183952703,372.5565178920864,220.31488968867507,283.82000732421875,239.6665652294854,383.5771397086297,39818600,9563700,11978400,21632000
2025-03-31,220.77207946777344,288.1400146484375,238.0748748779297,371.034423828125,224.24073468961828,288.3900146484375,238.61837812715723,372.694923815259,214.90813825561798,285.8500061035156,230.36873927152533,362.9789628551185,215.683368745432,287.5299987792969,232.35836101622476,368.2174858935481,65299300,13925100,13603000,35184700
2025-04-01,221.8256072998047,287.57000732421875,236.48318481445312,377.7555236816406,222.31260214779184,289.1300048828125,238.45339153399044,378.4078694453165,217.5618242432653,285.9100036621094,233.78506877067235,368.89949332324585,218.46626491168394,288.5400085449219,235.47380892493115,370.3030004386035,36412700,15923600,8054700,19689500
2025-04-02,222.5213165283203,288.1600036621094,238.5795440673828,377.7060852050781,223.8133724100327,289.0299987792969,239.9674172690853,380.61194495123306,219.66886624627372,287.3599853515625,234.34796434743257,372.2501138660857,219.9670353213626,288.2799987792969,234.48384014906324,373.584455994143,35905900,11074800,7758800,16092600
2025-04-03,201.9478759765625,286.4200134277344,221.9541015625,368.78082275390625,206.22159255986557,289.0899963378906,228.21411845193424,373.10014336261634,200.01973301812973,282.45001220703125,220.6050436132751,365.0644702169303,204.2835010267849,282.7799987792969,227.36974842028587,370.4413527847735,103419000,20524400,17188500,30198000
2025-04-04,187.22840881347656,279.7200012207031,205.3434295654297,355.664794921875,198.65810753704542,284.0299987792969,212.58923458837728,370.2436515761853,186.19475800144227,278.0199890136719,204.02511643608108,355.30898645827625,192.70471987275084,283.6400146484375,210.2553432331429,359.90502676066706,125910900,21517200,27170700,49209900
2025-04-07,180.3507080078125,273.7099914550781,209.40577697753906,353.7077941894531,192.96311894309866,280.1400146484375,216.83712407913987,366.6953473866903,173.55251067175698,272.5799865722656,197.41406528016333,340.78946619633433,176.11674047268428,278.8599853515625,200.9393169780438,346.808801297969,160466300,19807000,22914400,50425000
2025-04-08,171.36598205566406,275.20001220703125,211.7787322998047,350.4460754394531,189.1764339595553,278.32000732421875,222.49120061794363,369.3145725706382,168.1756135141289,274.239990234375,208.2437205687665,346.18608632628985,185.5586861535385,277.8699951171875,218.27262514065112,363.98712785508354,120859500,12639500,19485700,35868900
2025-04-09,197.6343994140625,285.3800048828125,228.83859252929688,385.95916748046875,199.38363475051753,285.8699951171875,231.9048767833682,388.66739600040677,170.83920418374143,281.0400085449219,206.04652973562588,349.00301621371585,170.89883496621582,282.2200012207031,207.5113154920403,349.43791334353114,184395900,25342200,24022400,50199700
2025-04-10,189.25595092773438,292.3500061035156,221.7783203125,376.92523193359375,193.58929863014055,292.8599853515625,224.9422627815506,379.44563241847453,181.88131158917142,287.2300109863281,214.93289385418547,363.5324334212975,187.9142126464653,288.80999755859375,224.60047349209523,377.6269854135807,121880000,19837800,18896400,38024400
2025-04-11,196.9386749267578,297.92999267578125,230.65493774414062,383.94287109375,198.32017705332044,299.2699890136719,232.97906934942662,385.52428234575257,184.92258644836306,296.80999755859375,219.71787325553504,374.4937970946495,184.96235041538483,297.9599914550781,220.99711715573133,376.2234920445777,87435900,21080100,20284500,23839200
2025-04-14,201.2819366455078,296.2300109863281,229.2096710205078,383.3102722167969,211.63823413237864,296.5799865722656,234.15087913970558,390.0709046779098,199.93025014088798,294.5299987792969,228.14526363842643,379.75203666792555,210.14740409782033,295.5400085449219,231.53380246810318,388.6575040815548,101352900,12427600,13017800,19251200
2025-04-15,200.904296875,297.7799987792969,227.6570281982422,381.2544250488281,202.26591707175376,298.0199890136719,233.0474295546492,387.3429548173336,198.57860517432977,296.0899963378906,227.35430816452694,379.702634359307,200.6260097569118,296.92999267578125,230.5573054576636,384.0021677861047,51343900,7924100,10912900,17199900
2025-04-16,193.0823974609375,307.4700012207031,224.21963500976562,367.2982482910156,199.47308245703653,308.05999755859375,228.09643576900157,377.18221973337427,191.19400339685228,303.79998779296875,222.5790672431111,363.730149078798,197.1473909296092,304.6499938964844,226.55352634462056,376.25315416820064,59732400,20778100,9322300,21967800
2025-04-17,195.7758331298828,306.1199951171875,226.51449584960938,363.5126647949219,197.61452992177487,307.1300048828125,228.83861265513258,369.9767899290697,193.2314851467638,302.7300109863281,225.13759354134731,362.6330071079686,195.9944894564487,306.30999755859375,225.38172452222048,369.41339637295704,52164700,18287800,9557900,21120200
2025-04-21,191.97918701171875,315.5899963378906,223.61419677734375,354.9531555175781,192.6152739871965,316.4100036621094,226.36798622449223,360.25097956592975,188.64966000796989,313.95001220703125,221.02639969234494,351.54320368031085,192.08851517151226,315.0199890136719,225.21569525952322,358.6102367890087,46742500,20372300,8716200,20807300
2025-04-22,198.51895141601562,311.1099853515625,230.0592498779297,362.5638427734375,200.35763286451953,317.6300048828125,230.44986835764868,363.5028019496421,194.7719939992729,310.3599853515625,225.9383180454656,355.68457702509073,194.92107095045932,317.489990234375,226.53399818903708,359.1637542302739,52976400,35242300,10701400,19485000
2025-04-23,203.34922790527344,303.6499938964844,235.22506713867188,370.04595947265625,206.72843666924064,304.739990234375,240.99631170351697,375.9763413470789,201.56022878561117,300.5899963378906,234.36572139205154,368.6918302740048,204.7406632397287,304.17999267578125,234.58055782870665,371.69656553615397,52929200,25421500,14126800,20545500
2025-04-24,207.09619140625,308.07000732421875,238.8967742919922,382.80615234375,207.55338601533765,308.5,239.70729080846584,383.9428330432701,201.69939326414854,304.7099914550781,232.00251886579326,370.8366789549492,203.63746952607698,306.9800109863281,234.111813783322,371.34077108557176,47311000,10845000,9055200,22232300
2025-04-25,208.00064086914062,304.7300109863281,237.83238220214844,387.30340576171875,208.46776890662989,305.3699951171875,239.85377878556818,387.60980644654984,204.9394675201618,301.010009765625,236.07463632488924,380.1375268589871,205.10842646651815,301.7799987792969,238.9065494767277,382.5096738423667,38222300,10691600,8588600,18973200
2025-04-28,208.85536193847656,309.07000732421875,237.51011657714844,386.6214294433594,210.2070485309222,309.1099853515625,241.04512791658067,388.1830836548117,206.19175271644127,302.9700012207031,235.18598519677712,382.15388522315925,208.71621839949725,304.1499938964844,238.81865487510098,387.4121350910717,38743100,9375500,7394300,16579400
2025-04-29,209.91883850097656,306.05999755859375,238.87725830078125,389.468017578125,210.94254069563792,306.95001220703125,239.49247309158469,390.5157161336794,207.09618845243054,304.0,236.01605058594708,385.8504804253008,207.4142395090872,305.80999755859375,236.50431250866183,386.75978890275064,36827600,6852100,7216800,14974000
2025-04-30,211.20094299316406,303.7699890136719,238.87725830078125,390.6738586425781,212.2743425468257,306.07000732421875,239.4631785682675,392.0576085897077,205.40658118436113,303.44000244140625,232.83257331348125,379.97939447353656,208.02050829648644,304.6099853515625,235.5473233123009,385.7713871677669,52286500,8331900,12991700,36461100
2025-05-01,212.01596069335938,297.4599914550781,241.093994140625,420.4640808105469,213.2483707428857,297.94000244140625,242.61736909781558,431.91959850384194,207.62296725165953,295.32000732421875,236.4847999672637,419.96988230696996,207.80187477964563,297.4100036621094,237.13906921679697,426.1078192756201,57365700,14969100,8689600,58938100
2025-05-02,204.09466552734375,297.9800109863281,246.58201599121094,430.2294921875,205.72463931330321,300.8500061035156,247.66595799036438,434.3412277785372,200.92416412992952,297.0299987792969,243.60363036252463,425.0008630376841,204.83013207172814,300.1700134277344,245.36136125795574,426.7305579775838,101010600,8678400,7165000,30757400
2025-05-05,197.6741485595703,306.8800048828125,246.63087463378906,431.1091613769531,202.85230555244996,307.6499938964844,249.1698427426024,434.40051033348516,196.99831280299983,304.67999267578125,244.7071213522389,427.0962415401901,201.85841873478097,305.9200134277344,245.28326687904956,427.84743296236513,69018500,8924000,5450700,20136100
2025-05-06,197.29647827148438,315.4800109863281,243.3985595703125,428.2823486328125,199.42339557924856,315.6199951171875,246.71873456309945,432.65107712392626,195.81559653234874,311.3999938964844,243.1544286178849,426.1671945058241,196.99832434112832,313.1199951171875,244.13095242759528,427.18524232094876,51216500,11445300,6369900,15104200
2025-05-07,195.05029296875,310.75,243.5352783203125,428.3218688964844,198.2207944248892,313.260009765625,246.5234388677099,433.0365119798482,192.0686324392914,310.0799865722656,242.98842735746476,426.10783898687293,197.9524407308952,312.1000061035156,243.98448584012095,428.8061738000786,68536700,7888300,8724100,23295300
2025-05-08,196.28271484375,304.6300048828125,247.5194854736328,433.0859375,198.82706269335065,310.4800109863281,249.87291137635128,438.52212113478646,193.48988012199126,303.04998779296875,245.64456159073174,430.6050513161737,196.51130456752412,309.760009765625,245.66409623863075,432.8487017029497,50478900,11927600,8320100,23491300
2025-05-09,197.31634521484375,306.8399963378906,247.13865661621094,433.63946533203125,199.31405222350435,308.57000732421875,249.51160240858812,435.6261229679929,196.3323918231404,306.010009765625,246.41602360630893,430.8225275981773,197.7834732241415,307.7900085449219,248.52531868880288,434.89471877509555,36453900,6913100,5087600,15324200
2025-05-12,209.77613830566406,298.19000244140625,253.9450225830078,444.0472717285156,210.25384054136518,299.4700012207031,257.41170023099767,444.15598092637396,205.75557652693038,296.82000732421875,252.62673918846934,434.6772567640601,209.95528044040137,298.3299865722656,256.7281215958606,440.7657862582039,63775800,14375900,9603900,22821900
2025-05-13,211.9058380126953,299.4599914550781,256.8355712890625,443.9287109375,212.3735786127325,300.29998779296875,257.480080666336,445.4409573721911,207.99474788922345,297.239990234375,254.2770833315241,440.19254074927665,209.4178625594749,299.0199890136719,254.90204315724205,442.5844751269483,51909300,10233600,8589000,23618800
2025-05-14,211.3087158203125,293.1600036621094,259.4038391113281,447.6845703125,212.9109724892217,294.79998779296875,260.3803630716006,448.6334230518337,209.56713314477625,291.9599914550781,256.13247788418613,442.940276452347,211.40822571910564,293.6700134277344,256.8258015516586,442.940276452347,49325800,14800600,8643100,19902800
2025-05-15,210.43295288085938,297.8399963378906,261.2103576660156,448.6946105957031,211.93569971673273,297.8999938964844,263.19269990894253,451.7246558325709,208.53213606160298,293.75,258.5444666020599,446.0210270484144,209.93535780893234,294.1000061035156,260.7025759874391,446.3576953837484,45029500,13497700,9214600,21992300
2025-05-16,210.24388122558594,294.239990234375,261.2787170410156,449.8234558105469,211.54759317457453,294.5799865722656,262.1575825394603,449.9125712368337,208.76105751069144,291.7799987792969,258.495618128322,444.33770477780746,211.33859654598928,292.6199951171875,261.2201279945288,447.6251846388841,54737900,14173000,8932900,23849800
2025-05-19,207.7758026123047,298.0299987792969,258.6616516113281,454.37841796875,208.47243269467637,298.5799865722656,262.0208961622138,455.0913715701619,203.2775387890809,296.4800109863281,255.78089422806747,446.3874026485213,206.90999202317107,297.8500061035156,259.3159059261038,446.46663650360125,46140500,11656300,12145000,21336500
2025-05-20,205.8650360107422,303.5799865722656,259.4428405761719,453.68524169921875,207.46729276724128,303.67999267578125,260.3998446453458,453.8535607411002,204.04383620537516,298.29998779296875,256.14218530617444,449.8729211666083,206.67113760639387,298.3500061035156,256.3570217379832,451.13047896335826,42496600,12851000,8436300,15441800
2025-05-21,201.1179962158203,305.82000732421875,254.91180419921875,448.14007568359375,206.0441849710538,306.4599914550781,259.41356502066975,453.29906971148773,199.7446439816099,303.6700134277344,254.60908417787425,447.3875051898017,204.18318404217405,304.54998779296875,258.1440958860731,450.12049890400635,59211800,12414500,7464000,19216900
2025-05-22,200.39151000976562,303.1099853515625,254.55050659179688,450.40765380859375,201.77482385442195,305.2799987792969,256.14221556877544,455.74490907390424,198.73949054480968,302.1000061035156,252.7927456326475,449.4570590917957,199.74464241928678,305.0899963378906,253.3493714264354,450.4967994491365,46742400,9704200,6514100,18025600
2025-05-23,194.33078002929688,309.75,254.58950805664062,445.77349853515625,196.74908474491085,310.25,255.8394573114257,449.2491512931012,192.52948833207407,307.4700012207031,249.9900893661378,444.51594054738166,192.73846975457602,308.8599853515625,250.78107124918157,445.5754743252827,78432900,13339500,6671800,16883500
2025-05-27,199.2470245361328,304.5,259.06201171875,456.18060302734375,199.77447409530296,304.8800048828125,259.0717566921421,456.4380677238799,196.48038197740732,302.739990234375,255.83946524243134,451.65532857824905,197.34620772495165,303.80999755859375,255.8883093139594,452.0118204825961,56288500,9578500,7506600,20974300
2025-05-28,199.4560089111328,303.80999755859375,257.30426025390625,452.8832092285156,201.75489573800118,304.989990234375,260.45844302460614,457.9927052337918,198.9385057789635,303.05999755859375,256.7281147573034,452.45742544945836,199.6251894151235,304.6400146484375,259.9897008471859,456.70544210957024,45339700,8803300,5535400,17086300
2025-05-29,198.98826599121094,305.6099853515625,258.16357421875,454.19024658203125,202.8297005493605,306.8900146484375,259.1791672441841,457.2004982884002,197.55518975609246,304.4599914550781,256.3667741282984,450.85323834601354,202.60081106845576,305.739990234375,258.5834722711684,457.0321490211595,51396800,9487900,5081200,13974800
2025-05-30,199.8839569091797,303.6000061035156,257.80230712890625,455.85382080078125,200.98861863398105,304.0199890136719,259.10107079095377,457.16090743162863,195.8335255231089,301.5,256.56213251620557,451.081023612945,198.41106448584634,303.6400146484375,257.265230909512,455.22010105843367,70819900,9553300,10977700,34770500
2025-06-02,200.7298583984375,311.6700134277344,258.44677734375,457.4480895996094,201.15779807678393,311.7200012207031,258.8080863604011,457.5867035205711,199.15745607510846,308.7200012207031,255.75156227727646,452.41782757710985,199.31669015009302,309.2099914550781,256.84526410102234,452.6653804963421,35423300,13593200,6011200,16626500
2025-06-03,202.2923126220703,308.9100036621094,260.01898193359375,458.43829345703125,202.78990771325485,309.55999755859375,260.32170192801004,459.5968543955761,199.99342573046133,307.1499938964844,256.70858174263634,456.3489311405408,200.38154929416936,309.55999755859375,257.53863293425644,456.9529759669727,46381600,9315100,6998400,15743800
2025-06-04,201.84446716308594,310.8999938964844,258.0171203613281,459.3294372558594,205.24801554678163,311.8800048828125,260.8490334291481,461.13162957016016,201.1279290627925,308.739990234375,257.9780510648975,458.48775137554446,201.9340306292736,309.4100036621094,259.67722274650265,459.4581695952893,43604000,7462500,5915700,14162700
2025-06-05,199.66500854492188,309.3299865722656,255.80043029785156,463.1021423339844,203.76518718349973,312.20001220703125,258.5249103385397,465.0528603462912,199.18730633012683,307.6499938964844,254.1989169051607,459.48787612751937,202.52119947175674,311.239990234375,258.5249103385397,460.408765640122,55126100,10817800,8173800,20131700
2025-06-06,202.93919372558594,305.17999267578125,259.49169921875,465.7757568359375,204.71063115372752,309.20001220703125,260.39008449229345,468.7067748339504,201.07819281954235,305.1000061035156,258.056207934954,464.19141216551986,202.02362051888113,309.0899963378906,258.12454195712064,465.4885869985769,46607700,7787500,7738100,15285600
2025-06-09,200.48106384277344,306.6199951171875,260.47796630859375,468.12255859375,205.0091823144686,307.6099853515625,261.61073756854347,468.7958952647425,199.05794913802782,305.05999755859375,257.1675659016327,464.0329796350046,203.40692547634254,305.3900146484375,259.75534818459647,465.10242514198006,72862600,7159000,8285000,16469900
2025-06-10,201.6951904296875,306.7099914550781,262.2942810058594,466.3104553222656,203.36711781582227,308.6000061035156,262.58722620570774,468.1720277278758,199.60530017876516,305.8699951171875,259.60884073640483,462.38919566775553,199.63515466910712,308.30999755859375,259.63813525638966,466.5778015728124,54672600,7071700,7538100,15375900
2025-06-11,197.8238983154297,308.3699951171875,261.8548583984375,467.99383544921875,203.51638723180633,308.6199951171875,263.2903496169879,470.81594475736864,197.45568281643992,305.8500061035156,259.5502764699578,465.0628173622344,202.5211970741936,307.5,262.37241483499554,465.4192790589967,60989900,9248800,7434100,16399200
2025-06-12,198.24188232421875,312.20001220703125,261.9427185058594,474.1826477050781,198.71956936233477,313.1000061035156,261.9915625735477,475.7174938929388,196.4107360236097,311.1499938964844,258.91551875248643,468.88500933710617,198.12246436103902,311.739990234375,260.5951109763504,470.37032681118086,43904600,11531400,6618000,18950600
2025-06-13,195.50509643554688,316.2900085449219,258.73004150390625,470.3109130859375,199.4062398916536,317.6000061035156,260.7514235020915,474.48960742449077,194.758703844025,315.0400085449219,256.54260751477483,468.13246560456287,198.7693188209708,317.260009765625,258.8569645888739,471.74673205457395,51447300,16592900,7098300,16814500
2025-06-16,197.46563720703125,311.7799987792969,264.0129699707031,474.45001220703125,197.73434281232372,314.8699951171875,265.3508326588525,475.98482813726486,195.61458283187793,311.6499938964844,260.5853915714537,470.3505215770748,196.3510290449251,314.79998779296875,260.731864186611,470.5584575569121,43020700,12848400,8566000,15626100
2025-06-17,194.69900512695312,311.94000244140625,263.19268798828125,473.3608093261719,197.4357781067605,313.0,264.2375756229939,474.0539393845567,194.27108064091922,310.1199951171875,261.51306583381086,469.4395492382731,196.25149936947125,312.6600036621094,261.87440467845437,470.74663593423935,38856200,8234100,6739300,15414100
2025-06-18,195.63446044921875,310.260009765625,267.5284729003906,475.53924560546875,196.61970405840015,312.9800109863281,271.20021221292876,476.291816149254,194.1317289512304,309.8599853515625,263.3880211997966,469.8158233270243,194.9975394291991,312.8900146484375,263.66144669321045,473.3211811212961,45394700,9370800,9586400,17526500
2025-06-20,200.0332489013672,310.1300048828125,268.5440368652344,472.72705078125,200.72987906941657,310.8900146484375,270.79002961674195,478.72773115460745,195.9131616955908,309.25,267.3819711943445,472.2022397987241,197.28652915931585,309.3299865722656,269.1006625666469,477.50979012623617,96813500,8794700,13969700,37576200
2025-06-23,200.53082275390625,311.0799865722656,271.7372741699219,481.24285888671875,201.3269779408771,312.6700134277344,272.0106996489925,482.97572926336846,198.00304635957568,310.30999755859375,265.7218838292262,467.8849134818946,200.6602023375907,310.3399963378906,268.60264103465835,473.52910172023695,55814300,12687900,8094600,24864000
2025-06-24,199.33657836914062,306.19000244140625,274.6570739746094,485.3125915527344,202.4614746491071,306.3399963378906,276.0730155031396,487.0355802812341,199.23705328583006,303.5400085449219,272.948157446248,482.03499358247046,201.61555699715424,305.07000732421875,273.631706176909,484.16397269221426,54064000,12035200,9267900,22305600
2025-06-25,200.59051513671875,307.1199951171875,277.391357421875,487.45147705078125,202.6903668657116,307.3599853515625,277.60619385702887,489.71907018583636,199.65503400834336,305.1199951171875,274.3153133103271,484.59969288856837,200.4810436177515,305.30999755859375,274.8914587952529,487.2237477118272,39525700,6733200,6826900,17495100
2025-06-26,200.0332489013672,306.7799987792969,281.97125244140625,492.58074951171875,201.6653603745395,307.2799987792969,282.61576173740934,493.16497070218156,198.50066253165852,304.8599853515625,277.79173169250225,487.9861533971619,200.46117343838367,305.7699890136719,278.0163428990485,488.1545026576009,50799100,6787500,8942100,21578900
2025-06-27,200.11285400390625,301.2200012207031,280.3697509765625,491.0855712890625,202.24256049649406,302.3599853515625,281.9224501380631,494.4126679494895,199.03804672932017,299.8900146484375,278.34836923641,488.2040517426954,200.91895566349635,300.0299987792969,279.10028187976,492.6797975508017,73188600,13301300,17868600,34539200
2025-06-30,204.1831512451172,304.8299865722656,283.10400390625,492.54119873046875,206.39247448465787,304.9200134277344,285.77966944457916,495.85841392483957,198.30157410241034,301.95001220703125,282.13725493022537,490.4815414994746,201.03834688076608,302.3900146484375,283.58249100733053,492.17482524139086,91912800,8192100,12689200,28369000
2025-07-01,206.82041931152344,307.54998779296875,283.5923156738281,487.2336120605469,209.17901505124104,309.0,284.29541408948995,493.1748817381986,205.1484920031366,307.3599853515625,279.86198714070144,486.1741086010328,205.6759415551798,308.55999755859375,284.06105788465106,491.61036068604886,78788900,9335600,9338300,19945400
2025-07-02,211.41819763183594,309.25,285.1449890136719,486.28302001953125,212.3138626915596,309.3999938964844,285.945745792629,488.66943364597034,207.13887695509675,306.9599914550781,282.8989958836799,483.9164299655294,207.90517762155153,308.0400085449219,285.1840583153917,485.1937811955959,67941800,8316400,8158700,16319600
2025-07-03,212.5228729248047,307.1400146484375,290.4435729980469,493.9571838378906,213.61757304735917,307.57000732421875,290.83605832396694,495.2345653483035,210.79123648824356,306.1499938964844,285.74348111805267,488.6100468852986,211.12959751601144,307.04998779296875,286.66583810355576,488.9764203666982,34955800,5275800,6541600,13984800
2025-07-07,208.94015502929688,307.3699951171875,286.4892578125,492.84814453125,215.18994753990862,307.7099914550781,290.4828645965253,493.86806132382594,207.79569250723537,304.5299987792969,284.6347217587213,490.38252718836065,211.65701970580338,305.07000732421875,289.7076857742013,492.51147619590915,50229000,7351600,8825700,13981600
2025-07-08,208.9998779296875,304.1600036621094,277.47174072265625,491.7589111328125,210.41304612040562,306.45001220703125,284.26185381377417,493.3234624825612,207.4473837253886,302.7699890136719,275.04810559551106,489.27347018920887,209.08945658408672,306.29998779296875,283.83990288185674,492.37283752871576,42848900,11840500,15440900,11846600
2025-07-09,210.12445068359375,305.5199890136719,277.8446044921875,498.5814514160156,210.31353924447487,305.5400085449219,281.80877514408627,501.8194324629264,206.22330706177223,303.2300109863281,277.1773764457948,494.84833435120834,208.52219391164948,303.5799865722656,281.7891314137912,495.4028504286207,48749400,10644100,11273800,18659500
2025-07-10,211.38833618164062,306.20001220703125,282.7802429199219,496.57135009765625,212.45318170934252,306.510009765625,282.8979855483962,499.502368126141,209.01977884626095,304.82000732421875,277.68766462538423,492.8778497571002,209.49746585002458,306.1099853515625,277.68766462538423,498.12595942487985,44443600,7053700,8410900,16492100
2025-07-11,210.14434814453125,309.1400146484375,281.47515869140625,498.393310546875,211.1096837700706,310.2799987792969,281.98541661358325,500.0865639242522,208.85059795908091,308.5199890136719,278.3254239763715,492.9273231662245,209.55718962168862,308.8599853515625,280.16031625567433,493.5907782355643,39765800,9187300,7384700,16459500
2025-07-14,207.61656188964844,308.010009765625,283.2806396484375,498.09625244140625,209.89555581124029,309.3800048828125,283.8693527089549,499.0369655948213,206.54175471753558,307.7300109863281,279.90521169280953,496.1257409313552,208.92025854176603,309.07000732421875,281.6812326297011,496.6109349689791,38840100,5772900,9079900,12058800
2025-07-15,208.10421752929688,306.7300109863281,281.1709899902344,500.86883544921875,210.87084499335577,308.739990234375,286.46964738040805,503.3245408608939,207.9151289669034,305.7900085449219,280.121098345475,497.8684955298327,208.21368905566166,307.7300109863281,282.5937831680985,498.09622485625505,42296300,8149000,12526100,14927200
2025-07-16,209.149169921875,308.260009765625,280.45465087890625,500.6708068847656,211.37838618562168,311.0899963378906,285.2724849268531,501.7600457375481,207.63647661047767,305.7300109863281,277.6974020367283,496.9773367906475,209.28849593835915,307.1099853515625,282.9862064553367,500.2351113436526,47490500,17693100,9979800,15154400
2025-07-17,209.0098419189453,307.5899963378906,284.4581298828125,506.6913146972656,210.78127919114968,307.6700134277344,284.8506152852065,508.34495123446135,208.58190225319882,305.1199951171875,278.1194022972347,500.67081092720053,209.5571995447156,305.5,278.1194022972347,500.7302212088446,48068100,6642300,8509500,17503100
2025-07-18,210.16424560546875,308.3900146484375,285.8023681640625,505.0574035644531,210.77131219576944,309.3699951171875,287.009289803847,509.60250130270686,208.69136845628208,308.32000732421875,282.819455566978,502.463054063605,209.85573909301036,309.239990234375,284.08521856694546,509.4440336050126,48974600,5574300,12217000,21209700
2025-07-21,211.45799255371094,313.1300048828125,285.5080261230469,505.0673522949219,214.74212298846783,313.30999755859375,288.6577608735927,507.0775109565722,210.61209006251647,311.6099853515625,285.1253326770995,500.6014880788464,211.07983063398711,311.8800048828125,285.5374617769879,501.75013722027745,51377400,10995800,7898100,14066800
2025-07-22,213.3687744140625,316.1000061035156,285.9593811035156,500.32421875,213.91613206526756,316.239990234375,288.11809552877634,506.19619667447284,211.20921348603295,313.6199951171875,283.75161723688194,500.32421875,212.11484021935428,314.4800109863281,286.0280742772089,505.968437121084,46404100,13691800,6717500,13868600
2025-07-23,213.11996459960938,312.17999267578125,291.1893615722656,500.91839599609375,214.11515474984876,314.9599914550781,291.4150249489527,501.82940407121947,211.38834345684663,311.4200134277344,287.0583682777473,495.79901834634256,213.96588230147148,314.0,287.3429329100002,501.7897871412931,46989300,10547500,7083500,16396600
2025-07-24,212.73184204101562,310.2699890136719,290.9832458496094,505.87933349609375,214.65256693634578,310.989990234375,293.96618832212596,508.6420022469781,212.50295255730364,309.05999755859375,290.6398398939318,502.334358860161,212.87116805528336,309.2900085449219,291.8369396401929,503.7899711970312,46022600,7698800,7001200,16107000
2025-07-25,212.8512725830078,307.3999938964844,293.014404296875,508.68170166015625,214.2047317845148,308.30999755859375,293.2891470363467,513.216827976129,212.37357038101962,306.20001220703125,290.4043332995373,505.364456023215,213.6673206036272,307.82000732421875,291.1304626389869,507.4537883180946,40268800,9376400,5918500,19125700
2025-07-28,213.0204620361328,305.4100036621094,292.6807861328125,507.48345947265625,213.81661722083774,306.5799865722656,293.8091927274499,509.9589885432546,212.03521828670327,304.04998779296875,291.2482011503524,505.12675096242896,213.00055398053098,306.44000244140625,292.0724293571669,509.0480107678364,37858000,9275400,5840400,14308000
2025-07-29,210.25381469726562,306.25,291.464111328125,507.5527648925781,213.77678093648746,307.0299987792969,295.6343323000827,512.5533213636355,209.8059821935656,304.989990234375,290.6398830117393,506.55264151082275,213.14980632007004,305.79998779296875,294.36853919701497,510.48381297361453,51411700,5741100,7635700,16469200
2025-07-30,208.04449462890625,300.9599914550781,294.0054626464844,508.2162170410156,211.36842593737322,304.6499938964844,294.9670472888904,510.89971236727115,206.72088996610802,300.9599914550781,291.79769880383014,504.4534248625209,210.88077731884883,304.4200134277344,291.83695632333047,510.12731827097724,45512500,13459600,8061700,26380400
2025-07-31,206.5716094970703,302.9599914550781,290.6790466308594,528.2779541015625,208.83068001568543,304.6099853515625,295.3300888891924,550.0131135040644,206.16357792510368,302.8599853515625,289.95294730958244,526.6936395202101,207.48718253646683,304.5899963378906,293.5246325060782,549.7952354974353,80698400,8981000,14749700,51617300
2025-08-01,201.40658569335938,309.1099853515625,283.9380798339844,518.979736328125,212.5527122409286,309.54998779296875,286.32245784834123,530.5553112156109,200.53081350952442,307.45001220703125,278.9043729516421,515.7615489434008,209.85574027592583,308.6099853515625,284.9487439683445,529.7631541007601,104434500,12843400,12007100,28977600
2025-08-04,202.37193298339844,310.9100036621094,288.7362365722656,530.39697265625,206.88014336875773,311.739990234375,288.7951078721262,532.981410508703,200.70995198839026,310.3699951171875,284.8113235431083,522.960473635689,203.52634207300898,310.79998779296875,284.8113235431083,523.0991177691142,75109300,7639000,6649500,25349000
2025-08-05,201.94398498535156,311.1600036621094,285.9005126953125,522.584228515625,204.35234334482283,312.239990234375,290.2375553774225,532.0407382325785,201.18764593221573,310.2200012207031,281.84803463230764,522.0792108748774,202.42167200915333,310.3699951171875,289.15819815384634,531.9219176627233,44155100,6997700,7182300,19171600
2025-08-06,212.22430419921875,310.5,285.8808898925781,519.8017578125,214.3440641251077,311.239990234375,287.784475314663,526.495598904166,204.60114383647723,309.8399963378906,284.71322574362773,518.9006917137275,204.6409599471833,310.32000732421875,286.8130388717205,525.7034415927023,108483100,7418200,6330200,21355700
2025-08-07,218.9716796875,313.1199951171875,281.55364990234375,515.7418823242188,219.78774287041324,313.1400146484375,287.9512476179058,522.9209170643583,215.5382768294147,310.70001220703125,281.0336001027858,512.4840471895837,217.8272171299369,311.7200012207031,287.4410196836242,521.6435053063135,90224800,10891500,8057100,16079100
2025-08-08,228.2468719482422,313.04998779296875,283.3395080566406,516.9300537109375,229.88892965735022,313.5299987792969,285.7631432800269,519.524403327164,218.19544514014734,311.0,279.365515270513,514.3257923084495,219.76784743364436,312.3500061035156,283.55537949152693,517.4845698020915,113854000,19886800,6634100,15531000
2025-08-11,226.34390258789062,308.54998779296875,284.12445068359375,516.6627807617188,228.71514834333362,309.6600036621094,285.85142199203483,522.4258201385037,223.93281073352847,307.6300048828125,283.3590938436637,514.6327984158801,227.08118464026867,308.6199951171875,283.9674505696709,517.1875615378566,61806100,10326700,5510100,20194400
2025-08-12,228.80479431152344,308.2699890136719,287.35272216796875,524.0595703125,229.95057099439725,309.30999755859375,289.21705000432985,525.7825288027884,226.23430307406312,306.7099914550781,284.88982947960193,517.5836082950698,227.17083074525974,308.2200012207031,286.02805793473163,518.6233183732385,55626200,9697400,8570900,18667000
2025-08-13,232.47125244140625,309.2099914550781,285.0762634277344,515.4844360351562,234.1351043372746,310.3900146484375,289.0207905053278,527.4857972911225,229.58191650034667,308.45001220703125,281.769528771024,514.2862580919234,230.2195756343437,309.1000061035156,288.43207746741234,526.901545781552,69878500,4718600,8420400,19619200
2025-08-14,231.92327880859375,307.25,288.6381530761719,517.3657836914062,234.25466305951576,308.3399963378906,288.67741059714604,520.8018496782777,230.0003892485326,306.5199890136719,284.20301143696577,515.0487221853349,233.1985666998313,307.92999267578125,285.1253385944976,517.445017549053,51916300,5817700,6322400,20269100
2025-08-15,230.73764038085938,307.42999267578125,285.0370178222656,515.0783081054688,233.41774239633352,308.0,289.95298150728627,520.9502551513766,228.49592139875156,306.8699951171875,284.3796115875491,513.9990113965767,233.13877413921495,307.3399963378906,289.30536719380285,517.6528943134479,56038700,5990100,7340500,25213300
2025-08-18,230.04022216796875,306.95001220703125,286.0574951171875,512.0383911132812,232.26201052585682,307.8900146484375,286.4205448097455,517.7024328589179,229.26309412883964,306.6300048828125,282.9960675051489,508.9885829187347,230.8472385776313,307.7900085449219,284.5562169634104,516.4844919382945,37476200,6150100,5386900,23760600
2025-08-19,229.71144104003906,305.2699890136719,285.203857421875,504.7801818847656,232.01293684851592,307.4800109863281,286.9897003409671,510.11740696385556,228.50590285589897,305.19000244140625,284.0950645111781,503.5721224631474,230.4287923573085,306.760009765625,285.3706494849781,509.9589996924715,39402600,5029900,6031500,21481000
2025-08-20,225.17819213867188,308.3599853515625,286.754150390625,500.7698669433594,229.6217843388592,308.4700012207031,287.8236856501562,505.9981835608303,224.93908515924198,307.3999938964844,281.8774445149503,499.50239716393804,229.13358225147155,307.5400085449219,285.35100110061984,504.87923949406314,42263900,6515400,7374200,27723000
2025-08-21,224.072265625,307.2900085449219,285.9986267089844,500.1251525878906,225.6863136691638,308.1499938964844,287.2742115786807,503.4875031078027,222.95639256938466,307.0299987792969,284.0361700203976,498.61756740599895,225.43723377620466,307.8599853515625,286.45980522859077,499.5796529563519,30621200,4809000,6624000,18443300
2025-08-22,226.9217529296875,310.5799865722656,290.6790466308594,503.0907287597656,228.2468598588307,311.0199890136719,291.58178979477134,506.56216679087737,224.58041092619504,306.42999267578125,284.6837564085111,498.310055406757,225.33760837029214,306.5199890136719,287.6961343168672,500.1350363394598,42477800,8526500,8552800,24324200
2025-08-25,226.323974609375,309.8299865722656,289.3642578125,500.14495849609375,228.45609804536198,310.8399963378906,291.76827944217837,504.0428801746979,225.3973894325087,309.6700134277344,288.61854456863614,500.0060864475961,225.6464693442017,309.6700134277344,290.67910031440016,502.4956130920682,30983100,4044400,5856300,21638600
2025-08-26,228.46604919433594,312.0799865722656,292.96533203125,497.9430847167969,228.6453946309622,312.2099914550781,293.13212406826625,500.8590951140394,223.86305742355088,310.30999755859375,287.9904975110241,494.44189267773186,226.03502689374838,310.6199951171875,288.63811176318757,500.24412923099453,54575100,11698500,6714700,30835700
2025-08-27,229.64170837402344,312.7099914550781,293.6620178222656,502.6047058105469,230.05018785299507,312.9100036621094,295.41842494390727,503.1502356611414,227.41990473660533,310.7699890136719,291.46407591230917,495.82052770460996,227.76862267507164,311.3900146484375,291.6701254801894,497.90339657266526,31259500,4320100,6056500,17277900
2025-08-28,231.7041015625,315.0299987792969,295.4184265136719,505.4810485839844,232.55097936868034,315.0799865722656,295.5852185641284,506.919197559233,228.49595098757067,313.07000732421875,293.0929201153854,501.3748189208979,229.97051505486425,313.32000732421875,294.38811877937053,502.9518399416591,38074700,9610200,6410500,18015600
2025-08-29,231.28562927246094,318.07000732421875,295.7618713378906,502.55511474609375,232.52107103838586,318.0899963378906,297.2631495608047,505.44137107101903,230.51845893056873,314.6400146484375,294.10359298088383,500.3730559294206,231.65426265633033,314.7200012207031,296.37022814205386,504.5090396010348,39418400,15642600,6796400,20961600
2025-09-02,228.8745574951172,325.5899963378906,294.07415771484375,500.9979553222656,230.00040359535532,325.9200134277344,294.8198709218748,501.87077891116434,226.13467838242784,320.239990234375,288.9717581566039,492.75577163159113,228.4062860305561,320.82000732421875,294.62364321253557,496.3859077753076,44075600,21247500,7221900,18128000
2025-09-03,237.59234619140625,328.1400146484375,293.8876953125,501.2261047363281,237.9709525201245,329.45001220703125,294.9277949064193,503.6461955733364,233.49747185558658,326.7300109863281,290.8164459674565,498.2208322179546,236.33698891571112,327.760009765625,294.9277949064193,499.67883751509856,66427800,16062200,6316900,16345100
2025-09-04,238.89752197265625,326.69000244140625,298.1168212890625,503.8246765136719,239.01707546456905,327.55999755859375,298.7153562428407,504.0032003466391,235.86871695735925,325.3500061035156,292.68080753910596,499.04400319618804,237.57241502764154,327.0299987792969,294.36852159403367,500.18461248708434,47549400,11703100,6605800,15509500
2025-09-05,238.80783081054688,331.04998779296875,288.85400390625,490.9605407714844,240.43183651086895,331.44000244140625,299.4218223620716,507.79205789513924,237.61225041390915,328.92999267578125,288.78531073562726,488.35199810583333,239.11668743272676,329.5299987792969,297.9499798501053,504.9157294675595,54870400,16065200,9837700,31994800
2025-09-08,237.00450134277344,334.82000732421875,287.4115905761719,494.1344299316406,239.2661357937392,335.6700134277344,290.89493913151904,497.1099483047291,235.4701607098454,333.2300109863281,285.9691837491296,490.990285532587,238.41927329094256,333.6600036621094,289.3544334283243,494.0451377441344,48999500,18617300,8188500,16771000
2025-09-09,233.4875030517578,334.05999755859375,292.2588806152344,494.3426818847656,237.90119155812317,338.30999755859375,293.3872872696363,498.15134157087306,232.5011411802574,333.8500061035156,286.8228669749493,493.6384843818268,236.12774389612645,337.0299987792969,287.1074315912692,497.33802599365555,66313900,21641900,7848200,14410500
2025-09-10,225.955322265625,335.260009765625,294.8984069824219,496.2867431640625,231.56460664903227,336.5,295.8796354332035,499.1234199731124,225.118417424808,326.19000244140625,289.8548783719408,492.6665349159027,231.33545739080094,335.7300109863281,291.1304933247864,498.8754600894228,83440800,11945700,7787300,21611800
2025-09-11,229.1833953857422,334.760009765625,299.82415771484375,496.9215087890625,229.60184779162614,335.1600036621094,299.9909797241969,499.0638857033828,225.81583028738913,332.9700012207031,295.1437088676121,493.8170463660224,226.04499474029723,333.3699951171875,295.5852436958139,498.15138006137016,50208600,9082600,7942500,18881600
2025-09-12,233.20855712890625,335.4200134277344,301.1488342285156,505.73895263671875,233.6469250222829,336.3900146484375,301.7768048799553,508.367321245748,228.17713965402348,335.2300109863281,297.99909921484516,499.73833579713096,228.3764005514914,335.8800048828125,299.2746842518023,502.5154742767582,55824200,9619700,6846700,23624900
2025-09-15,235.82884216308594,338.9100036621094,303.1014099121094,511.1544189453125,237.31336381412066,339.2799987792969,304.1317175736464,511.26350676755015,234.16499028444412,336.2300109863281,301.4039041511534,502.8626547877709,236.1277410783948,336.30999755859375,301.4039041511534,504.63805606783444,42699500,10569900,7122000,17143800
2025-09-16,237.2735137939453,339.5899963378906,303.385986328125,504.885986328125,240.33222235518573,340.8800048828125,305.06387836899023,513.0091239663263,235.45026224943368,338.6199951171875,301.3646583866889,504.4495745277025,236.30708253667353,340.0899963378906,304.1807788708881,512.6620043570016,63421100,12161500,10525600,19711900
2025-09-17,238.11044311523438,336.9700012207031,305.89794921875,505.8579406738281,239.21635855568803,341.239990234375,307.03617773944126,507.1175961354426,236.85507060288438,335.5199890136719,302.973877849489,501.80132099339164,238.09051246512186,338.5299987792969,304.563492987762,506.4530503919847,46508000,16535300,8657800,15816600
2025-09-18,237.00450134277344,335.6199951171875,307.35015869140625,504.30078125,240.31227437025743,336.32000732421875,307.5562082549167,508.883074673213,235.77901734043184,333.80999755859375,303.79808700514394,503.5172196080818,239.0868055705458,336.2200012207031,305.93718750933925,507.31595138937655,44249600,14913300,8050700,18913700
2025-09-19,244.59646606445312,339.17999267578125,308.8710632324219,513.7034301757812,245.3935247988757,339.2300109863281,309.8719053836384,515.0622454615835,239.32594197772087,336.30999755859375,303.31730709863126,506.1456179521661,240.34217704154452,336.510009765625,307.7132209495945,506.39357782967863,163741300,14982600,23568600,52474100
2025-09-22,255.13751220703125,345.04998779296875,306.57501220703125,510.2518615722656,255.69547916115815,345.07000732421875,307.811369607681,513.5149918534414,247.2068166293636,341.8399963378906,303.74906954538335,508.3574141571104,247.38616206443075,342.75,303.9845547856156,511.38257317258103,105517400,12386400,7520200,20009300
2025-09-23,253.49359130859375,346.4599914550781,306.8693542480469,505.07440185546875,256.3928850249964,348.75,310.37234675445063,510.3906769190661,252.64672876089196,345.32000732421875,304.74989735202223,503.1700568391782,254.9382669065294,348.2300109863281,305.9666409066948,509.6070850287104,60275200,18384000,8584400,19799600
2025-09-24,251.38140869140625,343.32000732421875,307.5366516113281,505.9869079589844,254.79879299943292,346.8299865722656,310.637307339795,508.29788064425674,250.11607847800005,342.1400146484375,305.8195017253528,502.7832857896144,254.2807025242173,346.70001220703125,308.15480041671645,506.215041937542,42303700,12709100,7310500,13533700
2025-09-25,255.9246063232422,344.75,307.5660400390625,502.8923645019531,256.22352044118514,345.8299865722656,309.72472445454315,505.84805701475193,250.7836088309123,342.4700012207031,305.94698929656073,500.9186136455738,252.27808820484515,344.3900146484375,308.2234462682717,504.15198973027213,55202100,12639600,7083200,15786500
2025-09-26,254.51980590820312,346.739990234375,310.12701416015625,507.2861633300781,256.6519291955366,348.25,311.8441636854759,509.745935901324,252.84598111295833,345.30999755859375,307.8113297451866,502.4856643393456,253.16481067495934,345.8299865722656,308.988785738579,505.8975942449135,46076300,11698200,7258100,16213100
2025-09-29,253.49359130859375,352.4599914550781,309.76397705078125,510.4005126953125,254.06150078407975,352.8299865722656,312.0404339863167,512.6321512651683,252.07881928540593,351.2799987792969,307.7720847183659,504.7272205888506,253.62311772285494,351.7900085449219,311.10825508542985,507.3258348805616,40127700,15719600,6462400,17617800
2025-09-30,253.69287109375,355.4700012207031,309.50885009765625,513.7232666015625,254.97811672142575,355.57000732421875,311.45169300349573,513.9315141469417,252.17846100632588,350.8699951171875,304.28870810842403,505.5009089039439,253.92202035086734,351.1300048828125,310.31346452838187,509.05168089535164,37704300,13312400,11823300,19728200
2025-10-01,254.5098419189453,356.0299987792969,304.8774719238281,515.4688720703125,257.83756097799323,356.9700012207031,308.68464295873514,516.2623314762835,253.9917514638179,354.7900085449219,301.6394301376976,507.51430077675985,254.10134722927504,356.1700134277344,308.07628613361976,510.5989067561486,48713900,15573600,9235200,22632300
2025-10-02,256.18365478515625,354.7900085449219,301.7767639160156,511.53125,257.229778167004,358.6700134277344,304.7302708010082,517.3434144406598,253.21461153357077,351.3999938964844,300.3932583082978,506.51254498360566,255.63566078088252,358.260009765625,304.1807853263183,513.4157691025699,42630200,16162100,7600000,21222900
2025-10-03,257.07037353515625,357.6400146484375,304.2102355957031,513.1281127929688,258.2858846694617,358.1400146484375,305.80964265751953,516.2425031799986,253.01536064819075,355.79998779296875,302.4243927447969,510.7973143114264,253.73271197999827,357.1199951171875,302.718779227698,512.8801529316524,49155600,14464000,6029900,15112300
2025-10-06,255.74530029296875,364.3800048828125,304.8511047363281,524.256591796875,258.1165459888059,365.29998779296875,307.38512889871987,526.6965386672223,254.11133663097664,361.3699951171875,300.8578215934895,513.9712214168786,257.0405037108186,362.1600036621094,305.8371035459471,514.377848960065,44664100,17093700,7214500,21388600
2025-10-07,255.5360565185547,366.260009765625,303.38201904296875,519.7039794921875,256.45265350411205,367.2699890136719,305.66954382645594,525.4764919541412,254.48990271764998,364.54998779296875,300.4338918141804,517.1847292577561,255.86482860124664,366.510009765625,305.0187809092415,523.9788048028778,31955800,16836800,8454200,14615200
2025-10-08,257.1102294921875,372.29998779296875,299.7732238769531,520.56689453125,257.56852798749276,373.57000732421875,304.4567183318842,522.6497936321297,255.16739414069707,370.5,299.2999336047902,518.8213080060119,255.5758888188916,371.6499938964844,303.8946917756213,519.0097599169904,36496900,28052300,6489900,13363400
2025-10-09,253.10501098632812,365.42999267578125,301.252197265625,518.136962890625,257.0504430809132,373.2200012207031,303.72706376015515,520.0512058016051,252.20832947523735,362.8299865722656,299.14217558490407,513.1777655449532,256.86113993459566,373.1400146484375,300.7789070325195,518.07745494396,38322000,33674800,7060300,18343600
2025-10-10,244.3673095703125,369.1199951171875,296.6772155761719,506.790283203125,255.436420799504,370.30999755859375,306.1230715472904,519.3073226434543,243.10197943699816,365.44000244140625,296.5983188157025,505.47115003636685,254.00171816056968,367.5400085449219,301.3804193716138,515.3994727403434,61999100,24192800,8597400,24133800
2025-10-13,246.74851989746094,378.0899963378906,303.6580810546875,509.8550720214844,248.7710475029622,378.8599853515625,305.1272097801061,512.1957986627914,244.6562426215344,375.5799865722656,301.17337467050265,507.50441729945595,248.46219085423505,376.5,301.3212684867699,512.1957986627914,38142900,18514400,10788700,14284200
2025-10-14,246.8581085205078,380.7900085449219,297.85052490234375,509.3790283203125,247.93413549962378,382.3800048828125,302.70165257420854,511.07509568876407,243.79940008876653,377.8999938964844,290.0907186231138,501.87079590760095,245.69241642712313,378.2099914550781,301.5578902761218,506.0662879637401,35478000,18409600,16178800,14684300
2025-10-15,248.4223175048828,387.3900146484375,301.4100036621094,509.2401123046875,250.89320098009676,387.760009765625,307.7499693151439,512.9694382549203,246.55920477705152,384.5899963378906,301.1635039391426,505.838110317394,248.57177456170203,385.92999267578125,302.1002149225357,510.75765569343554,33893600,20598300,11354800,14694700
2025-10-16,246.53927612304688,396.45001220703125,294.3600769042969,507.4349670410156,248.1234206007849,396.8699951171875,304.35808863852304,512.6321960787722,244.2278226113223,390.3999938964844,292.9106575300408,503.9833851231019,247.33633482463924,391.1499938964844,301.0747260223031,508.3970827878481,39777000,33621400,10549400,15559600
2025-10-17,251.36146545410156,388.989990234375,293.3938293457031,509.3889465332031,252.44746537322095,397.2799987792969,295.3559575215809,511.2734052578957,246.35995200283696,385.2200012207031,290.08088749555986,503.1700935064365,247.10719170360767,397.1400146484375,294.97143359875633,504.8859867353243,49147000,62025000,10153500,19867800
2025-10-20,261.27484130859375,403.1499938964844,298.1265869140625,512.5726928710938,263.4069798400544,403.29998779296875,299.43798218705626,514.4671401409408,254.68918336894043,394.20001220703125,293.9854099500461,509.2401268135401,254.94822099113512,397.45001220703125,294.32064593592156,510.41049011219013,90483000,34523000,6894900,14665600
2025-10-21,261.8028869628906,377.239990234375,292.93035888671875,513.4356079101562,264.3136317818121,388.8900146484375,299.7929016175946,514.4572316509175,260.86634411857244,375.6499938964844,292.841622611914,508.8533142722573,260.9161783410852,386.5400085449219,297.43638030144115,513.2769402267872,46695900,54101400,7372700,15586200
2025-10-22,257.4988098144531,377.2799987792969,289.99212646484375,516.2921142578125,261.882609922878,378.4700012207031,293.88683421544886,520.943843958813,254.4899051977633,368.92999267578125,286.47213320670807,513.4852520447155,261.6833338430701,372.75,293.60088610479784,516.8971823641815,45015300,30524100,8054100,18962700
2025-10-23,258.6246032714844,378.7900085449219,290.4161071777344,516.3118896484375,259.66078406832133,382.25,292.2204718178062,519.6742395740552,257.06040475940137,378.6499938964844,288.4145307332595,514.3777908083965,258.98329410338334,381.4599914550781,290.25834375227123,518.1964086283891,32754900,13695500,5438800,14023500
2025-10-24,261.85272216796875,377.5199890136719,296.2334899902344,519.3369750976562,263.15789839957887,380.7699890136719,298.36325106738366,521.0627658394295,258.22610426270086,376.80999755859375,291.31336547241364,516.4606773737235,260.2287163700197,378.510009765625,291.93451945757295,518.5236595856693,38253700,13263800,7228300,15532400
2025-10-27,267.8206787109375,367.010009765625,299.89154052734375,527.1824951171875,268.1295353654346,371.5899963378906,300.2662249001909,530.2175212473691,263.67598537979285,365.3399963378906,296.7955198233114,524.6929685473742,263.90514984178776,371.1300048828125,297.92941246883,527.440383046071,44888200,23657600,5642200,18734700
2025-10-28,268.0099792480469,364.3800048828125,301.0845947265625,537.6464233398438,268.89671830922975,365.29998779296875,303.6580673748709,549.2013167264516,267.1631014853557,360.1199951171875,298.915415308335,536.3570441492753,268.00000632210845,361.80999755859375,300.59159530101573,545.511702993095,41534800,19257600,6336000,29986700
2025-10-29,268.7073974609375,363.0,301.2325134277344,537.130615234375,270.4110953948544,370.0799865722656,303.93414060421026,541.8121286840217,266.1269030442272,361.3599853515625,298.7675163425421,532.3499420595073,268.28892986747474,369.6499938964844,299.2605157595805,540.4929653309738,51086700,18891800,7520300,36023000
2025-10-30,270.401123046875,370.1300048828125,305.1075134277344,521.469482421875,273.1310593223432,370.3599853515625,308.233113206998,530.6042843733296,267.49188695276854,364.5,300.8282816526182,517.8591725476514,270.98894793982623,365.0899963378906,301.50862332627236,526.150935240438,69886500,14812800,7514600,41023100
2025-10-31,269.37493896484375,368.1199951171875,306.76397705078125,513.5844116210938,276.29937269597025,370.6600036621094,308.48947514882747,525.0004940086545,268.16940070155243,365.5,302.9481660712639,510.89650476941233,275.9705701844509,370.4700012207031,304.220113094536,524.5640822050067,86167100,11077900,7721300,34006400
2025-11-03,268.05975341796875,368.7799987792969,305.0187683105469,512.810791015625,269.8531467885877,370.8399963378906,307.9471862719047,520.6760707602963,265.2700709373508,367.5400085449219,301.9227172950412,510.3907002836433,269.424736694289,368.9100036621094,306.6456604912348,515.5680732671589,50194600,7254300,7770000,22374700
2025-11-04,269.0461730957031,362.32000732421875,304.920166015625,510.13275146484375,270.49081837885313,365.739990234375,307.84858401169095,511.34276641791416,266.6350661079627,361.3900146484375,300.82827651560933,503.6956934801851,267.3424445625432,363.4800109863281,302.415720333495,507.5837170627558,49274800,11540100,7085200,20958700
2025-11-05,269.14581298828125,366.510009765625,307.31610107421875,503.02130126953125,270.7000692568828,367.1000061035156,308.71623262048166,510.6287232020861,265.94760492323326,364.6499938964844,301.35082032546103,502.4460174356622,267.6214146886098,366.3900146484375,305.2750763211935,509.11117977922714,43683100,8357300,6865200,23024300
2025-11-06,268.7771301269531,366.07000732421875,309.03179931640625,493.0434265136719,272.3937751745226,368.17999267578125,310.4319009529449,501.5732523540539,266.90407480138714,364.70001220703125,305.9160390722913,491.7639450704796,266.90407480138714,367.1600036621094,306.63579903674446,501.5335702984596,51204000,6891100,7206100,27406500
2025-11-07,267.48193359375,368.30999755859375,309.8106689453125,492.76568603515625,271.2878818962731,370.4200134277344,310.02758988101914,495.30479262227396,265.7881780523408,366.4200134277344,303.3326798145578,489.2248119110569,268.80702532983145,367.94000244140625,307.5231746391179,492.89463000746537,48227400,11060400,7302300,24019800
2025-11-10,268.6986083984375,378.3800048828125,312.4532165527344,501.8707580566406,272.9869540449525,378.6600036621094,315.0858168552232,502.7138276367279,266.7339548671466,374.7799987792969,309.810716541713,494.72950196106785,268.22988302493957,375.92999267578125,310.58966412464275,495.95940345274505,41312400,13456200,5794100,26101500
2025-11-11,274.5028076171875,379.8699951171875,311.2009582519531,504.5289001464844,275.16101963639426,380.3999938964844,314.58292715130625,505.4414057875519,269.0675899882029,376.8699951171875,310.86572224729366,498.2505695472254,269.07757258136417,379.9800109863281,313.05464094031504,500.68055811559174,46208300,10753200,5030200,17980000
2025-11-12,272.7276611328125,385.989990234375,315.9239196777344,506.9688415527344,274.9815360542478,387.4599914550781,317.7381540918137,507.494515261433,270.9624767916609,379.44000244140625,311.78271214996033,495.0469117437556,274.2535066981436,380.07000732421875,311.8320301504691,505.203338237195,48398000,16203700,10578300,26574900
2025-11-13,272.2090759277344,382.8699951171875,305.1469421386719,499.1828918457031,275.9488963676571,388.17999267578125,316.14082355780937,509.3095642884979,271.3513946141157,381.2099914550781,304.7722577523736,497.1992129195551,273.36590026791555,387.2900085449219,314.7604311532612,506.1455939798088,49602800,15867900,8973300,25273100
2025-11-14,271.6705017089844,375.9599914550781,299.3591003417969,506.0166320800781,275.21085247368256,378.20001220703125,303.3327046462357,507.42505738590404,268.8681323529343,370.8900146484375,297.0124483237873,493.38060745410195,270.31417782757546,372.8699951171875,303.20451997960254,494.16416907736203,47431300,15198000,10327000,28505700
2025-11-17,266.73394775390625,371.6499938964844,296.1644592285156,503.34857177734375,269.7557213346742,375.4599914550781,301.31137424610444,507.9407930820625,265.00866346949266,368.5199890136719,293.5022804823602,500.78963942134817,268.09027174019775,374.0400085449219,299.74363974118836,504.3007594029326,45018300,13295200,8344000,19092800
2025-11-18,266.7140197753906,374.3500061035156,295.2178955078125,489.76043701171875,269.9751321987233,375.5400085449219,298.70833958092004,498.87544447228873,264.59977951795884,371.6199951171875,292.86134400280395,482.8076324047851,269.2570854665072,374.8299865722656,295.30663178632864,491.3275301094218,45677300,7818800,8077300,33815100
2025-11-19,267.8309631347656,374.9599914550781,299.02386474609375,483.14483642578125,271.47104873805114,380.1700134277344,300.1873662746028,491.14898819063853,264.77927226211665,373.0299987792969,295.0798692888629,478.88983663624714,264.80918960656476,377.7799987792969,295.5432899586994,486.1005289347495,40424500,10980400,5546600,23245300
2025-11-20,265.5272521972656,374.8500061035156,294.20233154296875,475.41387939453125,274.68232536305425,377.69000244140625,305.5807663052954,490.45844852333465,265.1981613886433,371.8500061035156,293.9854105998292,472.50235794747454,270.09480618650156,375.2900085449219,302.05087369332443,489.60385435710714,45823600,10506500,7501600,26802500
2025-11-21,270.75299072265625,374.2699890136719,293.84735107421875,469.1436462402344,272.5879921198442,377.2300109863281,297.456110287291,475.9007957312625,264.9488130991126,372.94000244140625,288.71030575970536,465.3179114267742,265.2280517805383,374.0299987792969,297.0715864028587,475.4834301610789,59030800,13194600,11766800,31769200
2025-11-24,275.1709899902344,380.20001220703125,293.8276672363281,471.0118103027344,276.24804478801667,380.2799987792969,295.6221924256846,473.89352206444323,270.16459800357205,374.19000244140625,290.386540762355,465.0694984877541,270.16459800357205,374.8800048828125,294.0642973394352,472.0055061050608,65585800,10085300,10940200,34421000
2025-11-25,276.2181701660156,380.0799865722656,298.75762939453125,473.9829406738281,279.6189174225992,382.5199890136719,300.2366275598507,476.12932719889915,274.50283786370125,378.05999755859375,291.4217960873232,461.9592459889855,274.52277261748515,380.260009765625,295.84892096661844,471.08136597664605,46914200,10462800,8877200,28019800
2025-11-26,276.79656982421875,383.1199951171875,303.33270263671875,482.4393310546875,278.7712060098946,383.7799987792969,304.21022597199055,485.23161394332453,275.8790842359358,380.4599914550781,298.95486530692773,478.1664510662567,276.2081750495132,381.05999755859375,300.7296512123902,483.244222260298,33431400,9184100,7910900,25709100
2025-11-28,278.0930480957031,387.8800048828125,308.696533203125,488.9082946777344,278.242634823177,388.0,309.3275869646093,489.5243812398697,275.2407959413455,384.989990234375,303.9243019705234,483.5820692635899,276.50736791500816,385.9800109863281,304.77227670123045,484.5260924315005,20135600,7175400,4322400,14386700
2025-12-01,282.3315124511719,389.75,304.59478759765625,483.6715087890625,282.65065109438723,390.70001220703125,309.6430970545817,486.77183499200703,275.3904143522869,388.05999755859375,304.2201032083801,481.59468809959253,277.2553332443013,390.6099853515625,308.5683618849884,485.3608038657598,46587700,11177100,7727300,23964000
2025-12-02,285.4131164550781,387.239990234375,303.5693359375,486.91094970703125,286.619823290159,388.9800109863281,306.1329390093465,490.38888506208144,281.86278279875575,382.9100036621094,302.7903884074122,483.2541563831954,282.231773534172,388.8699951171875,304.4172805196406,483.6516286444489,53669500,8103900,7249000,19562700
2025-12-03,283.378662109375,386.8800048828125,307.75982666015625,474.71832275390625,287.8365294074879,390.1300048828125,307.98658713845214,481.18726202656165,282.5309633672564,385.8299865722656,302.50443592551073,472.20427350128017,285.4231155973949,388.4599914550781,302.89885953876745,473.31720798581483,43538700,7886800,8535300,34615100
2025-12-04,279.9380187988281,387.1300048828125,311.67425537109375,477.8087158203125,283.95707766942763,388.0,314.0307770729326,478.28570075231454,277.83373081751637,385.3999938964844,308.61765279183703,473.48613274494215,283.3287830094401,386.9200134277344,308.8740221323167,476.7355376297969,43989100,6754400,9627800,22318200
2025-12-05,278.0232238769531,386.44000244140625,310.62908935546875,480.11407470703125,280.37683325787106,391.739990234375,314.02092784192007,480.35255199911325,277.2951945750906,386.17999267578125,310.2741141188276,475.86105782216015,279.77845592816414,389.1199951171875,311.22069468967254,479.4780948278929,47265800,9449800,6518900,22608700
2025-12-08,277.1356506347656,385.4200134277344,310.79669189453125,487.92449951171875,278.9108174051644,387.239990234375,312.0390600856641,489.19642891935564,275.4003533668138,384.010009765625,308.96274846028484,481.3263751862239,277.374989388386,387.0199890136719,310.64879808375287,481.8331697469475,38211800,6822100,7417200,21965900
2025-12-09,276.42755126953125,387.3999938964844,296.3025207519531,488.918212890625,279.26982065807096,388.2099914550781,314.33641785317275,489.0175885389743,276.16827776921565,385.2699890136719,295.8193608594167,485.4204144751398,277.4049018876359,385.6199951171875,310.54034639506574,486.01663804004494,32193300,6358700,18049200,14696100
2025-12-10,278.0232238769531,389.04998779296875,305.7680969238281,475.5430603027344,278.9905919368044,389.760009765625,306.8329925602339,481.19719183884354,275.68957968235776,384.5,294.2812160390869,472.084987996716,276.9960211276047,385.95001220703125,296.2926621709551,480.97857754952304,33038300,9120500,18874100,35756200
2025-12-11,277.2752685546875,393.239990234375,312.9363098144531,480.422119140625,278.8310314000742,394.0899963378906,313.5476242674454,482.96597801292137,273.0667227973629,388.5,304.9102649889192,472.86007818396723,278.34237127554803,389.0199890136719,304.9102649889192,473.6252433732215,33248000,11240600,9721900,24669200
2025-12-12,277.52459716796875,395.44000244140625,314.0603332519531,475.51324462890625,278.4620479370953,400.3900146484375,315.7858311866128,479.40854546431024,276.0685689150702,391.4700012207031,312.16723236849225,473.3370484252935,277.14562382282355,399.1600036621094,315.2040954937631,476.79512068758515,39532900,16792100,8982900,21248100
2025-12-15,273.3658752441406,395.79998779296875,315.53936767578125,471.8266296386719,279.3894873363706,398.7099914550781,318.35934027084556,477.6894285774835,272.0993337942639,394.07000732421875,313.9322146909975,469.5411111878212,279.3894873363706,397.760009765625,315.11539535630396,477.0733420562278,50409100,11345000,10864100,23727700
2025-12-16,273.8645324707031,395.8900146484375,311.13189697265625,473.38677978515625,274.752131096348,398.7099914550781,315.0463132571263,474.87732355778707,271.0522107383373,394.5899963378906,309.99800441565543,467.911505956298,272.07941349564567,397.75,314.6223410116007,468.9350114671635,37648600,9201600,8331300,20705600
2025-12-17,271.10205078125,399.2900085449219,310.5699462890625,473.1184387207031,275.41033087528734,399.9800109863281,314.8984658400699,476.9739832708393,270.9026119684932,397.25,310.2544194174254,472.0055042784347,274.2634587890498,398.0799865722656,313.9716244610726,473.903466892556,50138700,10456900,8718700,24527200
2025-12-18,271.4511413574219,398.57000732421875,308.6176452636719,480.9289245605469,272.88723490520505,402.2099914550781,313.2518519730792,486.51349034093164,266.22537510199504,396.04998779296875,307.84856735129125,474.87732052138307,272.8672697170699,398.2799987792969,311.57564186364317,475.1754171439269,51630700,11837600,11444900,28573500
2025-12-19,272.9271240234375,399.0199890136719,312.7686767578125,482.8566589355469,273.8545921928022,400.6300048828125,314.099781180705,484.77448448182145,269.1673383776201,397.1700134277344,308.8049723403709,479.4482594182398,271.4112306527045,397.9200134277344,309.39657764946713,484.2875529363844,144632000,9894800,24494400,70836100
2025-12-22,270.23443603515625,408.2300109863281,318.56634521484375,481.8630065917969,273.13654030849926,408.5199890136719,318.7043994886834,485.64898536737695,269.7756932559407,405.7200012207031,313.0644852104395,479.6470539215635,272.1192896847017,406.9800109863281,313.0644852104395,483.0554234208069,36571800,14202100,8354600,16963000
2025-12-23,271.62066650390625,413.6400146484375,321.3666076660156,483.7807922363281,271.7603010837797,413.760009765625,323.1907116116738,484.75459468390824,268.8282792538215,407.1000061035156,318.56637445826755,481.6840783901604,270.1048034873943,410.29998779296875,319.07908304324746,481.922585996358,29642000,13193300,6668300,14683600
2025-12-24,273.06671142578125,411.92999267578125,324.5612487792969,484.9433898925781,274.6823088952694,412.6300048828125,325.36974495293686,486.0762176057581,271.46109654935304,408.8299865722656,320.9426198260136,481.77349801821515,271.60070067851706,412.25,321.6722493328215,482.6181454723109,17910600,6718400,4289300,5855900
2025-12-26,272.6578369140625,416.739990234375,323.3188781738281,484.6353454589844,274.6224904749486,418.45001220703125,326.2275566521161,485.04276435526947,272.11929424741834,414.75,321.96806459862194,482.8963778974979,273.41578359787746,416.4800109863281,324.502058709128,483.6416497095635,21521800,10476200,4158300,8842200
2025-12-29,273.0168762207031,398.6000061035156,319.2171325683594,484.02923583984375,273.61522314661676,403.760009765625,323.1808371734579,485.27135560420123,271.6107000753325,395.3299865722656,319.0002116144308,481.1276307272214,271.9497734782625,403.6600036621094,322.4216288798564,481.80333660098637,23715200,20679200,8635300,10893400
2025-12-30,272.3387145996094,398.8900146484375,318.8917541503906,484.4068603515625,273.3360001129787,403.79998779296875,320.3904615362508,486.5929730105466,271.54089836280934,398.55999755859375,317.97475237184364,482.43933166580535,272.0694584675055,403.6000061035156,320.2622768741799,482.8666136001516,22139600,10179000,7904300,13944500
2025-12-31,271.12200927734375,396.30999755859375,317.70855712890625,480.5711669921875,272.9370761103812,400.1300048828125,320.3313177342217,485.06269150087525,271.0123224859311,395.5899963378906,317.5310845539587,480.25317705215497,272.3187639976345,398.6000061035156,319.79886991908165,484.7645645601486,27293600,10194700,5048500,15601600
